,Day,Cash,Portfolio,Total,Open,Close,High,Low,Signal,Target price,Tag,MDD
0,2009-11-30,10000.0,0.0,10000.0,7400,7545,7545,7400,0.0,7545,0,0
1,2009-12-01,10000.0,0.0,10000.0,7560,7840,7840,7425,0.0,7840,0,0
2,2009-12-02,10000.0,0.0,10000.0,7850,7750,7875,7680,0.0,7750,0,0
3,2009-12-03,10000.0,0.0,10000.0,7755,7795,7795,7710,0.0,7795,0,0
4,2009-12-04,10000.0,0.0,10000.0,7795,7860,7890,7795,0.0,7860,0,0
5,2009-12-07,10000.0,0.0,10000.0,7860,7920,7940,7860,0.0,7920,0,0
6,2009-12-08,10000.0,0.0,10000.0,7960,7900,7960,7895,0.0,7900,0,0
7,2009-12-09,10000.0,0.0,10000.0,7870,7920,7920,7840,0.0,7920,0,0
8,2009-12-10,10000.0,0.0,10000.0,7920,7885,7965,7835,0.0,7885,0,0
9,2009-12-11,10000.0,0.0,10000.0,7885,8105,8135,7885,0.0,8105,0,0
10,2009-12-14,10000.0,0.0,10000.0,8145,8145,8145,8040,0.0,8145,0,0
11,2009-12-15,10000.0,0.0,10000.0,8195,8125,8195,8075,0.0,8125,0,0
12,2009-12-16,10000.0,0.0,10000.0,8120,8035,8120,7970,0.0,8035,0,0
13,2009-12-17,10000.0,0.0,10000.0,8035,8010,8095,7980,0.0,8010,0,0
14,2009-12-18,10000.0,0.0,10000.0,7860,7940,7965,7860,0.0,7940,0,0
15,2009-12-21,10000.0,0.0,10000.0,7940,7955,8000,7920,0.0,7955,0,0
16,2009-12-22,10000.0,0.0,10000.0,8000,7915,8010,7915,0.0,7915,0,0
17,2009-12-23,10000.0,0.0,10000.0,7950,7990,8000,7945,0.0,7990,0,0
18,2009-12-24,10000.0,0.0,10000.0,7990,8075,8090,7990,0.0,8075,0,0
19,2009-12-28,10000.0,0.0,10000.0,8195,8035,8195,8005,0.0,8035,0,0
20,2009-12-29,10000.0,0.0,10000.0,7900,8100,8140,7900,0.0,8100,0,0
21,2009-12-30,10000.0,0.0,10000.0,8100,8200,8200,8020,0.0,8200,0,0
22,2010-01-04,10000.0,0.0,10000.0,8200,8200,8235,8185,0.0,8200,0,0
23,2010-01-05,10000.0,0.0,10000.0,8300,8280,8340,8265,0.0,8280,0,0
24,2010-01-06,10000.0,0.0,10000.0,8350,8430,8450,8350,0.0,8430,0,0
25,2010-01-07,10000.0,0.0,10000.0,8500,8325,8505,8320,0.0,8325,0,0
26,2010-01-08,10000.0,0.0,10000.0,8325,8420,8420,8210,0.0,8420,0,0
27,2010-01-11,10000.0,0.0,10000.0,8380,8430,8450,8380,0.0,8430,0,0
28,2010-01-12,10000.0,0.0,10000.0,8430,8395,8440,8300,0.0,8395,0,0
29,2010-01-13,10000.0,0.0,10000.0,8395,8210,8395,8210,0.0,8210,0,0
30,2010-01-14,10000.0,0.0,10000.0,8500,8335,8500,8240,0.0,8335,0,0
31,2010-01-15,10000.0,0.0,10000.0,8335,8355,8440,8335,0.0,8355,0,0
32,2010-01-18,10000.0,0.0,10000.0,8320,8460,8500,7105,0.0,8460,0,0
33,2010-01-19,10000.0,0.0,10000.0,8500,8475,8525,8410,0.0,8475,0,0
34,2010-01-20,10000.0,0.0,10000.0,8495,8300,8500,8300,0.0,8300,0,0
35,2010-01-21,10000.0,0.0,10000.0,8300,8245,8300,8140,0.0,8245,0,0
36,2010-01-22,10000.0,0.0,10000.0,8200,8095,8245,8050,0.0,8095,0,0
37,2010-01-25,10000.0,0.0,10000.0,7975,7930,8030,7895,0.0,7930,0,0
38,2010-01-26,10000.0,0.0,10000.0,7960,7790,7980,7745,-1.0,7790,0,0
39,2010-01-27,10000.0,0.0,10000.0,7790,7740,7840,7700,0.0,7740,0,0
40,2010-01-28,10000.0,0.0,10000.0,7895,7825,7895,7710,0.0,7825,0,0
41,2010-01-29,10000.0,0.0,10000.0,7820,7545,7820,7540,0.0,7545,0,0
42,2010-02-01,10000.0,0.0,10000.0,7600,7605,8090,7480,0.0,7605,0,0
43,2010-02-02,10000.0,0.0,10000.0,7805,7560,7805,7515,0.0,7560,0,0
44,2010-02-03,10000.0,0.0,10000.0,7640,7675,7690,7595,0.0,7675,0,0
45,2010-02-04,10000.0,0.0,10000.0,7800,7630,7800,7565,0.0,7630,0,0
46,2010-02-05,10000.0,0.0,10000.0,7325,7465,7470,7300,0.0,7465,0,0
47,2010-02-08,10000.0,0.0,10000.0,7600,7360,7600,7340,0.0,7360,0,0
48,2010-02-09,10000.0,0.0,10000.0,7260,7470,7470,7260,0.0,7470,0,0
49,2010-02-10,10000.0,0.0,10000.0,7550,7490,7550,7420,0.0,7490,0,0
50,2010-02-11,10000.0,0.0,10000.0,7470,7610,7620,7470,0.0,7610,0,0
51,2010-02-12,10000.0,0.0,10000.0,7620,7620,7650,7595,0.0,7620,0,0
52,2010-02-16,10000.0,0.0,10000.0,7580,7670,7705,7580,0.0,7670,0,0
53,2010-02-17,10000.0,0.0,10000.0,7750,7820,7845,7750,0.0,7820,0,0
54,2010-02-18,10000.0,0.0,10000.0,7870,7760,7870,7740,0.0,7760,0,0
55,2010-02-19,10000.0,0.0,10000.0,7700,7615,7800,7565,0.0,7615,0,0
56,2010-02-22,10000.0,0.0,10000.0,7680,7795,7795,7680,0.0,7795,0,0
57,2010-02-23,10000.0,0.0,10000.0,7730,7800,7800,7730,0.0,7800,0,0
58,2010-02-24,10000.0,0.0,10000.0,7715,7785,7800,7700,0.0,7785,0,0
59,2010-02-25,10000.0,0.0,10000.0,7880,7780,7880,7725,0.0,7780,0,0
60,2010-02-26,10000.0,0.0,10000.0,7780,7850,7850,7740,0.0,7850,0,0
61,2010-03-02,70.84000000000015,9928.8,9999.64,7920,7880,7920,7850,1.0,7880,0,0
62,2010-03-03,70.84000000000015,9954.0,10024.84,7900,7900,7905,7860,0.0,7900,0,0
63,2010-03-04,70.84000000000015,9960.3,10031.14,7905,7905,7950,7905,0.0,7905,0,0
64,2010-03-05,70.84000000000015,10149.3,10220.14,7940,8055,8055,7940,0.0,8055,0,0
65,2010-03-08,70.84000000000015,10206.0,10276.84,8150,8100,8150,7700,0.0,8100,0,0
66,2010-03-09,70.84000000000015,10281.6,10352.44,8160,8160,8160,8060,0.0,8160,0,0
67,2010-03-10,70.84000000000015,10382.4,10453.24,8160,8240,8250,8130,0.0,8240,0,0
68,2010-03-11,70.84000000000015,10369.8,10440.64,8240,8230,8260,8200,0.0,8230,0,0
69,2010-03-12,70.84000000000015,10350.9,10421.74,8185,8215,8240,8185,0.0,8215,0,0
70,2010-03-15,70.84000000000015,10287.9,10358.74,8170,8165,8250,8165,0.0,8165,0,0
71,2010-03-16,70.84000000000015,10287.9,10358.74,8165,8165,8180,8150,0.0,8165,0,0
72,2010-03-17,70.84000000000015,10464.3,10535.14,8260,8305,8320,8250,0.0,8305,0,0
73,2010-03-18,70.84000000000015,10609.2,10680.04,8205,8420,8430,8205,0.0,8420,0,0
74,2010-03-19,70.84000000000015,10621.8,10692.64,8360,8430,8435,8310,0.0,8430,0,0
75,2010-03-22,70.84000000000015,10590.3,10661.14,8350,8405,8425,8350,0.0,8405,0,0
76,2010-03-23,70.84000000000015,10476.9,10547.74,8415,8315,8415,8255,0.0,8315,0,0
77,2010-03-24,70.84000000000015,10388.7,10459.54,8360,8245,8360,7995,0.0,8245,0,0
78,2010-03-25,70.84000000000015,10420.2,10491.04,8245,8270,8270,8235,0.0,8270,0,0
79,2010-03-26,70.84000000000015,10533.6,10604.44,8270,8360,8360,8270,0.0,8360,0,0
80,2010-03-29,70.84000000000015,10546.2,10617.04,8280,8370,8390,8280,0.0,8370,0,0
81,2010-03-30,70.84000000000015,10571.4,10642.24,8370,8390,8405,8370,0.0,8390,0,0
82,2010-03-31,70.84000000000015,10508.4,10579.24,8370,8340,8390,8340,0.0,8340,0,0
83,2010-04-01,70.84000000000015,10647.0,10717.84,8340,8450,8450,8340,0.0,8450,0,0
84,2010-04-02,70.84000000000015,10697.4,10768.24,8600,8490,8600,8410,0.0,8490,0,0
85,2010-04-05,70.84000000000015,10659.6,10730.44,8570,8460,8570,8400,0.0,8460,0,0
86,2010-04-06,70.84000000000015,10602.9,10673.74,8450,8415,8515,8340,0.0,8415,0,0
87,2010-04-07,70.84000000000015,10823.4,10894.24,8495,8590,8590,8430,0.0,8590,0,0
88,2010-04-08,70.84000000000015,10930.5,11001.34,8590,8675,8675,8550,0.0,8675,0,0
89,2010-04-09,70.84000000000015,10911.6,10982.44,8800,8660,8800,8555,0.0,8660,0,0
90,2010-04-12,70.84000000000015,10854.9,10925.74,8700,8615,8720,8560,0.0,8615,0,0
91,2010-04-13,70.84000000000015,10817.1,10887.94,8610,8585,8635,8525,0.0,8585,0,0
92,2010-04-14,70.84000000000015,10842.3,10913.14,8590,8605,8670,8575,0.0,8605,0,0
93,2010-04-15,70.84000000000015,10810.8,10881.64,8580,8580,8640,8520,0.0,8580,0,0
94,2010-04-16,70.84000000000015,10854.9,10925.74,8580,8615,8625,8555,0.0,8615,0,0
95,2010-04-19,70.84000000000015,10634.4,10705.24,8500,8440,8550,8410,0.0,8440,0,0
96,2010-04-20,70.84000000000015,10647.0,10717.84,8550,8450,8550,8360,0.0,8450,0,0
97,2010-04-21,70.84000000000015,11050.2,11121.04,8715,8770,8770,8590,0.0,8770,0,0
98,2010-04-22,70.84000000000015,11182.5,11253.34,8720,8875,8890,8715,0.0,8875,0,0
99,2010-04-23,70.84000000000015,11188.8,11259.64,8875,8880,8910,8850,0.0,8880,0,0
100,2010-04-26,70.84000000000015,11302.2,11373.04,8880,8970,8970,8850,0.0,8970,0,0
101,2010-04-27,70.84000000000015,11283.3,11354.14,8970,8955,8990,8915,0.0,8955,0,0
102,2010-04-28,70.84000000000015,11453.4,11524.24,8910,9090,9090,8760,0.0,9090,0,0
103,2010-04-29,70.84000000000015,11220.3,11291.14,9120,8905,9120,8855,0.0,8905,0,0
104,2010-04-30,70.84000000000015,11377.8,11448.64,8860,9030,9030,8860,0.0,9030,0,0
105,2010-05-03,70.84000000000015,11340.0,11410.84,8980,9000,9055,8925,0.0,9000,0,0
106,2010-05-04,70.84000000000015,11377.8,11448.64,9075,9030,9080,8970,0.0,9030,0,0
107,2010-05-06,70.84000000000015,11088.0,11158.84,8800,8800,8860,8705,0.0,8800,0,0
108,2010-05-07,70.84000000000015,10924.2,10995.04,8755,8670,8755,8515,0.0,8670,0,0
109,2010-05-10,70.84000000000015,11088.0,11158.84,8510,8800,8800,8510,0.0,8800,0,0
110,2010-05-11,70.84000000000015,11106.9,11177.74,8890,8815,8930,8750,0.0,8815,0,0
111,2010-05-12,70.84000000000015,11232.9,11303.74,8775,8915,8950,8775,0.0,8915,0,0
112,2010-05-13,70.84000000000015,11283.3,11354.14,8995,8955,8995,8915,0.0,8955,0,0
113,2010-05-14,70.84000000000015,11333.7,11404.54,8915,8995,8995,8855,0.0,8995,0,0
114,2010-05-17,70.84000000000015,10999.8,11070.64,9085,8730,9085,8620,0.0,8730,0,0
115,2010-05-18,70.84000000000015,10766.7,10837.54,8730,8545,8745,8450,0.0,8545,0,0
116,2010-05-19,11063.939880574,0.0,11063.939880574,8725,8440,8725,8230,-1.0,8440,0,0
117,2010-05-20,11063.939880574,0.0,11063.939880574,8395,8175,8460,8120,0.0,8175,0,0
118,2010-05-24,11063.939880574,0.0,11063.939880574,8390,8215,8390,8100,0.0,8215,0,0
119,2010-05-25,11063.939880574,0.0,11063.939880574,8170,8035,8170,7800,0.0,8035,0,0
120,2010-05-26,11063.939880574,0.0,11063.939880574,8035,8100,8100,7950,0.0,8100,0,0
121,2010-05-27,11063.939880574,0.0,11063.939880574,8100,8235,8250,8055,0.0,8235,0,0
122,2010-05-28,11063.939880574,0.0,11063.939880574,8320,8370,8370,8300,0.0,8370,0,0
123,2010-05-31,11063.939880574,0.0,11063.939880574,8455,8525,8525,8420,0.0,8525,0,0
124,2010-06-01,11063.939880574,0.0,11063.939880574,8525,8450,8525,8385,0.0,8450,0,0
125,2010-06-03,11063.939880574,0.0,11063.939880574,8550,8580,8580,8500,0.0,8580,0,0
126,2010-06-04,11063.939880574,0.0,11063.939880574,8580,8700,8730,8580,0.0,8700,0,0
127,2010-06-07,11063.939880574,0.0,11063.939880574,8350,8540,8580,8350,0.0,8540,0,0
128,2010-06-08,11063.939880574,0.0,11063.939880574,8530,8615,8670,8530,0.0,8615,0,0
129,2010-06-09,11063.939880574,0.0,11063.939880574,8700,8660,8705,8640,0.0,8660,0,0
130,2010-06-10,33.589880573999835,11029.95,11063.539880574,8670,8685,8700,8615,1.0,8685,0,0
131,2010-06-11,33.589880573999835,11112.5,11146.089880574,8750,8750,8840,8695,0.0,8750,0,0
132,2010-06-14,33.589880573999835,11176.0,11209.589880574,8800,8800,8800,8750,0.0,8800,0,0
133,2010-06-15,33.589880573999835,11303.0,11336.589880574,8890,8900,8900,8820,0.0,8900,0,0
134,2010-06-16,33.589880573999835,11474.45,11508.039880574,8990,9035,9080,8990,0.0,9035,0,0
135,2010-06-17,33.589880573999835,11626.85,11660.439880574,9035,9155,9190,9035,0.0,9155,0,0
136,2010-06-18,33.589880573999835,11722.1,11755.689880574,9200,9230,9230,9175,0.0,9230,0,0
137,2010-06-21,33.589880573999835,11988.8,12022.389880574,9325,9440,9440,9285,0.0,9440,0,0
138,2010-06-22,33.589880573999835,11931.65,11965.239880574,9495,9395,9495,9370,0.0,9395,0,0
139,2010-06-23,33.589880573999835,12001.5,12035.089880574,9400,9450,9480,9380,0.0,9450,0,0
140,2010-06-24,33.589880573999835,12122.15,12155.739880574,9450,9545,9545,9325,0.0,9545,0,0
141,2010-06-25,33.589880573999835,12014.2,12047.789880574,9495,9460,9550,9440,0.0,9460,0,0
142,2010-06-28,33.589880573999835,12065.0,12098.589880574,9460,9500,9550,9455,0.0,9500,0,0
143,2010-06-29,33.589880573999835,11957.05,11990.639880574,9590,9415,9610,9400,0.0,9415,0,0
144,2010-06-30,33.589880573999835,11893.55,11927.139880574,9340,9365,9365,9085,0.0,9365,0,0
145,2010-07-01,33.589880573999835,12026.9,12060.489880574,9365,9470,9470,9235,0.0,9470,0,0
146,2010-07-02,33.589880573999835,11696.7,11730.289880574,9475,9210,9500,9150,0.0,9210,0,0
147,2010-07-05,33.589880573999835,11607.8,11641.389880574,9210,9140,9210,9015,0.0,9140,0,0
148,2010-07-06,33.589880573999835,11677.65,11711.239880574,9140,9195,9200,8960,0.0,9195,0,0
149,2010-07-07,33.589880573999835,11696.7,11730.289880574,9150,9210,9280,9150,0.0,9210,0,0
150,2010-07-08,33.589880573999835,11976.1,12009.689880574,9370,9430,9440,9370,0.0,9430,0,0
151,2010-07-09,33.589880573999835,12058.65,12092.239880574,9500,9495,9500,9370,0.0,9495,0,0
152,2010-07-12,33.589880573999835,12331.7,12365.289880574,9500,9710,9730,9500,0.0,9710,0,0
153,2010-07-13,33.589880573999835,12388.85,12422.439880574,9750,9755,9860,9720,0.0,9755,0,0
154,2010-07-14,33.589880573999835,12566.65,12600.239880574,9760,9895,9960,9760,0.0,9895,0,0
155,2010-07-15,33.589880573999835,12617.45,12651.039880574,9920,9935,9935,9830,0.0,9935,0,0
156,2010-07-16,33.589880573999835,12623.8,12657.389880574,10035,9940,10045,9930,0.0,9940,0,0
157,2010-07-19,33.589880573999835,12674.6,12708.189880574,10000,9980,10000,9900,0.0,9980,0,0
158,2010-07-20,33.589880573999835,12623.8,12657.389880574,10000,9940,10000,9830,0.0,9940,0,0
159,2010-07-21,33.589880573999835,12871.45,12905.039880574,10040,10135,10135,10040,0.0,10135,0,0
160,2010-07-22,33.589880573999835,12973.05,13006.639880574,10150,10215,10340,10140,0.0,10215,0,0
161,2010-07-23,33.589880573999835,12871.45,12905.039880574,10350,10135,10350,10030,0.0,10135,0,0
162,2010-07-26,33.589880573999835,12865.1,12898.689880574,10280,10130,10280,10120,0.0,10130,0,0
163,2010-07-27,33.589880573999835,12731.75,12765.339880574,10100,10025,10230,10025,0.0,10025,0,0
164,2010-07-28,33.589880573999835,12795.25,12828.839880574,10025,10075,10085,10000,0.0,10075,0,0
165,2010-07-29,33.589880573999835,12865.1,12898.689880574,10000,10130,10140,10000,0.0,10130,0,0
166,2010-07-30,33.589880573999835,12820.65,12854.239880574,10195,10095,10195,9975,0.0,10095,0,0
167,2010-08-02,33.589880573999835,13157.2,13190.789880574,10155,10360,10360,10155,0.0,10360,0,0
168,2010-08-03,33.589880573999835,13341.35,13374.939880574,10450,10505,10505,10345,0.0,10505,0,0
169,2010-08-04,33.589880573999835,13550.9,13584.489880574,10505,10670,10690,10490,0.0,10670,0,0
170,2010-08-05,33.589880573999835,13449.300000000001,13482.889880574001,10780,10590,10780,10425,0.0,10590,0,0
171,2010-08-06,33.589880573999835,13341.35,13374.939880574,10535,10505,10535,10395,0.0,10505,0,0
172,2010-08-09,33.589880573999835,13322.300000000001,13355.889880574001,10450,10490,10550,10450,0.0,10490,0,0
173,2010-08-10,33.589880573999835,13430.25,13463.839880574,10590,10575,10605,10525,0.0,10575,0,0
174,2010-08-11,33.589880573999835,13335.0,13368.589880574,10570,10500,10605,10420,0.0,10500,0,0
175,2010-08-12,33.589880573999835,12947.65,12981.239880574,10280,10195,10330,10180,0.0,10195,0,0
176,2010-08-13,33.589880573999835,13201.65,13235.239880574,10195,10395,10395,10100,0.0,10395,0,0
177,2010-08-16,33.589880573999835,13335.0,13368.589880574,10340,10500,10500,10235,0.0,10500,0,0
178,2010-08-17,33.589880573999835,13462.0,13495.589880574,10280,10600,10600,10280,0.0,10600,0,0
179,2010-08-18,33.589880573999835,13811.25,13844.839880574,10590,10875,10875,10590,0.0,10875,0,0
180,2010-08-19,33.589880573999835,13919.2,13952.789880574,10995,10960,10995,10835,0.0,10960,0,0
181,2010-08-20,33.589880573999835,14052.550000000001,14086.139880574001,10625,11065,11065,10625,0.0,11065,0,0
182,2010-08-23,33.589880573999835,14109.7,14143.289880574,11065,11110,11240,11065,0.0,11110,0,0
183,2010-08-24,33.589880573999835,13931.9,13965.489880574,11200,10970,11210,10950,0.0,10970,0,0
184,2010-08-25,33.589880573999835,13544.550000000001,13578.139880574001,10915,10665,10915,10650,0.0,10665,0,0
185,2010-08-26,33.589880573999835,13506.45,13540.039880574,10745,10635,10750,10600,0.0,10635,0,0
186,2010-08-27,33.589880573999835,13798.550000000001,13832.139880574001,10700,10865,10865,10535,0.0,10865,0,0
187,2010-08-30,33.589880573999835,13970.0,14003.589880574,10975,11000,11030,10925,0.0,11000,0,0
188,2010-08-31,33.589880573999835,14090.65,14124.239880574,10995,11095,11110,10905,0.0,11095,0,0
189,2010-09-01,33.589880573999835,14312.9,14346.489880574,11095,11270,11300,11095,0.0,11270,0,0
190,2010-09-02,33.589880573999835,14503.4,14536.989880574,11370,11420,11420,11270,0.0,11420,0,0
191,2010-09-03,33.589880573999835,14293.85,14327.439880574,11530,11255,11530,11200,0.0,11255,0,0
192,2010-09-06,33.589880573999835,14268.45,14302.039880574,11440,11235,11440,11070,0.0,11235,0,0
193,2010-09-07,33.589880573999835,14103.35,14136.939880574,11335,11105,11335,11010,0.0,11105,0,0
194,2010-09-08,33.589880573999835,13881.1,13914.689880574,11100,10930,11100,10865,0.0,10930,0,0
195,2010-09-09,33.589880573999835,14166.85,14200.439880574,11415,11155,11415,11015,0.0,11155,0,0
196,2010-09-10,33.589880573999835,14738.35,14771.939880574,11270,11605,11605,11270,0.0,11605,0,0
197,2010-09-13,33.589880573999835,14560.550000000001,14594.139880574001,11605,11465,11725,11430,0.0,11465,0,0
198,2010-09-14,33.589880573999835,14528.800000000001,14562.389880574001,11605,11440,11650,11295,0.0,11440,0,0
199,2010-09-15,33.589880573999835,14554.2,14587.789880574,11500,11460,11570,11380,0.0,11460,0,0
200,2010-09-16,33.589880573999835,14281.15,14314.739880574,11465,11245,11560,11220,0.0,11245,0,0
201,2010-09-17,33.589880573999835,14338.300000000001,14371.889880574001,11245,11290,11290,11125,0.0,11290,0,0
202,2010-09-20,33.589880573999835,14465.300000000001,14498.889880574001,11390,11390,11390,11200,0.0,11390,0,0
203,2010-09-24,33.589880573999835,14395.45,14429.039880574,11500,11335,11500,11300,0.0,11335,0,0
204,2010-09-27,33.589880573999835,14541.5,14575.089880574,11475,11450,11475,11385,0.0,11450,0,0
205,2010-09-28,33.589880573999835,14706.6,14740.189880574,11565,11580,11595,11460,0.0,11580,0,0
206,2010-09-29,33.589880573999835,14833.6,14867.189880574,11650,11680,11770,11585,0.0,11680,0,0
207,2010-09-30,33.589880573999835,14693.9,14727.489880574,11800,11570,11800,11525,0.0,11570,0,0
208,2010-10-01,33.589880573999835,14566.9,14600.489880574,11705,11470,11720,11445,0.0,11470,0,0
209,2010-10-04,33.589880573999835,14478.0,14511.589880574,11635,11400,11635,11360,0.0,11400,0,0
210,2010-10-05,33.589880573999835,13989.050000000001,14022.639880574001,11290,11015,11350,10980,0.0,11015,0,0
211,2010-10-06,33.589880573999835,14363.7,14397.289880574,11290,11310,11350,11185,0.0,11310,0,0
212,2010-10-07,33.589880573999835,14452.6,14486.189880574,11350,11380,11490,11305,0.0,11380,0,0
213,2010-10-08,33.589880573999835,14484.35,14517.939880574,11380,11405,11490,11365,0.0,11405,0,0
214,2010-10-11,33.589880573999835,14338.300000000001,14371.889880574001,11390,11290,11455,11215,0.0,11290,0,0
215,2010-10-12,33.589880573999835,14077.95,14111.539880574,11295,11085,11295,10985,0.0,11085,0,0
216,2010-10-13,14193.574495015999,0.0,14193.574495015999,11150,11215,11215,11030,-1.0,11215,0,0
217,2010-10-14,41.05449501599833,14152.0,14193.054495015998,11300,11600,11600,11300,1.0,11600,0,0
218,2010-10-15,41.05449501599833,14298.4,14339.454495015998,11650,11720,11750,11580,0.0,11720,0,0
219,2010-10-18,41.05449501599833,14054.4,14095.454495015998,11760,11520,11760,11485,0.0,11520,0,0
220,2010-10-19,41.05449501599833,13871.4,13912.454495015998,11550,11370,11550,11360,0.0,11370,0,0
221,2010-10-20,41.05449501599833,13969.0,14010.054495015998,11150,11450,11450,11110,0.0,11450,0,0
222,2010-10-21,41.05449501599833,14042.199999999999,14083.254495015997,11565,11510,11565,11385,0.0,11510,0,0
223,2010-10-22,41.05449501599833,14457.0,14498.054495015998,11600,11850,11850,11600,0.0,11850,0,0
224,2010-10-25,41.05449501599833,14676.6,14717.654495015999,12000,12030,12030,11870,0.0,12030,0,0
225,2010-10-26,41.05449501599833,14798.6,14839.654495015999,12030,12130,12130,11970,0.0,12130,0,0
226,2010-10-27,41.05449501599833,14841.3,14882.354495015998,12080,12165,12295,12030,0.0,12165,0,0
227,2010-10-28,41.05449501599833,14841.3,14882.354495015998,12100,12165,12200,12050,0.0,12165,0,0
228,2010-10-29,41.05449501599833,14572.9,14613.954495015998,12200,11945,12290,11830,0.0,11945,0,0
229,2010-11-01,41.05449501599833,15018.199999999999,15059.254495015997,11825,12310,12330,11750,0.0,12310,0,0
230,2010-11-02,41.05449501599833,15384.199999999999,15425.254495015997,12395,12610,12610,12325,0.0,12610,0,0
231,2010-11-03,41.05449501599833,15646.5,15687.554495015998,12740,12825,12855,12650,0.0,12825,0,0
232,2010-11-04,41.05449501599833,15640.4,15681.454495015998,12760,12820,12865,12690,0.0,12820,0,0
233,2010-11-05,41.05449501599833,15457.4,15498.454495015998,12950,12670,12950,12670,0.0,12670,0,0
234,2010-11-08,41.05449501599833,15616.0,15657.054495015998,12760,12800,12800,12605,0.0,12800,0,0
235,2010-11-09,41.05449501599833,15762.4,15803.454495015998,12900,12920,12920,12705,0.0,12920,0,0
236,2010-11-10,41.05449501599833,15963.699999999999,16004.754495015997,12920,13085,13135,12920,0.0,13085,0,0
237,2010-11-11,41.05449501599833,15951.5,15992.554495015998,13200,13075,13200,13020,0.0,13075,0,0
238,2010-11-12,41.05449501599833,15475.699999999999,15516.754495015997,13080,12685,13080,12530,0.0,12685,0,0
239,2010-11-15,41.05449501599833,15341.5,15382.554495015998,12620,12575,12685,12240,0.0,12575,0,0
240,2010-11-16,41.05449501599833,15335.4,15376.454495015998,12760,12570,12760,12385,0.0,12570,0,0
241,2010-11-17,41.05449501599833,15335.4,15376.454495015998,12505,12570,12695,12380,0.0,12570,0,0
242,2010-11-18,41.05449501599833,15756.3,15797.354495015998,12610,12915,12940,12610,0.0,12915,0,0
243,2010-11-19,41.05449501599833,15866.1,15907.154495015999,12995,13005,13045,12910,0.0,13005,0,0
244,2010-11-22,41.05449501599833,15640.4,15681.454495015998,13135,12820,13135,12725,0.0,12820,0,0
245,2010-11-23,41.05449501599833,15506.199999999999,15547.254495015997,12820,12710,12840,12560,0.0,12710,0,0
246,2010-11-24,41.05449501599833,15426.9,15467.954495015998,12515,12645,12650,12450,0.0,12645,0,0
247,2010-11-25,41.05449501599833,15487.9,15528.954495015998,12655,12695,12745,12620,0.0,12695,0,0
248,2010-11-26,41.05449501599833,15231.699999999999,15272.754495015997,12630,12485,12800,12400,0.0,12485,0,0
249,2010-11-29,41.05449501599833,15115.8,15156.854495015998,12690,12390,12690,12215,0.0,12390,0,0
250,2010-11-30,41.05449501599833,15475.699999999999,15516.754495015997,12375,12685,12690,12375,0.0,12685,0,0
251,2010-12-01,41.05449501599833,15853.9,15894.954495015998,12620,12995,13070,12615,0.0,12995,0,0
252,2010-12-02,41.05449501599833,15963.699999999999,16004.754495015997,12995,13085,13110,12955,0.0,13085,0,0
253,2010-12-03,41.05449501599833,15945.4,15986.454495015998,13055,13070,13100,12890,0.0,13070,0,0
254,2010-12-06,41.05449501599833,15799.0,15840.054495015998,13070,12950,13115,12910,0.0,12950,0,0
255,2010-12-07,41.05449501599833,15738.0,15779.054495015998,13000,12900,13000,12750,0.0,12900,0,0
256,2010-12-08,41.05449501599833,15756.3,15797.354495015998,12925,12915,13000,12840,0.0,12915,0,0
257,2010-12-09,41.05449501599833,15805.1,15846.154495015999,12980,12955,13000,12905,0.0,12955,0,0
258,2010-12-10,41.05449501599833,15884.4,15925.454495015998,13000,13020,13070,12925,0.0,13020,0,0
259,2010-12-13,41.05449501599833,15768.5,15809.554495015998,13100,12925,13100,12850,0.0,12925,0,0
260,2010-12-14,41.05449501599833,15841.699999999999,15882.754495015997,12920,12985,12985,12805,0.0,12985,0,0
261,2010-12-15,41.05449501599833,16152.8,16193.854495015998,12985,13240,13240,12985,0.0,13240,0,0
262,2010-12-16,41.05449501599833,16122.3,16163.354495015998,13360,13215,13360,13120,0.0,13215,0,0
263,2010-12-17,41.05449501599833,16104.0,16145.054495015998,13145,13200,13260,13090,0.0,13200,0,0
264,2010-12-20,41.05449501599833,15994.199999999999,16035.254495015997,12980,13110,13120,12900,0.0,13110,0,0
265,2010-12-21,41.05449501599833,16427.3,16468.354495016,13200,13465,13510,13200,0.0,13465,0,0
266,2010-12-22,41.05449501599833,16280.9,16321.954495015998,13600,13345,13600,13305,0.0,13345,0,0
267,2010-12-23,41.05449501599833,16244.3,16285.354495015998,13330,13315,13440,13240,0.0,13315,0,0
268,2010-12-24,41.05449501599833,16335.8,16376.854495015998,13400,13390,13530,13325,0.0,13390,0,0
269,2010-12-27,41.05449501599833,16177.199999999999,16218.254495015997,13500,13260,13500,13230,0.0,13260,0,0
270,2010-12-28,41.05449501599833,16165.0,16206.054495015998,13200,13250,13355,13200,0.0,13250,0,0
271,2010-12-29,41.05449501599833,16555.4,16596.454495015998,13390,13570,13615,13385,0.0,13570,0,0
272,2010-12-30,41.05449501599833,16653.0,16694.054495015997,13620,13650,13680,13505,0.0,13650,0,0
273,2011-01-03,41.05449501599833,16720.1,16761.154495015995,13790,13705,13790,13630,0.0,13705,0,0
274,2011-01-04,41.05449501599833,16860.399999999998,16901.454495015998,13750,13820,13855,13670,0.0,13820,0,0
275,2011-01-05,41.05449501599833,17080.0,17121.054495015997,13950,14000,14000,13735,0.0,14000,0,0
276,2011-01-06,41.05449501599833,17238.6,17279.654495015995,14005,14130,14160,13960,0.0,14130,0,0
277,2011-01-07,41.05449501599833,17250.8,17291.854495016,14130,14140,14170,14080,0.0,14140,0,0
278,2011-01-10,41.05449501599833,17165.399999999998,17206.454495015998,14140,14070,14210,14020,0.0,14070,0,0
279,2011-01-11,41.05449501599833,17378.899999999998,17419.954495015998,14190,14245,14245,14030,0.0,14245,0,0
280,2011-01-12,41.05449501599833,17793.7,17834.754495016,14255,14585,14585,14255,0.0,14585,0,0
281,2011-01-13,41.05449501599833,17616.8,17657.854495016,14850,14440,14870,14430,0.0,14440,0,0
282,2011-01-14,41.05449501599833,17647.3,17688.354495016,14550,14465,14550,14160,0.0,14465,0,0
283,2011-01-17,41.05449501599833,17299.6,17340.654495015995,14380,14180,14380,14170,0.0,14180,0,0
284,2011-01-18,41.05449501599833,17537.5,17578.554495015997,14180,14375,14415,14070,0.0,14375,0,0
285,2011-01-19,41.05449501599833,17488.7,17529.754495016,14375,14335,14375,14200,0.0,14335,0,0
286,2011-01-20,41.05449501599833,17561.899999999998,17602.954495015998,14415,14395,14560,14335,0.0,14395,0,0
287,2011-01-21,41.05449501599833,17263.0,17304.054495015997,14260,14150,14370,14085,0.0,14150,0,0
288,2011-01-24,41.05449501599833,17629.0,17670.054495015997,14150,14450,14450,14105,0.0,14450,0,0
289,2011-01-25,41.05449501599833,17781.5,17822.554495015997,14375,14575,14670,14375,0.0,14575,0,0
290,2011-01-26,41.05449501599833,17940.1,17981.154495015995,14575,14705,14730,14575,0.0,14705,0,0
291,2011-01-27,41.05449501599833,18470.8,18511.854495016,14800,15140,15200,14620,0.0,15140,0,0
292,2011-01-28,41.05449501599833,18690.399999999998,18731.454495015998,15295,15320,15320,15060,0.0,15320,0,0
293,2011-01-31,41.05449501599833,18842.899999999998,18883.954495015998,15370,15445,15640,14570,0.0,15445,0,0
294,2011-02-01,41.05449501599833,18415.899999999998,18456.954495015998,15660,15095,15800,15020,0.0,15095,0,0
295,2011-02-07,41.05449501599833,18251.2,18292.254495016,15420,14960,15420,14960,0.0,14960,0,0
296,2011-02-08,41.05449501599833,18379.3,18420.354495016,15050,15065,15090,14840,0.0,15065,0,0
297,2011-02-09,41.05449501599833,17946.2,17987.254495016,15070,14710,15070,14515,0.0,14710,0,0
298,2011-02-10,41.05449501599833,17488.7,17529.754495016,14710,14335,14750,14310,0.0,14335,0,0
299,2011-02-11,41.05449501599833,17110.5,17151.554495015997,14385,14025,14530,12240,0.0,14025,0,0
300,2011-02-14,41.05449501599833,17476.5,17517.554495015997,14080,14325,14325,14010,0.0,14325,0,0
301,2011-02-15,41.05449501599833,17708.3,17749.354495016,14460,14515,14615,14250,0.0,14515,0,0
302,2011-02-16,41.05449501599833,17189.8,17230.854495016,14595,14090,14600,14090,0.0,14090,0,0
303,2011-02-17,17364.423970712,0.0,17364.423970712,14200,13925,14300,13745,-1.0,13925,0,0
304,2011-02-18,17364.423970712,0.0,17364.423970712,14100,14400,14450,13845,0.0,14400,0,0
305,2011-02-21,17364.423970712,0.0,17364.423970712,14545,14705,14715,14450,0.0,14705,0,0
306,2011-02-22,17364.423970712,0.0,17364.423970712,14715,14370,14715,14300,0.0,14370,0,0
307,2011-02-23,17364.423970712,0.0,17364.423970712,14370,14360,14505,14230,0.0,14360,0,0
308,2011-02-24,17364.423970712,0.0,17364.423970712,14160,13940,14755,13870,0.0,13940,0,0
309,2011-02-25,17364.423970712,0.0,17364.423970712,13730,14065,14170,13730,0.0,14065,0,0
310,2011-02-28,17364.423970712,0.0,17364.423970712,14065,13810,14065,13750,0.0,13810,0,0
311,2011-03-02,17364.423970712,0.0,17364.423970712,13710,13780,13905,13700,0.0,13780,0,0
312,2011-03-03,17364.423970712,0.0,17364.423970712,13785,14295,14315,13785,0.0,14295,0,0
313,2011-03-04,17364.423970712,0.0,17364.423970712,14400,14550,14590,14260,0.0,14550,0,0
314,2011-03-07,17364.423970712,0.0,17364.423970712,14750,14610,14750,14445,0.0,14610,0,0
315,2011-03-08,88.74397071199928,17275.05,17363.793970712,14580,14765,14800,14535,1.0,14765,0,0
316,2011-03-09,88.74397071199928,17397.899999999998,17486.643970711997,14730,14870,14880,14685,0.0,14870,0,0
317,2011-03-10,88.74397071199928,17608.5,17697.243970712,14895,15050,15150,14890,0.0,15050,0,0
318,2011-03-11,88.74397071199928,17368.649999999998,17457.393970711997,15120,14845,15120,14590,0.0,14845,0,0
319,2011-03-14,88.74397071199928,18187.649999999998,18276.393970711997,15500,15545,15550,15005,0.0,15545,0,0
320,2011-03-15,88.74397071199928,18193.5,18282.243970712,15695,15550,15790,14970,0.0,15550,0,0
321,2011-03-16,88.74397071199928,18187.649999999998,18276.393970711997,15550,15545,15795,15440,0.0,15545,0,0
322,2011-03-17,88.74397071199928,18404.1,18492.843970711998,15060,15730,15790,15060,0.0,15730,0,0
323,2011-03-18,88.74397071199928,18603.0,18691.743970712,15750,15900,16035,15735,0.0,15900,0,0
324,2011-03-21,88.74397071199928,18749.25,18837.993970712,16060,16025,16090,15765,0.0,16025,0,0
325,2011-03-22,88.74397071199928,19351.8,19440.543970712,16495,16540,16685,16090,0.0,16540,0,0
326,2011-03-23,88.74397071199928,18971.55,19060.293970712,16540,16215,16835,16100,0.0,16215,0,0
327,2011-03-24,88.74397071199928,19357.649999999998,19446.393970711997,16305,16545,16550,16225,0.0,16545,0,0
328,2011-03-25,88.74397071199928,19363.5,19452.243970712,16650,16550,16800,16500,0.0,16550,0,0
329,2011-03-28,88.74397071199928,19585.8,19674.543970712,16600,16740,16740,16415,0.0,16740,0,0
330,2011-03-29,88.74397071199928,20024.55,20113.293970712,16745,17115,17115,16740,0.0,17115,0,0
331,2011-03-30,88.74397071199928,19767.149999999998,19855.893970711997,17250,16895,17490,16865,0.0,16895,0,0
332,2011-03-31,88.74397071199928,19825.649999999998,19914.393970711997,16895,16945,16950,16650,0.0,16945,0,0
333,2011-04-01,88.74397071199928,19819.8,19908.543970712,16995,16940,17050,16900,0.0,16940,0,0
334,2011-04-04,88.74397071199928,19129.5,19218.243970712,16800,16350,16800,16260,0.0,16350,0,0
335,2011-04-05,88.74397071199928,19620.899999999998,19709.643970711997,16130,16770,16805,16130,0.0,16770,0,0
336,2011-04-06,88.74397071199928,19925.1,20013.843970711998,16750,17030,17245,16750,0.0,17030,0,0
337,2011-04-07,88.74397071199928,20047.949999999997,20136.693970711996,17070,17135,17280,16950,0.0,17135,0,0
338,2011-04-08,88.74397071199928,20141.55,20230.293970712,17130,17215,17285,17010,0.0,17215,0,0
339,2011-04-11,88.74397071199928,20287.8,20376.543970712,17205,17340,17390,17205,0.0,17340,0,0
340,2011-04-12,88.74397071199928,19860.75,19949.493970712,17340,16975,17350,16860,0.0,16975,0,0
341,2011-04-13,88.74397071199928,20030.399999999998,20119.143970711997,16820,17120,17250,16710,0.0,17120,0,0
342,2011-04-14,88.74397071199928,20287.8,20376.543970712,17125,17340,17375,17030,0.0,17340,0,0
343,2011-04-15,88.74397071199928,20504.25,20592.993970712,17355,17525,17540,17330,0.0,17525,0,0
344,2011-04-18,88.74397071199928,21177.0,21265.743970712,17660,18100,18150,17550,0.0,18100,0,0
345,2011-04-19,88.74397071199928,20884.5,20973.243970712,17720,17850,18110,17685,0.0,17850,0,0
346,2011-04-20,88.74397071199928,21516.3,21605.043970712,18200,18390,18480,18140,0.0,18390,0,0
347,2011-04-21,88.74397071199928,22791.6,22880.343970711998,18650,19480,19560,18530,0.0,19480,0,0
348,2011-04-22,88.74397071199928,22709.699999999997,22798.443970711996,19600,19410,20100,19380,0.0,19410,0,0
349,2011-04-25,88.74397071199928,23089.949999999997,23178.693970711996,19500,19735,19735,19245,0.0,19735,0,0
350,2011-04-26,88.74397071199928,22879.35,22968.093970711998,19960,19555,20000,19440,0.0,19555,0,0
351,2011-04-27,88.74397071199928,22171.5,22260.243970712,19830,18950,19850,18700,0.0,18950,0,0
352,2011-04-28,88.74397071199928,22230.0,22318.743970712,18890,19000,19130,18660,0.0,19000,0,0
353,2011-04-29,88.74397071199928,21522.149999999998,21610.893970711997,19100,18395,19270,18145,0.0,18395,0,0
354,2011-05-02,88.74397071199928,21656.699999999997,21745.443970711996,18375,18510,18590,18320,0.0,18510,0,0
355,2011-05-03,88.74397071199928,20872.8,20961.543970712,18560,17840,18560,17685,0.0,17840,0,0
356,2011-05-04,88.74397071199928,20872.8,20961.543970712,17950,17840,17950,17475,0.0,17840,0,0
357,2011-05-06,88.74397071199928,20299.5,20388.243970712,17480,17350,17480,16745,0.0,17350,0,0
358,2011-05-09,88.74397071199928,20375.55,20464.293970712,17300,17415,17700,17265,0.0,17415,0,0
359,2011-05-11,88.74397071199928,20872.8,20961.543970712,17710,17840,17980,17620,0.0,17840,0,0
360,2011-05-12,20644.895781779596,0.0,20644.895781779596,17570,17250,17570,17220,-1.0,17250,0,0
361,2011-05-13,20644.895781779596,0.0,20644.895781779596,17250,17075,17350,16675,0.0,17075,0,0
362,2011-05-16,20644.895781779596,0.0,20644.895781779596,17075,17135,17350,16875,0.0,17135,0,0
363,2011-05-17,20644.895781779596,0.0,20644.895781779596,17270,17310,17310,17000,0.0,17310,0,0
364,2011-05-18,20644.895781779596,0.0,20644.895781779596,17315,17850,17940,17310,0.0,17850,0,0
365,2011-05-19,20644.895781779596,0.0,20644.895781779596,17950,17505,18150,17505,0.0,17505,0,0
366,2011-05-20,20644.895781779596,0.0,20644.895781779596,17600,17510,17705,16900,0.0,17510,0,0
367,2011-05-23,20644.895781779596,0.0,20644.895781779596,17500,16800,17500,16770,0.0,16800,0,0
368,2011-05-24,20644.895781779596,0.0,20644.895781779596,16380,16950,17000,16380,0.0,16950,0,0
369,2011-05-25,20644.895781779596,0.0,20644.895781779596,17100,16530,17230,16460,0.0,16530,0,0
370,2011-05-26,20644.895781779596,0.0,20644.895781779596,16800,17355,17365,16555,0.0,17355,0,0
371,2011-05-27,20644.895781779596,0.0,20644.895781779596,17360,17200,17425,17080,0.0,17200,0,0
372,2011-05-30,20644.895781779596,0.0,20644.895781779596,17200,17420,17530,17200,0.0,17420,0,0
373,2011-05-31,20644.895781779596,0.0,20644.895781779596,17425,18205,18295,17425,0.0,18205,0,0
374,2011-06-01,27.295781779597746,20616.85,20644.145781779596,18210,18245,18855,18020,1.0,18245,0,0
375,2011-06-02,27.295781779597746,20306.1,20333.395781779596,17995,17970,18080,17600,0.0,17970,0,0
376,2011-06-03,27.295781779597746,19774.999999999996,19802.295781779594,17970,17500,18215,17460,0.0,17500,0,0
377,2011-06-07,19699.879752352797,0.0,19699.879752352797,17410,16885,17410,16745,-1.0,16885,0,0
378,2011-06-08,19699.879752352797,0.0,19699.879752352797,16950,16920,16960,16570,0.0,16920,0,0
379,2011-06-09,19699.879752352797,0.0,19699.879752352797,16880,17180,17200,16880,0.0,17180,0,0
380,2011-06-10,19699.879752352797,0.0,19699.879752352797,17225,16880,17460,16880,0.0,16880,0,0
381,2011-06-13,19699.879752352797,0.0,19699.879752352797,16795,16735,16965,16455,0.0,16735,0,0
382,2011-06-14,19699.879752352797,0.0,19699.879752352797,16535,17340,17350,16535,0.0,17340,0,0
383,2011-06-15,19699.879752352797,0.0,19699.879752352797,17410,17505,17600,17205,0.0,17505,0,0
384,2011-06-16,19699.879752352797,0.0,19699.879752352797,17400,16980,17400,16980,0.0,16980,0,0
385,2011-06-17,19699.879752352797,0.0,19699.879752352797,17020,17030,17240,16725,0.0,17030,0,0
386,2011-06-20,19699.879752352797,0.0,19699.879752352797,16940,16480,17100,16480,0.0,16480,0,0
387,2011-06-21,19699.879752352797,0.0,19699.879752352797,16550,16460,16715,15985,0.0,16460,0,0
388,2011-06-22,19699.879752352797,0.0,19699.879752352797,16600,16725,17000,16600,0.0,16725,0,0
389,2011-06-23,19699.879752352797,0.0,19699.879752352797,16640,16545,16880,16500,0.0,16545,0,0
390,2011-06-24,19699.879752352797,0.0,19699.879752352797,16510,16330,16510,15935,0.0,16330,0,0
391,2011-06-27,19699.879752352797,0.0,19699.879752352797,16245,16300,16340,16085,0.0,16300,0,0
392,2011-06-28,19699.879752352797,0.0,19699.879752352797,16340,16215,16610,16215,0.0,16215,0,0
393,2011-06-29,19699.879752352797,0.0,19699.879752352797,16400,16705,16705,16400,0.0,16705,0,0
394,2011-06-30,19699.879752352797,0.0,19699.879752352797,16795,16745,16835,16640,0.0,16745,0,0
395,2011-07-01,19699.879752352797,0.0,19699.879752352797,16805,17010,17120,16805,0.0,17010,0,0
396,2011-07-04,19699.879752352797,0.0,19699.879752352797,17150,17070,17200,16980,0.0,17070,0,0
397,2011-07-05,19699.879752352797,0.0,19699.879752352797,17070,17080,17175,16995,0.0,17080,0,0
398,2011-07-06,19699.879752352797,0.0,19699.879752352797,17090,17165,17200,16980,0.0,17165,0,0
399,2011-07-07,99.16975235279824,19600.000000000004,19699.169752352802,17165,17500,17520,17100,1.0,17500,0,0
400,2011-07-08,99.16975235279824,19712.000000000004,19811.169752352802,17580,17600,17785,17500,0.0,17600,0,0
401,2011-07-11,99.16975235279824,19448.800000000003,19547.9697523528,17520,17365,17600,17285,0.0,17365,0,0
402,2011-07-12,99.16975235279824,18933.600000000002,19032.7697523528,16970,16905,17150,16820,0.0,16905,0,0
403,2011-07-13,99.16975235279824,19331.2,19430.3697523528,16920,17260,17280,16905,0.0,17260,0,0
404,2011-07-14,99.16975235279824,19437.600000000002,19536.7697523528,17230,17355,17380,16955,0.0,17355,0,0
405,2011-07-15,99.16975235279824,19544.000000000004,19643.169752352802,17265,17450,17450,17245,0.0,17450,0,0
406,2011-07-18,99.16975235279824,19544.000000000004,19643.169752352802,17450,17450,17500,17270,0.0,17450,0,0
407,2011-07-19,99.16975235279824,19056.800000000003,19155.9697523528,17435,17015,17435,16920,0.0,17015,0,0
408,2011-07-20,99.16975235279824,18950.4,19049.5697523528,17050,16920,17185,16745,0.0,16920,0,0
409,2011-07-21,99.16975235279824,18894.4,18993.5697523528,16720,16870,16950,16700,0.0,16870,0,0
410,2011-07-22,99.16975235279824,19320.000000000004,19419.169752352802,17050,17250,17250,16900,0.0,17250,0,0
411,2011-07-25,99.16975235279824,19028.800000000003,19127.9697523528,17160,16990,17250,16970,0.0,16990,0,0
412,2011-07-26,99.16975235279824,19392.800000000003,19491.9697523528,16990,17315,17315,16990,0.0,17315,0,0
413,2011-07-27,99.16975235279824,19661.600000000002,19760.7697523528,17130,17555,17555,17130,0.0,17555,0,0
414,2011-07-28,99.16975235279824,19639.2,19738.3697523528,17350,17535,17620,17300,0.0,17535,0,0
415,2011-07-29,99.16975235279824,19286.4,19385.5697523528,17690,17220,17690,17110,0.0,17220,0,0
416,2011-08-01,99.16975235279824,19756.800000000003,19855.9697523528,17650,17640,17745,17430,0.0,17640,0,0
417,2011-08-02,99.16975235279824,19353.600000000002,19452.7697523528,17310,17280,17850,17100,0.0,17280,0,0
418,2011-08-03,99.16975235279824,18816.0,18915.1697523528,17150,16800,17150,16605,0.0,16800,0,0
419,2011-08-04,18858.486963392796,0.0,18858.486963392796,16750,15705,16760,15670,-1.0,15705,0,0
420,2011-08-05,18858.486963392796,0.0,18858.486963392796,14760,14830,15140,14430,0.0,14830,0,0
421,2011-08-08,18858.486963392796,0.0,18858.486963392796,14210,14355,14830,13265,0.0,14355,0,0
422,2011-08-09,18858.486963392796,0.0,18858.486963392796,13700,14150,14225,12205,0.0,14150,0,0
423,2011-08-10,18858.486963392796,0.0,18858.486963392796,15050,13700,15250,13700,0.0,13700,0,0
424,2011-08-11,18858.486963392796,0.0,18858.486963392796,13500,13765,13875,12570,0.0,13765,0,0
425,2011-08-12,18858.486963392796,0.0,18858.486963392796,14040,13085,14110,13085,0.0,13085,0,0
426,2011-08-16,18858.486963392796,0.0,18858.486963392796,13500,13950,13990,13500,0.0,13950,0,0
427,2011-08-17,18858.486963392796,0.0,18858.486963392796,14000,14100,14150,13900,0.0,14100,0,0
428,2011-08-18,18858.486963392796,0.0,18858.486963392796,14100,13725,14340,13500,0.0,13725,0,0
429,2011-08-19,18858.486963392796,0.0,18858.486963392796,13380,12005,13380,12005,0.0,12005,0,0
430,2011-08-22,18858.486963392796,0.0,18858.486963392796,12005,11400,12200,11355,0.0,11400,0,0
431,2011-08-23,18858.486963392796,0.0,18858.486963392796,11410,12440,12540,11400,0.0,12440,0,0
432,2011-08-24,18858.486963392796,0.0,18858.486963392796,12565,12450,12980,12250,0.0,12450,0,0
433,2011-08-25,18858.486963392796,0.0,18858.486963392796,12700,12440,12890,12380,0.0,12440,0,0
434,2011-08-26,18858.486963392796,0.0,18858.486963392796,12400,12845,12845,12380,0.0,12845,0,0
435,2011-08-29,18858.486963392796,0.0,18858.486963392796,13195,13675,13700,13070,0.0,13675,0,0
436,2011-08-30,18858.486963392796,0.0,18858.486963392796,13815,13560,14020,13400,0.0,13560,0,0
437,2011-08-31,18858.486963392796,0.0,18858.486963392796,13660,13710,13760,13360,0.0,13710,0,0
438,2011-09-01,18858.486963392796,0.0,18858.486963392796,13710,13770,14200,13650,0.0,13770,0,0
439,2011-09-02,18858.486963392796,0.0,18858.486963392796,13735,13470,13740,13360,0.0,13470,0,0
440,2011-09-05,18858.486963392796,0.0,18858.486963392796,12960,12375,13140,12345,0.0,12375,0,0
441,2011-09-06,18858.486963392796,0.0,18858.486963392796,12300,12275,12470,11720,0.0,12275,0,0
442,2011-09-07,18858.486963392796,0.0,18858.486963392796,12450,12800,12800,12450,0.0,12800,0,0
443,2011-09-08,18858.486963392796,0.0,18858.486963392796,12925,12800,13045,12750,0.0,12800,0,0
444,2011-09-09,18858.486963392796,0.0,18858.486963392796,12735,12770,12995,12605,0.0,12770,0,0
445,2011-09-14,18858.486963392796,0.0,18858.486963392796,12580,12140,12795,12140,0.0,12140,0,0
446,2011-09-15,18858.486963392796,0.0,18858.486963392796,12400,12350,12640,12075,0.0,12350,0,0
447,2011-09-16,18858.486963392796,0.0,18858.486963392796,12590,12950,12950,12590,0.0,12950,0,0
448,2011-09-19,18858.486963392796,0.0,18858.486963392796,12770,12720,13005,12710,0.0,12720,0,0
449,2011-09-20,18858.486963392796,0.0,18858.486963392796,12655,12700,12760,12350,0.0,12700,0,0
450,2011-09-21,18858.486963392796,0.0,18858.486963392796,12660,13075,13120,12660,0.0,13075,0,0
451,2011-09-22,18858.486963392796,0.0,18858.486963392796,12775,12485,12790,12400,0.0,12485,0,0
452,2011-09-23,18858.486963392796,0.0,18858.486963392796,12045,11605,12045,11595,0.0,11605,0,0
453,2011-09-26,18858.486963392796,0.0,18858.486963392796,11745,10640,11860,10455,0.0,10640,0,0
454,2011-09-27,18858.486963392796,0.0,18858.486963392796,11050,11280,11280,10935,0.0,11280,0,0
455,2011-09-28,18858.486963392796,0.0,18858.486963392796,11395,11165,11620,11165,0.0,11165,0,0
456,2011-09-29,18858.486963392796,0.0,18858.486963392796,11070,11400,11400,10700,0.0,11400,0,0
457,2011-09-30,18858.486963392796,0.0,18858.486963392796,11370,11355,11515,11035,0.0,11355,0,0
458,2011-10-04,18858.486963392796,0.0,18858.486963392796,11070,10295,11070,10100,0.0,10295,0,0
459,2011-10-05,18858.486963392796,0.0,18858.486963392796,10485,9800,10485,9610,0.0,9800,0,0
460,2011-10-06,18858.486963392796,0.0,18858.486963392796,10175,10335,10595,10150,0.0,10335,0,0
461,2011-10-07,18858.486963392796,0.0,18858.486963392796,10580,11125,11220,10580,0.0,11125,0,0
462,2011-10-10,18858.486963392796,0.0,18858.486963392796,11070,11210,11400,11065,0.0,11210,0,0
463,2011-10-11,18858.486963392796,0.0,18858.486963392796,11700,11550,11800,11550,0.0,11550,0,0
464,2011-10-12,18858.486963392796,0.0,18858.486963392796,11550,11645,11670,11375,0.0,11645,0,0
465,2011-10-13,18858.486963392796,0.0,18858.486963392796,11770,11875,12045,11770,0.0,11875,0,0
466,2011-10-14,18858.486963392796,0.0,18858.486963392796,12000,11810,12000,11415,0.0,11810,0,0
467,2011-10-17,18858.486963392796,0.0,18858.486963392796,12010,12290,12340,12010,0.0,12290,0,0
468,2011-10-18,18858.486963392796,0.0,18858.486963392796,12095,12300,13000,11930,0.0,12300,0,0
469,2011-10-19,31.146963392795442,18826.65,18857.796963392797,12425,12305,12600,12070,1.0,12305,0,0
470,2011-10-20,18772.964811362795,0.0,18772.964811362795,12250,11430,12380,11430,-1.0,11430,0,0
471,2011-10-21,52.28481136279515,18720.0,18772.284811362795,11795,12000,12000,11600,1.0,12000,0,0
472,2011-10-24,52.28481136279515,19515.600000000002,19567.884811362797,12175,12510,12510,12170,0.0,12510,0,0
473,2011-10-25,52.28481136279515,19188.0,19240.284811362795,12500,12300,12635,12270,0.0,12300,0,0
474,2011-10-26,52.28481136279515,19663.8,19716.084811362794,12165,12605,12610,12010,0.0,12605,0,0
475,2011-10-27,52.28481136279515,20436.0,20488.284811362795,12680,13100,13100,12630,0.0,13100,0,0
476,2011-10-28,52.28481136279515,20451.600000000002,20503.884811362797,13480,13110,13650,13110,0.0,13110,0,0
477,2011-10-31,52.28481136279515,20061.600000000002,20113.884811362797,13245,12860,13290,12800,0.0,12860,0,0
478,2011-11-01,52.28481136279515,19835.4,19887.684811362797,12560,12715,13000,12560,0.0,12715,0,0
479,2011-11-02,52.28481136279515,19656.0,19708.284811362795,12400,12600,12670,12240,0.0,12600,0,0
480,2011-11-03,52.28481136279515,19164.600000000002,19216.884811362797,12760,12285,12760,12285,0.0,12285,0,0
481,2011-11-04,52.28481136279515,20459.4,20511.684811362797,12570,13115,13115,12570,0.0,13115,0,0
482,2011-11-07,52.28481136279515,20334.600000000002,20386.884811362797,13120,13035,13260,12900,0.0,13035,0,0
483,2011-11-08,52.28481136279515,20311.2,20363.484811362796,13195,13020,13230,13000,0.0,13020,0,0
484,2011-11-09,52.28481136279515,20358.0,20410.284811362795,13290,13050,13350,12945,0.0,13050,0,0
485,2011-11-10,52.28481136279515,19234.8,19287.084811362794,12590,12330,12655,12330,0.0,12330,0,0
486,2011-11-11,52.28481136279515,19812.0,19864.284811362795,12410,12700,12730,12380,0.0,12700,0,0
487,2011-11-14,52.28481136279515,20498.4,20550.684811362797,12955,13140,13170,12850,0.0,13140,0,0
488,2011-11-15,52.28481136279515,20209.8,20262.084811362794,13070,12955,13155,12780,0.0,12955,0,0
489,2011-11-16,52.28481136279515,19632.600000000002,19684.884811362797,12935,12585,13180,12555,0.0,12585,0,0
490,2011-11-17,52.28481136279515,19812.0,19864.284811362795,12800,12700,12800,12450,0.0,12700,0,0
491,2011-11-18,52.28481136279515,19390.8,19443.084811362794,12595,12430,12595,12245,0.0,12430,0,0
492,2011-11-21,52.28481136279515,18720.0,18772.284811362795,12100,12000,12250,11950,0.0,12000,0,0
493,2011-11-22,18584.410291573993,0.0,18584.410291573993,11880,11900,12100,11750,-1.0,11900,0,0
494,2011-11-23,18584.410291573993,0.0,18584.410291573993,11730,11670,11830,11500,0.0,11670,0,0
495,2011-11-24,18584.410291573993,0.0,18584.410291573993,11640,11785,11785,11405,0.0,11785,0,0
496,2011-11-25,18584.410291573993,0.0,18584.410291573993,11750,11585,11750,11450,0.0,11585,0,0
497,2011-11-28,18584.410291573993,0.0,18584.410291573993,11670,11830,11890,11670,0.0,11830,0,0
498,2011-11-29,18584.410291573993,0.0,18584.410291573993,11860,12190,12195,11860,0.0,12190,0,0
499,2011-11-30,18584.410291573993,0.0,18584.410291573993,12185,12010,12185,11885,0.0,12010,0,0
500,2011-12-01,18584.410291573993,0.0,18584.410291573993,12700,12700,12855,12500,0.0,12700,0,0
501,2011-12-02,18584.410291573993,0.0,18584.410291573993,12700,12645,12855,12620,0.0,12645,0,0
502,2011-12-05,67.24029157399491,18516.5,18583.740291573995,12615,12770,12840,12615,1.0,12770,0,0
503,2011-12-06,67.24029157399491,18270.0,18337.240291573995,12770,12600,12770,12550,0.0,12600,0,0
504,2011-12-07,67.24029157399491,18226.5,18293.740291573995,12605,12570,12670,12400,0.0,12570,0,0
505,2011-12-08,67.24029157399491,18255.5,18322.740291573995,12530,12590,12690,12455,0.0,12590,0,0
506,2011-12-09,67.24029157399491,17769.75,17836.990291573995,12550,12255,12550,12135,0.0,12255,0,0
507,2011-12-12,67.24029157399491,17885.75,17952.990291573995,12770,12335,12770,12290,0.0,12335,0,0
508,2011-12-13,17539.104362463993,0.0,17539.104362463993,12050,12005,12205,12000,-1.0,12005,0,0
509,2011-12-14,17539.104362463993,0.0,17539.104362463993,11950,11940,12070,11865,0.0,11940,0,0
510,2011-12-15,17539.104362463993,0.0,17539.104362463993,11790,11410,11790,11355,0.0,11410,0,0
511,2011-12-16,17539.104362463993,0.0,17539.104362463993,11410,11565,11590,11405,0.0,11565,0,0
512,2011-12-19,17539.104362463993,0.0,17539.104362463993,11500,11120,11500,10930,0.0,11120,0,0
513,2011-12-20,17539.104362463993,0.0,17539.104362463993,10970,11100,11275,10970,0.0,11100,0,0
514,2011-12-21,17539.104362463993,0.0,17539.104362463993,11300,11505,11570,11300,0.0,11505,0,0
515,2011-12-22,17539.104362463993,0.0,17539.104362463993,11505,11465,11560,11400,0.0,11465,0,0
516,2011-12-23,17539.104362463993,0.0,17539.104362463993,11475,11790,11810,11475,0.0,11790,0,0
517,2011-12-26,17539.104362463993,0.0,17539.104362463993,11800,11680,11850,11610,0.0,11680,0,0
518,2011-12-27,17539.104362463993,0.0,17539.104362463993,11555,11480,11650,11300,0.0,11480,0,0
519,2011-12-28,17539.104362463993,0.0,17539.104362463993,11480,11450,11605,11450,0.0,11450,0,0
520,2011-12-29,17539.104362463993,0.0,17539.104362463993,11350,11490,11540,11350,0.0,11490,0,0
521,2012-01-02,17539.104362463993,0.0,17539.104362463993,11495,11515,11620,11410,0.0,11515,0,0
522,2012-01-03,17539.104362463993,0.0,17539.104362463993,11460,11955,12020,11460,0.0,11955,0,0
523,2012-01-04,17539.104362463993,0.0,17539.104362463993,12180,11850,12180,11850,0.0,11850,0,0
524,2012-01-05,17539.104362463993,0.0,17539.104362463993,12155,12140,12220,11920,0.0,12140,0,0
525,2012-01-06,17539.104362463993,0.0,17539.104362463993,12105,11890,12115,11780,0.0,11890,0,0
526,2012-01-09,17539.104362463993,0.0,17539.104362463993,11885,11930,11930,11715,0.0,11930,0,0
527,2012-01-10,121.07436246399448,17417.399999999998,17538.474362463992,11955,12180,12190,11955,1.0,12180,0,0
528,2012-01-11,121.07436246399448,17117.1,17238.174362463993,12200,11970,12285,11930,0.0,11970,0,0
529,2012-01-12,121.07436246399448,17646.2,17767.274362463995,11920,12340,12340,11920,0.0,12340,0,0
530,2012-01-13,121.07436246399448,17774.899999999998,17895.974362463992,12350,12430,12445,12335,0.0,12430,0,0
531,2012-01-16,121.07436246399448,17624.75,17745.824362463994,12400,12325,12430,12180,0.0,12325,0,0
532,2012-01-17,121.07436246399448,18075.2,18196.274362463995,12440,12640,12640,12440,0.0,12640,0,0
533,2012-01-18,121.07436246399448,18332.6,18453.674362463993,12540,12820,12885,12540,0.0,12820,0,0
534,2012-01-19,121.07436246399448,18439.85,18560.924362463993,12835,12895,12930,12805,0.0,12895,0,0
535,2012-01-20,121.07436246399448,18954.649999999998,19075.724362463992,13070,13255,13315,12955,0.0,13255,0,0
536,2012-01-25,121.07436246399448,18804.5,18925.574362463994,13225,13150,13405,13050,0.0,13150,0,0
537,2012-01-26,121.07436246399448,19033.3,19154.374362463994,13250,13310,13340,13155,0.0,13310,0,0
538,2012-01-27,121.07436246399448,19197.75,19318.824362463994,13270,13425,13495,13270,0.0,13425,0,0
539,2012-01-30,121.07436246399448,18733.0,18854.074362463994,13400,13100,13425,13100,0.0,13100,0,0
540,2012-01-31,121.07436246399448,18954.649999999998,19075.724362463992,13150,13255,13450,13140,0.0,13255,0,0
541,2012-02-01,121.07436246399448,19390.8,19511.874362463994,13275,13560,13655,13275,0.0,13560,0,0
542,2012-02-02,121.07436246399448,20163.0,20284.074362463994,13735,14100,14100,13735,0.0,14100,0,0
543,2012-02-03,121.07436246399448,20306.0,20427.074362463994,14190,14200,14260,13935,0.0,14200,0,0
544,2012-02-06,121.07436246399448,20191.6,20312.674362463993,14300,14120,14485,14070,0.0,14120,0,0
545,2012-02-07,121.07436246399448,20220.2,20341.274362463995,14070,14140,14320,14070,0.0,14140,0,0
546,2012-02-08,121.07436246399448,20785.05,20906.124362463994,14140,14535,14575,14140,0.0,14535,0,0
547,2012-02-09,121.07436246399448,21392.8,21513.874362463994,14605,14960,15055,14600,0.0,14960,0,0
548,2012-02-10,121.07436246399448,20970.95,21092.024362463995,15010,14665,15090,14600,0.0,14665,0,0
549,2012-02-13,121.07436246399448,20920.899999999998,21041.974362463992,14775,14630,14775,14315,0.0,14630,0,0
550,2012-02-14,121.07436246399448,20720.7,20841.774362463995,14790,14490,14790,14350,0.0,14490,0,0
551,2012-02-15,121.07436246399448,20827.95,20949.024362463995,14550,14565,14630,14350,0.0,14565,0,0
552,2012-02-16,121.07436246399448,20112.95,20234.024362463995,14250,14065,14445,14065,0.0,14065,0,0
553,2012-02-17,121.07436246399448,20356.05,20477.124362463994,14300,14235,14435,14200,0.0,14235,0,0
554,2012-02-20,121.07436246399448,20785.05,20906.124362463994,14450,14535,14550,14445,0.0,14535,0,0
555,2012-02-21,121.07436246399448,20563.399999999998,20684.474362463992,14495,14380,14510,14230,0.0,14380,0,0
556,2012-02-22,121.07436246399448,20520.5,20641.574362463994,14305,14350,14385,14235,0.0,14350,0,0
557,2012-02-23,121.07436246399448,20334.6,20455.674362463993,14330,14220,14330,14205,0.0,14220,0,0
558,2012-02-24,121.07436246399448,20220.2,20341.274362463995,14220,14140,14265,13995,0.0,14140,0,0
559,2012-02-27,121.07436246399448,19505.2,19626.274362463995,14100,13640,14100,13555,0.0,13640,0,0
560,2012-02-28,121.07436246399448,19698.25,19819.324362463994,13630,13775,13775,13490,0.0,13775,0,0
561,2012-02-29,121.07436246399448,19734.0,19855.074362463994,13820,13800,13900,13765,0.0,13800,0,0
562,2012-03-02,121.07436246399448,19912.75,20033.824362463994,13800,13925,13990,13800,0.0,13925,0,0
563,2012-03-05,20033.099618014992,0.0,20033.099618014992,13925,13510,13925,13455,-1.0,13510,0,0
564,2012-03-06,20033.099618014992,0.0,20033.099618014992,13460,13380,13565,13155,0.0,13380,0,0
565,2012-03-07,20033.099618014992,0.0,20033.099618014992,13125,13145,13255,13105,0.0,13145,0,0
566,2012-03-08,20033.099618014992,0.0,20033.099618014992,13175,13400,13400,13160,0.0,13400,0,0
567,2012-03-09,20033.099618014992,0.0,20033.099618014992,13505,13285,13505,13215,0.0,13285,0,0
568,2012-03-12,20033.099618014992,0.0,20033.099618014992,13385,13035,13385,13015,0.0,13035,0,0
569,2012-03-13,20033.099618014992,0.0,20033.099618014992,13050,13280,13325,13050,0.0,13280,0,0
570,2012-03-14,20033.099618014992,0.0,20033.099618014992,13410,13220,13500,13220,0.0,13220,0,0
571,2012-03-15,20033.099618014992,0.0,20033.099618014992,13220,12900,13300,12865,0.0,12900,0,0
572,2012-03-16,20033.099618014992,0.0,20033.099618014992,12885,13080,13100,12885,0.0,13080,0,0
573,2012-03-19,20033.099618014992,0.0,20033.099618014992,13150,13020,13160,12970,0.0,13020,0,0
574,2012-03-20,20033.099618014992,0.0,20033.099618014992,13180,13120,13190,13040,0.0,13120,0,0
575,2012-03-21,20033.099618014992,0.0,20033.099618014992,13100,12890,13100,12890,0.0,12890,0,0
576,2012-03-22,20033.099618014992,0.0,20033.099618014992,12915,12645,12915,12610,0.0,12645,0,0
577,2012-03-23,20033.099618014992,0.0,20033.099618014992,12645,12835,12880,12480,0.0,12835,0,0
578,2012-03-26,20033.099618014992,0.0,20033.099618014992,12875,12535,12950,12500,0.0,12535,0,0
579,2012-03-27,20033.099618014992,0.0,20033.099618014992,12800,12505,12800,12465,0.0,12505,0,0
580,2012-03-28,20033.099618014992,0.0,20033.099618014992,12500,12465,12540,12450,0.0,12465,0,0
581,2012-03-29,20033.099618014992,0.0,20033.099618014992,12430,12540,12545,12330,0.0,12540,0,0
582,2012-03-30,20033.099618014992,0.0,20033.099618014992,12400,12740,12775,12400,0.0,12740,0,0
583,2012-04-02,20033.099618014992,0.0,20033.099618014992,12800,12685,12820,12600,0.0,12685,0,0
584,2012-04-03,20033.099618014992,0.0,20033.099618014992,12860,12730,12860,12600,0.0,12730,0,0
585,2012-04-04,20033.099618014992,0.0,20033.099618014992,12650,12290,12655,12250,0.0,12290,0,0
586,2012-04-05,20033.099618014992,0.0,20033.099618014992,12255,12120,12275,11990,0.0,12120,0,0
587,2012-04-06,20033.099618014992,0.0,20033.099618014992,12120,12290,12430,12120,0.0,12290,0,0
588,2012-04-09,20033.099618014992,0.0,20033.099618014992,12290,12125,12390,12120,0.0,12125,0,0
589,2012-04-10,20033.099618014992,0.0,20033.099618014992,12130,12285,12420,12130,0.0,12285,0,0
590,2012-04-12,20033.099618014992,0.0,20033.099618014992,12405,12500,12520,12250,0.0,12500,0,0
591,2012-04-13,20033.099618014992,0.0,20033.099618014992,12550,12720,12770,12550,0.0,12720,0,0
592,2012-04-16,20033.099618014992,0.0,20033.099618014992,12720,12630,12750,12495,0.0,12630,0,0
593,2012-04-17,20033.099618014992,0.0,20033.099618014992,12670,12475,12695,12335,0.0,12475,0,0
594,2012-04-18,20033.099618014992,0.0,20033.099618014992,12610,12480,12625,12410,0.0,12480,0,0
595,2012-04-19,20033.099618014992,0.0,20033.099618014992,12495,12230,12495,12190,0.0,12230,0,0
596,2012-04-20,20033.099618014992,0.0,20033.099618014992,12130,11740,12130,11710,0.0,11740,0,0
597,2012-04-23,20033.099618014992,0.0,20033.099618014992,11745,11735,11900,11710,0.0,11735,0,0
598,2012-04-24,20033.099618014992,0.0,20033.099618014992,11720,11490,11720,11430,0.0,11490,0,0
599,2012-04-25,20033.099618014992,0.0,20033.099618014992,11525,11410,11640,11320,0.0,11410,0,0
600,2012-04-26,20033.099618014992,0.0,20033.099618014992,11460,11360,11600,11280,0.0,11360,0,0
601,2012-04-27,20033.099618014992,0.0,20033.099618014992,11345,11135,11345,11100,0.0,11135,0,0
602,2012-04-30,20033.099618014992,0.0,20033.099618014992,11200,10935,11200,10690,0.0,10935,0,0
603,2012-05-02,20033.099618014992,0.0,20033.099618014992,11065,11300,11355,11010,0.0,11300,0,0
604,2012-05-03,20033.099618014992,0.0,20033.099618014992,11300,11385,11395,11190,0.0,11385,0,0
605,2012-05-04,20033.099618014992,0.0,20033.099618014992,11385,11500,11505,11305,0.0,11500,0,0
606,2012-05-07,20033.099618014992,0.0,20033.099618014992,11400,11050,11400,11030,0.0,11050,0,0
607,2012-05-08,20033.099618014992,0.0,20033.099618014992,11260,11165,11260,11075,0.0,11165,0,0
608,2012-05-09,20033.099618014992,0.0,20033.099618014992,11100,10885,11160,10845,0.0,10885,0,0
609,2012-05-10,20033.099618014992,0.0,20033.099618014992,10885,10910,10940,10650,0.0,10910,0,0
610,2012-05-11,20033.099618014992,0.0,20033.099618014992,10955,10655,10955,10625,0.0,10655,0,0
611,2012-05-14,20033.099618014992,0.0,20033.099618014992,10750,10580,10750,10440,0.0,10580,0,0
612,2012-05-15,20033.099618014992,0.0,20033.099618014992,10250,10315,10525,10100,0.0,10315,0,0
613,2012-05-16,20033.099618014992,0.0,20033.099618014992,10300,10195,10440,10150,0.0,10195,0,0
614,2012-05-17,20033.099618014992,0.0,20033.099618014992,10250,10590,10615,10240,0.0,10590,0,0
615,2012-05-18,20033.099618014992,0.0,20033.099618014992,10270,10280,10490,10250,0.0,10280,0,0
616,2012-05-21,20033.099618014992,0.0,20033.099618014992,10430,10270,10455,10090,0.0,10270,0,0
617,2012-05-22,20033.099618014992,0.0,20033.099618014992,10380,10400,10400,10260,0.0,10400,0,0
618,2012-05-23,20033.099618014992,0.0,20033.099618014992,10390,10155,10390,10135,0.0,10155,0,0
619,2012-05-24,20033.099618014992,0.0,20033.099618014992,10290,10225,10290,10120,0.0,10225,0,0
620,2012-05-25,20033.099618014992,0.0,20033.099618014992,10270,10460,10465,10270,0.0,10460,0,0
621,2012-05-29,20033.099618014992,0.0,20033.099618014992,10500,10745,10745,10420,0.0,10745,0,0
622,2012-05-30,20033.099618014992,0.0,20033.099618014992,10745,10655,10745,10540,0.0,10655,0,0
623,2012-05-31,20033.099618014992,0.0,20033.099618014992,10580,10405,10580,10320,0.0,10405,0,0
624,2012-06-01,20033.099618014992,0.0,20033.099618014992,10445,10265,10445,10245,0.0,10265,0,0
625,2012-06-04,20033.099618014992,0.0,20033.099618014992,10010,9500,10030,9500,0.0,9500,0,0
626,2012-06-05,20033.099618014992,0.0,20033.099618014992,9710,9700,9825,9700,0.0,9700,0,0
627,2012-06-07,20033.099618014992,0.0,20033.099618014992,10020,10010,10140,9950,0.0,10010,0,0
628,2012-06-08,20033.099618014992,0.0,20033.099618014992,10100,9910,10150,9910,0.0,9910,0,0
629,2012-06-11,20033.099618014992,0.0,20033.099618014992,10060,10515,10515,10045,0.0,10515,0,0
630,2012-06-12,20033.099618014992,0.0,20033.099618014992,10400,10400,10505,10270,0.0,10400,0,0
631,2012-06-13,20033.099618014992,0.0,20033.099618014992,10515,10390,10600,10295,0.0,10390,0,0
632,2012-06-14,20033.099618014992,0.0,20033.099618014992,10315,10395,10445,10305,0.0,10395,0,0
633,2012-06-15,20033.099618014992,0.0,20033.099618014992,10440,10600,10600,10395,0.0,10600,0,0
634,2012-06-18,20033.099618014992,0.0,20033.099618014992,10820,10790,10905,10770,0.0,10790,0,0
635,2012-06-19,20033.099618014992,0.0,20033.099618014992,10790,10680,10895,10670,0.0,10680,0,0
636,2012-06-20,37.36961801499274,19995.0,20032.369618014993,10725,10750,10825,10725,1.0,10750,0,0
637,2012-06-21,37.36961801499274,19734.600000000002,19771.969618014995,10700,10610,10725,10560,0.0,10610,0,0
638,2012-06-22,37.36961801499274,19213.8,19251.169618014992,10450,10330,10450,10260,0.0,10330,0,0
639,2012-06-25,19380.665573790993,0.0,19380.665573790993,10400,10340,10410,10200,-1.0,10340,0,0
640,2012-06-26,19380.665573790993,0.0,19380.665573790993,10165,10325,10490,10165,0.0,10325,0,0
641,2012-06-27,19380.665573790993,0.0,19380.665573790993,10375,10335,10375,10180,0.0,10335,0,0
642,2012-06-28,19380.665573790993,0.0,19380.665573790993,10455,10370,10455,10270,0.0,10370,0,0
643,2012-06-29,19380.665573790993,0.0,19380.665573790993,10330,10545,10545,10170,0.0,10545,0,0
644,2012-07-02,24.265573790991766,19355.7,19379.965573790992,10845,10635,10845,10635,1.0,10635,0,0
645,2012-07-03,24.265573790991766,20056.4,20080.665573790993,10645,11020,11020,10645,0.0,11020,0,0
646,2012-07-04,24.265573790991766,20020.0,20044.26557379099,11085,11000,11130,10980,0.0,11000,0,0
647,2012-07-05,24.265573790991766,20174.7,20198.965573790992,10950,11085,11115,10950,0.0,11085,0,0
648,2012-07-06,24.265573790991766,20083.7,20107.965573790992,11115,11035,11115,10930,0.0,11035,0,0
649,2012-07-09,24.265573790991766,19665.100000000002,19689.365573790994,10950,10805,10990,10805,0.0,10805,0,0
650,2012-07-10,24.265573790991766,19474.0,19498.26557379099,10810,10700,10935,10600,0.0,10700,0,0
651,2012-07-11,24.265573790991766,19646.9,19671.165573790993,10655,10795,10805,10580,0.0,10795,0,0
652,2012-07-12,24.265573790991766,19082.7,19106.965573790992,10790,10485,10820,10485,0.0,10485,0,0
653,2012-07-13,24.265573790991766,19292.0,19316.26557379099,10605,10600,10640,10205,0.0,10600,0,0
654,2012-07-16,24.265573790991766,19373.9,19398.165573790993,10670,10645,10715,10610,0.0,10645,0,0
655,2012-07-17,24.265573790991766,19765.2,19789.465573790992,10645,10860,10920,10550,0.0,10860,0,0
656,2012-07-18,24.265573790991766,19510.4,19534.665573790993,10875,10720,10950,10660,0.0,10720,0,0
657,2012-07-19,24.265573790991766,19728.8,19753.06557379099,10840,10840,10900,10770,0.0,10840,0,0
658,2012-07-20,24.265573790991766,19883.5,19907.76557379099,10890,10925,10925,10760,0.0,10925,0,0
659,2012-07-23,24.265573790991766,19292.0,19316.26557379099,10880,10600,10880,10525,0.0,10600,0,0
660,2012-07-24,24.265573790991766,18928.0,18952.26557379099,10525,10400,10525,10220,0.0,10400,0,0
661,2012-07-25,18714.985281596593,0.0,18714.985281596593,10270,10355,10430,10195,-1.0,10355,0,0
662,2012-07-26,18714.985281596593,0.0,18714.985281596593,10395,10495,10495,10320,0.0,10495,0,0
663,2012-07-27,18714.985281596593,0.0,18714.985281596593,10590,10780,10780,10590,0.0,10780,0,0
664,2012-07-30,18714.985281596593,0.0,18714.985281596593,10830,10780,10890,10780,0.0,10780,0,0
665,2012-07-31,39.80528159659298,18674.5,18714.305281596593,10740,10985,11070,10740,1.0,10985,0,0
666,2012-08-01,39.80528159659298,18683.0,18722.805281596593,10950,10990,10995,10895,0.0,10990,0,0
667,2012-08-02,39.80528159659298,18742.5,18782.305281596593,10990,11025,11160,10990,0.0,11025,0,0
668,2012-08-03,39.80528159659298,18623.5,18663.305281596593,10825,10955,11000,10820,0.0,10955,0,0
669,2012-08-06,39.80528159659298,19380.0,19419.805281596593,11180,11400,11400,11180,0.0,11400,0,0
670,2012-08-07,39.80528159659298,19295.0,19334.805281596593,11385,11350,11450,11335,0.0,11350,0,0
671,2012-08-08,39.80528159659298,19533.0,19572.805281596593,11385,11490,11570,11385,0.0,11490,0,0
672,2012-08-09,39.80528159659298,19703.0,19742.805281596593,11540,11590,11745,11480,0.0,11590,0,0
673,2012-08-10,39.80528159659298,19626.5,19666.305281596593,11610,11545,11725,11545,0.0,11545,0,0
674,2012-08-13,39.80528159659298,19422.5,19462.305281596593,11555,11425,11620,11415,0.0,11425,0,0
675,2012-08-14,39.80528159659298,19737.0,19776.805281596593,11420,11610,11610,11420,0.0,11610,0,0
676,2012-08-16,39.80528159659298,19788.0,19827.805281596593,11620,11640,11700,11600,0.0,11640,0,0
677,2012-08-17,39.80528159659298,20077.0,20116.805281596593,11735,11810,11865,11735,0.0,11810,0,0
678,2012-08-20,39.80528159659298,19881.5,19921.305281596593,11810,11695,11865,11625,0.0,11695,0,0
679,2012-08-21,39.80528159659298,19779.5,19819.305281596593,11655,11635,11765,11635,0.0,11635,0,0
680,2012-08-22,39.80528159659298,19720.0,19759.805281596593,11595,11600,11660,11505,0.0,11600,0,0
681,2012-08-23,39.80528159659298,19618.0,19657.805281596593,11655,11540,11690,11505,0.0,11540,0,0
682,2012-08-24,39.80528159659298,19507.5,19547.305281596593,11615,11475,11615,11355,0.0,11475,0,0
683,2012-08-27,39.80528159659298,19737.0,19776.805281596593,11460,11610,11670,11455,0.0,11610,0,0
684,2012-08-28,39.80528159659298,19575.5,19615.305281596593,11600,11515,11625,11390,0.0,11515,0,0
685,2012-08-29,39.80528159659298,19643.5,19683.305281596593,11585,11555,11585,11420,0.0,11555,0,0
686,2012-08-30,39.80528159659298,19108.0,19147.805281596593,11550,11240,11550,11170,0.0,11240,0,0
687,2012-08-31,39.80528159659298,19125.0,19164.805281596593,11235,11250,11275,11150,0.0,11250,0,0
688,2012-09-03,39.80528159659298,19456.5,19496.305281596593,11265,11445,11445,11190,0.0,11445,0,0
689,2012-09-04,39.80528159659298,19422.5,19462.305281596593,11420,11425,11510,11390,0.0,11425,0,0
690,2012-09-05,39.80528159659298,19091.0,19130.805281596593,11270,11230,11405,11210,0.0,11230,0,0
691,2012-09-06,39.80528159659298,19091.0,19130.805281596593,11210,11230,11280,11175,0.0,11230,0,0
692,2012-09-07,39.80528159659298,19720.0,19759.805281596593,11410,11600,11600,11390,0.0,11600,0,0
693,2012-09-10,39.80528159659298,19541.5,19581.305281596593,11610,11495,11610,11495,0.0,11495,0,0
694,2012-09-11,39.80528159659298,19346.0,19385.805281596593,11480,11380,11480,11370,0.0,11380,0,0
695,2012-09-12,39.80528159659298,19669.0,19708.805281596593,11475,11570,11585,11465,0.0,11570,0,0
696,2012-09-13,39.80528159659298,19609.5,19649.305281596593,11590,11535,11590,11440,0.0,11535,0,0
697,2012-09-14,39.80528159659298,20230.0,20269.805281596593,11730,11900,11950,11730,0.0,11900,0,0
698,2012-09-17,39.80528159659298,20502.0,20541.805281596593,12010,12060,12140,11990,0.0,12060,0,0
699,2012-09-18,39.80528159659298,20485.0,20524.805281596593,12090,12050,12090,11910,0.0,12050,0,0
700,2012-09-19,39.80528159659298,20400.0,20439.805281596593,12005,12000,12015,11860,0.0,12000,0,0
701,2012-09-20,39.80528159659298,19932.5,19972.305281596593,11880,11725,11925,11700,0.0,11725,0,0
702,2012-09-21,39.80528159659298,19924.0,19963.805281596593,11705,11720,11785,11600,0.0,11720,0,0
703,2012-09-24,39.80528159659298,19779.5,19819.305281596593,11670,11635,11690,11530,0.0,11635,0,0
704,2012-09-25,39.80528159659298,19864.5,19904.305281596593,11665,11685,11785,11610,0.0,11685,0,0
705,2012-09-26,39.80528159659298,19660.5,19700.305281596593,11645,11565,11650,11505,0.0,11565,0,0
706,2012-09-27,39.80528159659298,19924.0,19963.805281596593,11550,11720,11720,11485,0.0,11720,0,0
707,2012-09-28,39.80528159659298,19864.5,19904.305281596593,11750,11685,11790,11670,0.0,11685,0,0
708,2012-10-02,39.80528159659298,20009.0,20048.805281596593,11740,11770,11830,11700,0.0,11770,0,0
709,2012-10-04,39.80528159659298,19643.5,19683.305281596593,11770,11555,11770,11540,0.0,11555,0,0
710,2012-10-05,39.80528159659298,19677.5,19717.305281596593,11590,11575,11660,11550,0.0,11575,0,0
711,2012-10-08,19759.08755247659,0.0,19759.08755247659,11600,11385,11600,11335,-1.0,11385,0,0
712,2012-10-09,19759.08755247659,0.0,19759.08755247659,11490,11270,11490,11270,0.0,11270,0,0
713,2012-10-10,19759.08755247659,0.0,19759.08755247659,11260,11195,11260,11170,0.0,11195,0,0
714,2012-10-11,19759.08755247659,0.0,19759.08755247659,11270,11100,11270,11020,0.0,11100,0,0
715,2012-10-12,19759.08755247659,0.0,19759.08755247659,11110,11110,11185,11050,0.0,11110,0,0
716,2012-10-15,19759.08755247659,0.0,19759.08755247659,11110,10935,11110,10890,0.0,10935,0,0
717,2012-10-16,19759.08755247659,0.0,19759.08755247659,10950,11085,11085,10950,0.0,11085,0,0
718,2012-10-17,19759.08755247659,0.0,19759.08755247659,11170,11330,11395,11170,0.0,11330,0,0
719,2012-10-18,19759.08755247659,0.0,19759.08755247659,11315,11510,11510,11315,0.0,11510,0,0
720,2012-10-19,19759.08755247659,0.0,19759.08755247659,11500,11425,11570,11415,0.0,11425,0,0
721,2012-10-22,19759.08755247659,0.0,19759.08755247659,11255,11320,11340,11180,0.0,11320,0,0
722,2012-10-23,19759.08755247659,0.0,19759.08755247659,11305,11145,11305,11145,0.0,11145,0,0
723,2012-10-24,19759.08755247659,0.0,19759.08755247659,11100,10950,11100,10840,0.0,10950,0,0
724,2012-10-25,19759.08755247659,0.0,19759.08755247659,10805,10745,10900,10630,0.0,10745,0,0
725,2012-10-26,19759.08755247659,0.0,19759.08755247659,10745,10595,10800,10580,0.0,10595,0,0
726,2012-10-29,19759.08755247659,0.0,19759.08755247659,10535,10620,10690,10535,0.0,10620,0,0
727,2012-10-30,19759.08755247659,0.0,19759.08755247659,10595,10750,10785,10595,0.0,10750,0,0
728,2012-10-31,19759.08755247659,0.0,19759.08755247659,10755,10960,11000,10755,0.0,10960,0,0
729,2012-11-01,19759.08755247659,0.0,19759.08755247659,10900,10920,10960,10815,0.0,10920,0,0
730,2012-11-02,19759.08755247659,0.0,19759.08755247659,11005,11145,11145,11005,0.0,11145,0,0
731,2012-11-05,19759.08755247659,0.0,19759.08755247659,11100,11035,11145,11015,0.0,11035,0,0
732,2012-11-06,19759.08755247659,0.0,19759.08755247659,11035,11260,11260,11035,0.0,11260,0,0
733,2012-11-07,19759.08755247659,0.0,19759.08755247659,11300,11305,11315,11175,0.0,11305,0,0
734,2012-11-08,19759.08755247659,0.0,19759.08755247659,10955,10980,11055,10955,0.0,10980,0,0
735,2012-11-09,19759.08755247659,0.0,19759.08755247659,10860,11015,11015,10775,0.0,11015,0,0
736,2012-11-12,19759.08755247659,0.0,19759.08755247659,10945,10860,10970,10815,0.0,10860,0,0
737,2012-11-13,19759.08755247659,0.0,19759.08755247659,10975,10735,10975,10665,0.0,10735,0,0
738,2012-11-14,19759.08755247659,0.0,19759.08755247659,10735,10605,10735,10505,0.0,10605,0,0
739,2012-11-15,19759.08755247659,0.0,19759.08755247659,10465,10570,10580,10390,0.0,10570,0,0
740,2012-11-16,19759.08755247659,0.0,19759.08755247659,10570,10525,10635,10455,0.0,10525,0,0
741,2012-11-19,19759.08755247659,0.0,19759.08755247659,10545,10645,10660,10535,0.0,10645,0,0
742,2012-11-20,19759.08755247659,0.0,19759.08755247659,10705,10665,10745,10635,0.0,10665,0,0
743,2012-11-21,19759.08755247659,0.0,19759.08755247659,10620,10505,10670,10420,0.0,10505,0,0
744,2012-11-22,19759.08755247659,0.0,19759.08755247659,10520,10510,10610,10510,0.0,10510,0,0
745,2012-11-23,19759.08755247659,0.0,19759.08755247659,10505,10565,10595,10500,0.0,10565,0,0
746,2012-11-26,19759.08755247659,0.0,19759.08755247659,10570,10650,10685,10570,0.0,10650,0,0
747,2012-11-27,19759.08755247659,0.0,19759.08755247659,10660,10870,10900,10620,0.0,10870,0,0
748,2012-11-28,19759.08755247659,0.0,19759.08755247659,10855,10825,10855,10735,0.0,10825,0,0
749,2012-11-29,19759.08755247659,0.0,19759.08755247659,10870,10980,11040,10870,0.0,10980,0,0
750,2012-11-30,19759.08755247659,0.0,19759.08755247659,10985,11015,11070,10980,0.0,11015,0,0
751,2012-12-03,98.26755247659094,19660.1,19758.36755247659,11000,11045,11070,10970,1.0,11045,0,0
752,2012-12-04,98.26755247659094,19402.0,19500.26755247659,11000,10900,11000,10840,0.0,10900,0,0
753,2012-12-05,98.26755247659094,19535.5,19633.76755247659,10975,10975,10990,10785,0.0,10975,0,0
754,2012-12-06,98.26755247659094,19918.2,20016.46755247659,11000,11190,11230,11000,0.0,11190,0,0
755,2012-12-07,98.26755247659094,20114.0,20212.26755247659,11160,11300,11320,11160,0.0,11300,0,0
756,2012-12-10,98.26755247659094,20051.7,20149.96755247659,11355,11265,11355,11220,0.0,11265,0,0
757,2012-12-11,98.26755247659094,20318.7,20416.96755247659,11270,11415,11415,11245,0.0,11415,0,0
758,2012-12-12,98.26755247659094,20505.6,20603.86755247659,11450,11520,11600,11450,0.0,11520,0,0
759,2012-12-13,98.26755247659094,20559.0,20657.26755247659,11480,11550,11630,11480,0.0,11550,0,0
760,2012-12-14,98.26755247659094,20701.4,20799.667552476592,11550,11630,11665,11535,0.0,11630,0,0
761,2012-12-17,98.26755247659094,20470.0,20568.26755247659,11625,11500,11625,11480,0.0,11500,0,0
762,2012-12-18,98.26755247659094,20852.7,20950.96755247659,11510,11715,11735,11510,0.0,11715,0,0
763,2012-12-20,98.26755247659094,20932.8,21031.06755247659,11745,11760,11825,11745,0.0,11760,0,0
764,2012-12-21,98.26755247659094,20897.2,20995.46755247659,11810,11740,11830,11615,0.0,11740,0,0
765,2012-12-24,98.26755247659094,20728.1,20826.36755247659,11725,11645,11725,11640,0.0,11645,0,0
766,2012-12-26,98.26755247659094,20665.8,20764.06755247659,11620,11610,11760,11610,0.0,11610,0,0
767,2012-12-27,98.26755247659094,20826.0,20924.26755247659,11590,11700,11770,11590,0.0,11700,0,0
768,2012-12-28,98.26755247659094,21012.9,21111.167552476592,11705,11805,11845,11705,0.0,11805,0,0
769,2013-01-02,98.26755247659094,21591.4,21689.667552476592,11850,12130,12145,11850,0.0,12130,0,0
770,2013-01-03,98.26755247659094,21867.3,21965.56755247659,12295,12285,12300,12190,0.0,12285,0,0
771,2013-01-04,98.26755247659094,21502.4,21600.667552476592,12285,12080,12300,12070,0.0,12080,0,0
772,2013-01-07,98.26755247659094,21306.6,21404.86755247659,12055,11970,12100,11815,0.0,11970,0,0
773,2013-01-08,98.26755247659094,21048.5,21146.76755247659,11995,11825,11995,11810,0.0,11825,0,0
774,2013-01-09,98.26755247659094,20897.2,20995.46755247659,11825,11740,11875,11740,0.0,11740,0,0
775,2013-01-10,98.26755247659094,21039.6,21137.86755247659,11805,11820,11885,11650,0.0,11820,0,0
776,2013-01-11,98.26755247659094,20826.0,20924.26755247659,11850,11700,11885,11695,0.0,11700,0,0
777,2013-01-14,98.26755247659094,20470.0,20568.26755247659,11625,11500,11625,11500,0.0,11500,0,0
778,2013-01-15,98.26755247659094,20318.7,20416.96755247659,11500,11415,11620,11385,0.0,11415,0,0
779,2013-01-16,98.26755247659094,20256.4,20354.667552476592,11365,11380,11510,11365,0.0,11380,0,0
780,2013-01-17,20336.13094839099,0.0,20336.13094839099,11370,11500,11500,11345,-1.0,11500,0,0
781,2013-01-18,20336.13094839099,0.0,20336.13094839099,11550,11440,11555,11370,0.0,11440,0,0
782,2013-01-21,20336.13094839099,0.0,20336.13094839099,11410,11425,11495,11400,0.0,11425,0,0
783,2013-01-22,20336.13094839099,0.0,20336.13094839099,11485,11380,11485,11325,0.0,11380,0,0
784,2013-01-23,20336.13094839099,0.0,20336.13094839099,11385,11380,11485,11360,0.0,11380,0,0
785,2013-01-24,20336.13094839099,0.0,20336.13094839099,11400,11380,11475,11360,0.0,11380,0,0
786,2013-01-25,20336.13094839099,0.0,20336.13094839099,11400,11310,11400,11225,0.0,11310,0,0
787,2013-01-28,20336.13094839099,0.0,20336.13094839099,11260,11310,11320,11225,0.0,11310,0,0
788,2013-01-29,20336.13094839099,0.0,20336.13094839099,11310,11405,11410,11310,0.0,11405,0,0
789,2013-01-30,20336.13094839099,0.0,20336.13094839099,11415,11300,11425,11295,0.0,11300,0,0
790,2013-01-31,20336.13094839099,0.0,20336.13094839099,11345,11315,11375,11250,0.0,11315,0,0
791,2013-02-01,20336.13094839099,0.0,20336.13094839099,11310,11210,11310,11115,0.0,11210,0,0
792,2013-02-04,20336.13094839099,0.0,20336.13094839099,11240,11145,11265,11120,0.0,11145,0,0
793,2013-02-05,20336.13094839099,0.0,20336.13094839099,11075,11040,11120,11040,0.0,11040,0,0
794,2013-02-06,20336.13094839099,0.0,20336.13094839099,11050,10960,11055,10940,0.0,10960,0,0
795,2013-02-07,20336.13094839099,0.0,20336.13094839099,11000,10935,11040,10920,0.0,10935,0,0
796,2013-02-08,20336.13094839099,0.0,20336.13094839099,10950,11025,11025,10900,0.0,11025,0,0
797,2013-02-12,20336.13094839099,0.0,20336.13094839099,11060,11110,11115,11010,0.0,11110,0,0
798,2013-02-13,20336.13094839099,0.0,20336.13094839099,11130,11305,11350,11100,0.0,11305,0,0
799,2013-02-14,20336.13094839099,0.0,20336.13094839099,11320,11420,11420,11320,0.0,11420,0,0
800,2013-02-15,20336.13094839099,0.0,20336.13094839099,11385,11390,11440,11350,0.0,11390,0,0
801,2013-02-18,20336.13094839099,0.0,20336.13094839099,11400,11340,11400,11290,0.0,11340,0,0
802,2013-02-19,20336.13094839099,0.0,20336.13094839099,11370,11410,11425,11300,0.0,11410,0,0
803,2013-02-20,33.490948390990525,20301.9,20335.390948390992,11360,11470,11510,11360,1.0,11470,0,0
804,2013-02-21,33.490948390990525,20071.8,20105.29094839099,11400,11340,11450,11295,0.0,11340,0,0
805,2013-02-22,33.490948390990525,19983.3,20016.79094839099,11290,11290,11390,11265,0.0,11290,0,0
806,2013-02-25,19971.81524672719,0.0,19971.81524672719,11265,11280,11370,11265,-1.0,11280,0,0
807,2013-02-26,19971.81524672719,0.0,19971.81524672719,11280,11230,11285,11200,0.0,11230,0,0
808,2013-02-27,19971.81524672719,0.0,19971.81524672719,11260,11200,11260,11095,0.0,11200,0,0
809,2013-02-28,19971.81524672719,0.0,19971.81524672719,11225,11300,11305,11205,0.0,11300,0,0
810,2013-03-04,19971.81524672719,0.0,19971.81524672719,11300,11005,11300,10960,0.0,11005,0,0
811,2013-03-05,19971.81524672719,0.0,19971.81524672719,10990,10945,11100,10900,0.0,10945,0,0
812,2013-03-06,19971.81524672719,0.0,19971.81524672719,11025,10955,11065,10940,0.0,10955,0,0
813,2013-03-07,19971.81524672719,0.0,19971.81524672719,10950,10890,10950,10820,0.0,10890,0,0
814,2013-03-08,19971.81524672719,0.0,19971.81524672719,10920,10900,10975,10850,0.0,10900,0,0
815,2013-03-11,19971.81524672719,0.0,19971.81524672719,10900,10820,10900,10785,0.0,10820,0,0
816,2013-03-12,19971.81524672719,0.0,19971.81524672719,10820,10850,10925,10795,0.0,10850,0,0
817,2013-03-13,19971.81524672719,0.0,19971.81524672719,10850,10770,10875,10720,0.0,10770,0,0
818,2013-03-14,19971.81524672719,0.0,19971.81524672719,10750,10715,10760,10655,0.0,10715,0,0
819,2013-03-15,19971.81524672719,0.0,19971.81524672719,10730,10675,10775,10640,0.0,10675,0,0
820,2013-03-18,19971.81524672719,0.0,19971.81524672719,10700,10525,10700,10500,0.0,10525,0,0
821,2013-03-19,19971.81524672719,0.0,19971.81524672719,10550,10510,10610,10500,0.0,10510,0,0
822,2013-03-20,19971.81524672719,0.0,19971.81524672719,10500,10440,10500,10410,0.0,10440,0,0
823,2013-03-21,19971.81524672719,0.0,19971.81524672719,10460,10485,10600,10460,0.0,10485,0,0
824,2013-03-22,19971.81524672719,0.0,19971.81524672719,10480,10460,10600,10430,0.0,10460,0,0
825,2013-03-25,19971.81524672719,0.0,19971.81524672719,10560,10500,10565,10455,0.0,10500,0,0
826,2013-03-26,19971.81524672719,0.0,19971.81524672719,10545,10425,10545,10365,0.0,10425,0,0
827,2013-03-27,19971.81524672719,0.0,19971.81524672719,10475,10505,10575,10410,0.0,10505,0,0
828,2013-03-28,19971.81524672719,0.0,19971.81524672719,10650,10465,10650,10460,0.0,10465,0,0
829,2013-03-29,19971.81524672719,0.0,19971.81524672719,10500,10500,10560,10500,0.0,10500,0,0
830,2013-04-01,19971.81524672719,0.0,19971.81524672719,10500,10460,10530,10390,0.0,10460,0,0
831,2013-04-02,19971.81524672719,0.0,19971.81524672719,10450,10240,10475,10200,0.0,10240,0,0
832,2013-04-03,19971.81524672719,0.0,19971.81524672719,10205,10145,10225,10080,0.0,10145,0,0
833,2013-04-04,19971.81524672719,0.0,19971.81524672719,10145,10005,10150,9900,0.0,10005,0,0
834,2013-04-05,19971.81524672719,0.0,19971.81524672719,10000,9800,10000,9665,0.0,9800,0,0
835,2013-04-08,19971.81524672719,0.0,19971.81524672719,9800,9865,9895,9800,0.0,9865,0,0
836,2013-04-09,19971.81524672719,0.0,19971.81524672719,9850,9870,9965,9715,0.0,9870,0,0
837,2013-04-10,19971.81524672719,0.0,19971.81524672719,9915,10000,10000,9875,0.0,10000,0,0
838,2013-04-11,19971.81524672719,0.0,19971.81524672719,10020,9935,10020,9850,0.0,9935,0,0
839,2013-04-12,19971.81524672719,0.0,19971.81524672719,9935,9670,9995,9645,0.0,9670,0,0
840,2013-04-15,19971.81524672719,0.0,19971.81524672719,9705,9680,9705,9525,0.0,9680,0,0
841,2013-04-16,19971.81524672719,0.0,19971.81524672719,9580,9550,9580,9390,0.0,9550,0,0
842,2013-04-17,19971.81524672719,0.0,19971.81524672719,9550,9540,9555,9345,0.0,9540,0,0
843,2013-04-18,19971.81524672719,0.0,19971.81524672719,9500,9475,9550,9430,0.0,9475,0,0
844,2013-04-19,19971.81524672719,0.0,19971.81524672719,9380,9555,9575,9375,0.0,9555,0,0
845,2013-04-22,19971.81524672719,0.0,19971.81524672719,9570,9645,9675,9545,0.0,9645,0,0
846,2013-04-23,19971.81524672719,0.0,19971.81524672719,9680,9540,9680,9500,0.0,9540,0,0
847,2013-04-24,19971.81524672719,0.0,19971.81524672719,9580,9735,9740,9580,0.0,9735,0,0
848,2013-04-25,19971.81524672719,0.0,19971.81524672719,9735,9875,9910,9735,0.0,9875,0,0
849,2013-04-26,19971.81524672719,0.0,19971.81524672719,9920,9810,9920,9810,0.0,9810,0,0
850,2013-04-29,19971.81524672719,0.0,19971.81524672719,9785,9570,9785,9490,0.0,9570,0,0
851,2013-04-30,19971.81524672719,0.0,19971.81524672719,9570,9725,9725,9570,0.0,9725,0,0
852,2013-05-02,19971.81524672719,0.0,19971.81524672719,9725,9575,9725,9570,0.0,9575,0,0
853,2013-05-03,19971.81524672719,0.0,19971.81524672719,9620,9600,9620,9545,0.0,9600,0,0
854,2013-05-06,19971.81524672719,0.0,19971.81524672719,9645,9820,9970,9645,0.0,9820,0,0
855,2013-05-07,19971.81524672719,0.0,19971.81524672719,9820,9770,9880,9770,0.0,9770,0,0
856,2013-05-08,19971.81524672719,0.0,19971.81524672719,9885,9775,9885,9770,0.0,9775,0,0
857,2013-05-09,19971.81524672719,0.0,19971.81524672719,9995,10020,10050,9840,0.0,10020,0,0
858,2013-05-10,19971.81524672719,0.0,19971.81524672719,10000,9860,10010,9860,0.0,9860,0,0
859,2013-05-13,19971.81524672719,0.0,19971.81524672719,10055,9835,10055,9825,0.0,9835,0,0
860,2013-05-14,71.09524672718908,19900.0,19971.09524672719,9840,9950,9980,9840,1.0,9950,0,0
861,2013-05-15,71.09524672718908,19950.0,20021.09524672719,9995,9975,10000,9935,0.0,9975,0,0
862,2013-05-16,71.09524672718908,20060.0,20131.09524672719,10015,10030,10090,10000,0.0,10030,0,0
863,2013-05-20,71.09524672718908,20250.0,20321.09524672719,10050,10125,10140,10050,0.0,10125,0,0
864,2013-05-21,71.09524672718908,20290.0,20361.09524672719,10100,10145,10190,10085,0.0,10145,0,0
865,2013-05-22,71.09524672718908,20060.0,20131.09524672719,10100,10030,10195,10025,0.0,10030,0,0
866,2013-05-23,71.09524672718908,19600.0,19671.09524672719,10010,9800,10015,9800,0.0,9800,0,0
867,2013-05-24,71.09524672718908,19340.0,19411.09524672719,9805,9670,9870,9615,0.0,9670,0,0
868,2013-05-27,19370.39280392719,0.0,19370.39280392719,9650,9650,9650,9575,-1.0,9650,0,0
869,2013-05-28,19370.39280392719,0.0,19370.39280392719,9655,9700,9725,9630,0.0,9700,0,0
870,2013-05-29,19370.39280392719,0.0,19370.39280392719,9735,9685,9780,9665,0.0,9685,0,0
871,2013-05-30,19370.39280392719,0.0,19370.39280392719,9635,9695,9705,9615,0.0,9695,0,0
872,2013-05-31,19370.39280392719,0.0,19370.39280392719,9735,9835,9935,9735,0.0,9835,0,0
873,2013-06-03,19370.39280392719,0.0,19370.39280392719,9835,9890,9900,9760,0.0,9890,0,0
874,2013-06-04,19370.39280392719,0.0,19370.39280392719,9935,9890,9940,9800,0.0,9890,0,0
875,2013-06-05,19370.39280392719,0.0,19370.39280392719,9930,9745,9930,9745,0.0,9745,0,0
876,2013-06-07,19370.39280392719,0.0,19370.39280392719,9820,9660,9820,9650,0.0,9660,0,0
877,2013-06-10,19370.39280392719,0.0,19370.39280392719,9670,9680,9740,9635,0.0,9680,0,0
878,2013-06-11,19370.39280392719,0.0,19370.39280392719,9680,9475,9680,9460,0.0,9475,0,0
879,2013-06-12,19370.39280392719,0.0,19370.39280392719,9450,9440,9500,9440,0.0,9440,0,0
880,2013-06-13,19370.39280392719,0.0,19370.39280392719,9440,9375,9485,9325,0.0,9375,0,0
881,2013-06-14,19370.39280392719,0.0,19370.39280392719,9400,9355,9450,9330,0.0,9355,0,0
882,2013-06-17,19370.39280392719,0.0,19370.39280392719,9395,9355,9410,9300,0.0,9355,0,0
883,2013-06-18,19370.39280392719,0.0,19370.39280392719,9350,9270,9350,9145,0.0,9270,0,0
884,2013-06-19,19370.39280392719,0.0,19370.39280392719,9270,9060,9270,9020,0.0,9060,0,0
885,2013-06-20,19370.39280392719,0.0,19370.39280392719,9000,8760,9000,8735,0.0,8760,0,0
886,2013-06-21,19370.39280392719,0.0,19370.39280392719,8620,8610,8620,8450,0.0,8610,0,0
887,2013-06-24,19370.39280392719,0.0,19370.39280392719,8555,8550,8630,8520,0.0,8550,0,0
888,2013-06-25,19370.39280392719,0.0,19370.39280392719,8330,8565,8710,8330,0.0,8565,0,0
889,2013-06-26,19370.39280392719,0.0,19370.39280392719,8615,8590,8635,8500,0.0,8590,0,0
890,2013-06-27,19370.39280392719,0.0,19370.39280392719,8635,8830,8830,8635,0.0,8830,0,0
891,2013-06-28,19370.39280392719,0.0,19370.39280392719,8870,8965,9005,8870,0.0,8965,0,0
892,2013-07-01,19370.39280392719,0.0,19370.39280392719,9000,9045,9105,8930,0.0,9045,0,0
893,2013-07-02,19370.39280392719,0.0,19370.39280392719,9085,8970,9085,8950,0.0,8970,0,0
894,2013-07-03,19370.39280392719,0.0,19370.39280392719,8995,8895,9045,8895,0.0,8895,0,0
895,2013-07-04,19370.39280392719,0.0,19370.39280392719,8860,9020,9020,8860,0.0,9020,0,0
896,2013-07-05,19370.39280392719,0.0,19370.39280392719,9070,9070,9185,9030,0.0,9070,0,0
897,2013-07-08,19370.39280392719,0.0,19370.39280392719,9105,9020,9145,9000,0.0,9020,0,0
898,2013-07-09,19370.39280392719,0.0,19370.39280392719,9020,9035,9035,8915,0.0,9035,0,0
899,2013-07-10,19370.39280392719,0.0,19370.39280392719,9040,8980,9075,8980,0.0,8980,0,0
900,2013-07-11,19370.39280392719,0.0,19370.39280392719,9050,9330,9330,9050,0.0,9330,0,0
901,2013-07-12,19370.39280392719,0.0,19370.39280392719,9390,9315,9395,9315,0.0,9315,0,0
902,2013-07-15,71.2928039271901,19298.4,19369.69280392719,9350,9460,9460,9280,1.0,9460,0,0
903,2013-07-16,71.2928039271901,19329.0,19400.29280392719,9500,9475,9500,9445,0.0,9475,0,0
904,2013-07-17,71.2928039271901,19339.2,19410.49280392719,9495,9480,9520,9320,0.0,9480,0,0
905,2013-07-18,71.2928039271901,19237.2,19308.49280392719,9480,9430,9510,9430,0.0,9430,0,0
906,2013-07-19,71.2928039271901,19492.2,19563.49280392719,9500,9555,9565,9430,0.0,9555,0,0
907,2013-07-22,71.2928039271901,19686.0,19757.29280392719,9550,9650,9665,9550,0.0,9650,0,0
908,2013-07-23,71.2928039271901,19747.2,19818.49280392719,9650,9680,9700,9645,0.0,9680,0,0
909,2013-07-24,71.2928039271901,19818.6,19889.89280392719,9685,9715,9725,9645,0.0,9715,0,0
910,2013-07-25,71.2928039271901,19910.4,19981.69280392719,9750,9760,9790,9715,0.0,9760,0,0
911,2013-07-26,71.2928039271901,20226.6,20297.89280392719,9800,9915,9920,9745,0.0,9915,0,0
912,2013-07-29,71.2928039271901,20043.0,20114.29280392719,9930,9825,9930,9815,0.0,9825,0,0
913,2013-07-30,71.2928039271901,20247.0,20318.29280392719,9790,9925,9925,9780,0.0,9925,0,0
914,2013-07-31,71.2928039271901,20216.4,20287.69280392719,9900,9910,9965,9860,0.0,9910,0,0
915,2013-08-01,71.2928039271901,20145.0,20216.29280392719,9940,9875,9940,9770,0.0,9875,0,0
916,2013-08-02,71.2928039271901,20359.2,20430.49280392719,9940,9980,10045,9940,0.0,9980,0,0
917,2013-08-05,71.2928039271901,20338.8,20410.09280392719,9915,9970,10015,9915,0.0,9970,0,0
918,2013-08-06,71.2928039271901,20043.0,20114.29280392719,9970,9825,9970,9770,0.0,9825,0,0
919,2013-08-07,71.2928039271901,19930.8,20002.09280392719,9675,9770,9770,9675,0.0,9770,0,0
920,2013-08-08,71.2928039271901,19961.4,20032.69280392719,9635,9785,9845,9635,0.0,9785,0,0
921,2013-08-09,71.2928039271901,19849.2,19920.49280392719,9810,9730,9810,9660,0.0,9730,0,0
922,2013-08-12,71.2928039271901,20063.4,20134.69280392719,9805,9835,9840,9765,0.0,9835,0,0
923,2013-08-13,71.2928039271901,20226.6,20297.89280392719,9850,9915,9930,9850,0.0,9915,0,0
924,2013-08-14,71.2928039271901,20655.0,20726.29280392719,9960,10125,10125,9945,0.0,10125,0,0
925,2013-08-16,71.2928039271901,20491.8,20563.09280392719,10090,10045,10150,10025,0.0,10045,0,0
926,2013-08-19,71.2928039271901,20675.4,20746.69280392719,10045,10135,10135,10045,0.0,10135,0,0
927,2013-08-20,71.2928039271901,20145.0,20216.29280392719,10155,9875,10155,9795,0.0,9875,0,0
928,2013-08-21,71.2928039271901,19828.8,19900.09280392719,9875,9720,9875,9585,0.0,9720,0,0
929,2013-08-22,71.2928039271901,19624.8,19696.09280392719,9565,9620,9640,9470,0.0,9620,0,0
930,2013-08-23,71.2928039271901,19686.0,19757.29280392719,9620,9650,9695,9600,0.0,9650,0,0
931,2013-08-26,71.2928039271901,20032.8,20104.09280392719,9695,9820,9850,9695,0.0,9820,0,0
932,2013-08-27,71.2928039271901,19859.4,19930.69280392719,9785,9735,9820,9715,0.0,9735,0,0
933,2013-08-28,71.2928039271901,20032.8,20104.09280392719,9635,9820,9820,9630,0.0,9820,0,0
934,2013-08-29,71.2928039271901,20012.4,20083.69280392719,9865,9810,9915,9810,0.0,9810,0,0
935,2013-08-30,71.2928039271901,20114.4,20185.69280392719,9860,9860,9865,9770,0.0,9860,0,0
936,2013-09-02,71.2928039271901,20134.8,20206.09280392719,9905,9870,9905,9825,0.0,9870,0,0
937,2013-09-03,71.2928039271901,20338.8,20410.09280392719,9915,9970,9990,9895,0.0,9970,0,0
938,2013-09-04,71.2928039271901,20359.2,20430.49280392719,10010,9980,10010,9915,0.0,9980,0,0
939,2013-09-05,71.2928039271901,20583.6,20654.89280392719,10010,10090,10115,9950,0.0,10090,0,0
940,2013-09-06,71.2928039271901,20624.4,20695.69280392719,10130,10110,10145,10070,0.0,10110,0,0
941,2013-09-09,71.2928039271901,21114.0,21185.29280392719,10120,10350,10390,10120,0.0,10350,0,0
942,2013-09-10,71.2928039271901,21124.2,21195.49280392719,10350,10355,10430,10270,0.0,10355,0,0
943,2013-09-11,71.2928039271901,21318.0,21389.29280392719,10440,10450,10450,10340,0.0,10450,0,0
944,2013-09-12,71.2928039271901,21389.4,21460.69280392719,10315,10485,10550,10315,0.0,10485,0,0
945,2013-09-13,71.2928039271901,21093.600000000002,21164.892803927192,10470,10340,10500,10340,0.0,10340,0,0
946,2013-09-16,71.2928039271901,21348.600000000002,21419.892803927192,10400,10465,10500,10400,0.0,10465,0,0
947,2013-09-17,71.2928039271901,21440.4,21511.69280392719,10425,10510,10520,10425,0.0,10510,0,0
948,2013-09-23,71.2928039271901,21756.600000000002,21827.892803927192,10515,10665,10700,10490,0.0,10665,0,0
949,2013-09-24,71.2928039271901,21491.4,21562.69280392719,10665,10535,10685,10475,0.0,10535,0,0
950,2013-09-25,71.2928039271901,21430.2,21501.49280392719,10495,10505,10560,10490,0.0,10505,0,0
951,2013-09-26,71.2928039271901,21562.8,21634.09280392719,10495,10570,10635,10495,0.0,10570,0,0
952,2013-09-27,71.2928039271901,21613.8,21685.09280392719,10570,10595,10600,10535,0.0,10595,0,0
953,2013-09-30,71.2928039271901,21358.8,21430.09280392719,10590,10470,10590,10420,0.0,10470,0,0
954,2013-10-01,71.2928039271901,21134.4,21205.69280392719,10385,10360,10525,10360,0.0,10360,0,0
955,2013-10-02,71.2928039271901,21236.4,21307.69280392719,10400,10410,10450,10325,0.0,10410,0,0
956,2013-10-04,71.2928039271901,20971.2,21042.49280392719,10400,10280,10400,10150,0.0,10280,0,0
957,2013-10-07,71.2928039271901,20899.8,20971.09280392719,10280,10245,10280,10200,0.0,10245,0,0
958,2013-10-08,71.2928039271901,21205.8,21277.09280392719,10300,10395,10400,10175,0.0,10395,0,0
959,2013-10-10,71.2928039271901,21175.2,21246.49280392719,10355,10380,10430,10355,0.0,10380,0,0
960,2013-10-11,71.2928039271901,21573.0,21644.29280392719,10395,10575,10580,10395,0.0,10575,0,0
961,2013-10-14,71.2928039271901,21766.8,21838.09280392719,10605,10670,10700,10605,0.0,10670,0,0
962,2013-10-15,71.2928039271901,21981.0,22052.29280392719,10705,10775,10795,10705,0.0,10775,0,0
963,2013-10-16,71.2928039271901,22144.2,22215.49280392719,10815,10855,10870,10790,0.0,10855,0,0
964,2013-10-17,71.2928039271901,22297.2,22368.49280392719,10895,10930,10965,10855,0.0,10930,0,0
965,2013-10-18,71.2928039271901,22327.8,22399.09280392719,10925,10945,10990,10850,0.0,10945,0,0
966,2013-10-21,71.2928039271901,22348.2,22419.49280392719,10995,10955,11015,10890,0.0,10955,0,0
967,2013-10-22,71.2928039271901,22297.2,22368.49280392719,10880,10930,10970,10880,0.0,10930,0,0
968,2013-10-23,71.2928039271901,21991.2,22062.49280392719,10900,10780,10945,10755,0.0,10780,0,0
969,2013-10-24,71.2928039271901,22072.8,22144.09280392719,10735,10820,10820,10675,0.0,10820,0,0
970,2013-10-25,71.2928039271901,21593.4,21664.69280392719,10850,10585,10850,10510,0.0,10585,0,0
971,2013-10-28,71.2928039271901,21491.4,21562.69280392719,10580,10535,10580,10365,0.0,10535,0,0
972,2013-10-29,71.2928039271901,21766.8,21838.09280392719,10580,10670,10685,10580,0.0,10670,0,0
973,2013-10-30,71.2928039271901,21868.8,21940.09280392719,10700,10720,10720,10655,0.0,10720,0,0
974,2013-10-31,71.2928039271901,21573.0,21644.29280392719,10755,10575,10755,10570,0.0,10575,0,0
975,2013-11-01,71.2928039271901,21491.4,21562.69280392719,10630,10535,10630,10480,0.0,10535,0,0
976,2013-11-04,21694.50577682319,0.0,21694.50577682319,10600,10390,10600,10390,-1.0,10390,0,0
977,2013-11-05,21694.50577682319,0.0,21694.50577682319,10350,10275,10450,10275,0.0,10275,0,0
978,2013-11-06,21694.50577682319,0.0,21694.50577682319,10250,10300,10400,10250,0.0,10300,0,0
979,2013-11-07,21694.50577682319,0.0,21694.50577682319,10300,10300,10385,10215,0.0,10300,0,0
980,2013-11-08,21694.50577682319,0.0,21694.50577682319,10225,10215,10300,10175,0.0,10215,0,0
981,2013-11-11,21694.50577682319,0.0,21694.50577682319,10215,10170,10280,10130,0.0,10170,0,0
982,2013-11-12,21694.50577682319,0.0,21694.50577682319,10240,10255,10275,10155,0.0,10255,0,0
983,2013-11-13,21694.50577682319,0.0,21694.50577682319,10220,10035,10225,10000,0.0,10035,0,0
984,2013-11-14,21694.50577682319,0.0,21694.50577682319,10100,10020,10135,9920,0.0,10020,0,0
985,2013-11-15,21694.50577682319,0.0,21694.50577682319,10075,10210,10230,10020,0.0,10210,0,0
986,2013-11-18,21694.50577682319,0.0,21694.50577682319,10260,10300,10400,10260,0.0,10300,0,0
987,2013-11-19,21694.50577682319,0.0,21694.50577682319,10310,10455,10455,10300,0.0,10455,0,0
988,2013-11-20,21694.50577682319,0.0,21694.50577682319,10415,10360,10450,10350,0.0,10360,0,0
989,2013-11-21,21694.50577682319,0.0,21694.50577682319,10375,10180,10375,10175,0.0,10180,0,0
990,2013-11-22,21694.50577682319,0.0,21694.50577682319,10265,10295,10330,10225,0.0,10295,0,0
991,2013-11-25,21694.50577682319,0.0,21694.50577682319,10285,10320,10415,10285,0.0,10320,0,0
992,2013-11-26,21694.50577682319,0.0,21694.50577682319,10300,10300,10315,10200,0.0,10300,0,0
993,2013-11-27,21694.50577682319,0.0,21694.50577682319,10300,10275,10300,10190,0.0,10275,0,0
994,2013-11-28,21694.50577682319,0.0,21694.50577682319,10335,10350,10355,10315,0.0,10350,0,0
995,2013-11-29,21694.50577682319,0.0,21694.50577682319,10350,10345,10405,10345,0.0,10345,0,0
996,2013-12-02,21694.50577682319,0.0,21694.50577682319,10395,10335,10415,10255,0.0,10335,0,0
997,2013-12-03,21694.50577682319,0.0,21694.50577682319,10305,10250,10305,10200,0.0,10250,0,0
998,2013-12-04,21694.50577682319,0.0,21694.50577682319,10210,10195,10225,10165,0.0,10195,0,0
999,2013-12-05,21694.50577682319,0.0,21694.50577682319,10195,10240,10270,10130,0.0,10240,0,0
1000,2013-12-06,21694.50577682319,0.0,21694.50577682319,10200,10280,10305,10200,0.0,10280,0,0
1001,2013-12-09,21694.50577682319,0.0,21694.50577682319,10330,10280,10350,10250,0.0,10280,0,0
1002,2013-12-10,21694.50577682319,0.0,21694.50577682319,10330,10200,10330,10190,0.0,10200,0,0
1003,2013-12-11,21694.50577682319,0.0,21694.50577682319,10200,10130,10215,10105,0.0,10130,0,0
1004,2013-12-12,21694.50577682319,0.0,21694.50577682319,10090,10120,10135,10025,0.0,10120,0,0
1005,2013-12-13,21694.50577682319,0.0,21694.50577682319,10100,10060,10100,9965,0.0,10060,0,0
1006,2013-12-16,21694.50577682319,0.0,21694.50577682319,10025,10025,10050,9975,0.0,10025,0,0
1007,2013-12-17,21694.50577682319,0.0,21694.50577682319,10090,10100,10125,10040,0.0,10100,0,0
1008,2013-12-18,21694.50577682319,0.0,21694.50577682319,10150,10165,10165,10110,0.0,10165,0,0
1009,2013-12-19,21694.50577682319,0.0,21694.50577682319,10220,10115,10245,10070,0.0,10115,0,0
1010,2013-12-20,21694.50577682319,0.0,21694.50577682319,10115,10060,10130,10040,0.0,10060,0,0
1011,2013-12-23,21694.50577682319,0.0,21694.50577682319,10090,10135,10135,10090,0.0,10135,0,0
1012,2013-12-24,21694.50577682319,0.0,21694.50577682319,10175,10280,10280,10120,0.0,10280,0,0
1013,2013-12-26,21694.50577682319,0.0,21694.50577682319,10310,10285,10345,10280,0.0,10285,0,0
1014,2013-12-27,20.81577682319039,21672.899999999998,21693.71577682319,10335,10470,10480,10335,1.0,10470,0,0
1015,2013-12-30,20.81577682319039,21838.5,21859.31577682319,10485,10550,10555,10465,0.0,10550,0,0
1016,2014-01-02,20.81577682319039,21528.0,21548.81577682319,10650,10400,10650,10375,0.0,10400,0,0
1017,2014-01-03,20.81577682319039,21341.699999999997,21362.515776823187,10370,10310,10370,10220,0.0,10310,0,0
1018,2014-01-06,20.81577682319039,21145.05,21165.86577682319,10270,10215,10275,10145,0.0,10215,0,0
1019,2014-01-07,20.81577682319039,21010.5,21031.31577682319,10270,10150,10270,10150,0.0,10150,0,0
1020,2014-01-08,21175.44580488479,0.0,21175.44580488479,10220,10040,10220,10000,-1.0,10040,0,0
1021,2014-01-09,21175.44580488479,0.0,21175.44580488479,10050,10020,10070,9975,0.0,10020,0,0
1022,2014-01-10,21175.44580488479,0.0,21175.44580488479,9945,10000,10135,9920,0.0,10000,0,0
1023,2014-01-13,21175.44580488479,0.0,21175.44580488479,10060,10035,10060,9965,0.0,10035,0,0
1024,2014-01-14,21175.44580488479,0.0,21175.44580488479,10035,9905,10035,9875,0.0,9905,0,0
1025,2014-01-15,21175.44580488479,0.0,21175.44580488479,10000,9935,10000,9865,0.0,9935,0,0
1026,2014-01-16,21175.44580488479,0.0,21175.44580488479,9950,9995,9995,9945,0.0,9995,0,0
1027,2014-01-17,21175.44580488479,0.0,21175.44580488479,10035,9970,10035,9930,0.0,9970,0,0
1028,2014-01-20,21175.44580488479,0.0,21175.44580488479,10030,9930,10030,9845,0.0,9930,0,0
1029,2014-01-21,21175.44580488479,0.0,21175.44580488479,10010,10000,10010,9945,0.0,10000,0,0
1030,2014-01-22,21175.44580488479,0.0,21175.44580488479,10045,10035,10045,9990,0.0,10035,0,0
1031,2014-01-23,21175.44580488479,0.0,21175.44580488479,10085,10005,10085,9890,0.0,10005,0,0
1032,2014-01-24,21175.44580488479,0.0,21175.44580488479,10050,9930,10050,9860,0.0,9930,0,0
1033,2014-01-27,21175.44580488479,0.0,21175.44580488479,9930,9715,9930,9565,0.0,9715,0,0
1034,2014-01-28,21175.44580488479,0.0,21175.44580488479,9800,9725,9800,9595,0.0,9725,0,0
1035,2014-01-29,21175.44580488479,0.0,21175.44580488479,9770,9685,9775,9680,0.0,9685,0,0
1036,2014-02-03,21175.44580488479,0.0,21175.44580488479,9750,9590,9855,9510,0.0,9590,0,0
1037,2014-02-04,21175.44580488479,0.0,21175.44580488479,9495,9375,9495,9355,0.0,9375,0,0
1038,2014-02-05,21175.44580488479,0.0,21175.44580488479,9450,9520,9530,9410,0.0,9520,0,0
1039,2014-02-06,21175.44580488479,0.0,21175.44580488479,9565,9540,9610,9515,0.0,9540,0,0
1040,2014-02-07,21175.44580488479,0.0,21175.44580488479,9585,9600,9620,9505,0.0,9600,0,0
1041,2014-02-10,21175.44580488479,0.0,21175.44580488479,9600,9675,9680,9600,0.0,9675,0,0
1042,2014-02-11,21175.44580488479,0.0,21175.44580488479,9645,9710,9710,9585,0.0,9710,0,0
1043,2014-02-12,21175.44580488479,0.0,21175.44580488479,9755,9720,9785,9695,0.0,9720,0,0
1044,2014-02-13,21175.44580488479,0.0,21175.44580488479,9760,9735,9795,9735,0.0,9735,0,0
1045,2014-02-14,21175.44580488479,0.0,21175.44580488479,9780,9790,9810,9780,0.0,9790,0,0
1046,2014-02-17,21175.44580488479,0.0,21175.44580488479,9835,9850,9880,9810,0.0,9850,0,0
1047,2014-02-18,21175.44580488479,0.0,21175.44580488479,9890,9800,9890,9755,0.0,9800,0,0
1048,2014-02-19,21175.44580488479,0.0,21175.44580488479,9835,9800,9835,9740,0.0,9800,0,0
1049,2014-02-20,21175.44580488479,0.0,21175.44580488479,9790,9725,9790,9705,0.0,9725,0,0
1050,2014-02-21,21175.44580488479,0.0,21175.44580488479,9730,9775,9785,9730,0.0,9775,0,0
1051,2014-02-24,21175.44580488479,0.0,21175.44580488479,9740,9685,9780,9685,0.0,9685,0,0
1052,2014-02-25,21175.44580488479,0.0,21175.44580488479,9750,9840,9840,9750,0.0,9840,0,0
1053,2014-02-26,21175.44580488479,0.0,21175.44580488479,9860,9870,9880,9820,0.0,9870,0,0
1054,2014-02-27,95.6758048847878,21079.0,21174.675804884788,9900,9850,9900,9800,1.0,9850,0,0
1055,2014-02-28,21056.21289740999,0.0,21056.21289740999,9795,9735,9820,9735,-1.0,9735,0,0
1056,2014-03-03,21056.21289740999,0.0,21056.21289740999,9725,9660,9725,9625,0.0,9660,0,0
1057,2014-03-04,21056.21289740999,0.0,21056.21289740999,9700,9620,9700,9620,0.0,9620,0,0
1058,2014-03-05,21056.21289740999,0.0,21056.21289740999,9685,9690,9720,9625,0.0,9690,0,0
1059,2014-03-06,21056.21289740999,0.0,21056.21289740999,9735,9680,9735,9625,0.0,9680,0,0
1060,2014-03-07,21056.21289740999,0.0,21056.21289740999,9725,9705,9725,9665,0.0,9705,0,0
1061,2014-03-10,21056.21289740999,0.0,21056.21289740999,9700,9535,9700,9510,0.0,9535,0,0
1062,2014-03-11,21056.21289740999,0.0,21056.21289740999,9500,9520,9535,9475,0.0,9520,0,0
1063,2014-03-12,21056.21289740999,0.0,21056.21289740999,9520,9415,9520,9395,0.0,9415,0,0
1064,2014-03-13,21056.21289740999,0.0,21056.21289740999,9500,9405,9500,9345,0.0,9405,0,0
1065,2014-03-14,21056.21289740999,0.0,21056.21289740999,9400,9325,9400,9255,0.0,9325,0,0
1066,2014-03-17,21056.21289740999,0.0,21056.21289740999,9395,9395,9400,9320,0.0,9395,0,0
1067,2014-03-18,21056.21289740999,0.0,21056.21289740999,9440,9405,9450,9405,0.0,9405,0,0
1068,2014-03-19,21056.21289740999,0.0,21056.21289740999,9435,9350,9435,9305,0.0,9350,0,0
1069,2014-03-20,21056.21289740999,0.0,21056.21289740999,9410,9070,9410,9045,0.0,9070,0,0
1070,2014-03-21,21056.21289740999,0.0,21056.21289740999,9150,9155,9155,9070,0.0,9155,0,0
1071,2014-03-24,21056.21289740999,0.0,21056.21289740999,9195,9265,9315,9195,0.0,9265,0,0
1072,2014-03-25,21056.21289740999,0.0,21056.21289740999,9260,9320,9340,9215,0.0,9320,0,0
1073,2014-03-26,21056.21289740999,0.0,21056.21289740999,9400,9340,9400,9340,0.0,9340,0,0
1074,2014-03-27,21056.21289740999,0.0,21056.21289740999,9385,9345,9385,9285,0.0,9345,0,0
1075,2014-03-28,21056.21289740999,0.0,21056.21289740999,9275,9330,9350,9275,0.0,9330,0,0
1076,2014-03-31,21056.21289740999,0.0,21056.21289740999,9380,9430,9440,9380,0.0,9430,0,0
1077,2014-04-01,21056.21289740999,0.0,21056.21289740999,9475,9495,9510,9400,0.0,9495,0,0
1078,2014-04-02,21056.21289740999,0.0,21056.21289740999,9540,9475,9540,9475,0.0,9475,0,0
1079,2014-04-03,21056.21289740999,0.0,21056.21289740999,9530,9345,9530,9340,0.0,9345,0,0
1080,2014-04-04,21056.21289740999,0.0,21056.21289740999,9400,9415,9450,9400,0.0,9415,0,0
1081,2014-04-07,21056.21289740999,0.0,21056.21289740999,9445,9500,9500,9360,0.0,9500,0,0
1082,2014-04-08,21056.21289740999,0.0,21056.21289740999,9500,9555,9590,9495,0.0,9555,0,0
1083,2014-04-09,64.30289740999069,20991.149999999998,21055.45289740999,9585,9585,9660,9585,1.0,9585,0,0
1084,2014-04-10,64.30289740999069,20980.2,21044.50289740999,9620,9580,9680,9555,0.0,9580,0,0
1085,2014-04-11,64.30289740999069,20914.5,20978.80289740999,9550,9550,9600,9505,0.0,9550,0,0
1086,2014-04-14,64.30289740999069,20794.05,20858.35289740999,9560,9495,9560,9495,0.0,9495,0,0
1087,2014-04-15,64.30289740999069,20717.399999999998,20781.70289740999,9545,9460,9545,9430,0.0,9460,0,0
1088,2014-04-16,64.30289740999069,20673.6,20737.90289740999,9480,9440,9480,9410,0.0,9440,0,0
1089,2014-04-17,64.30289740999069,20706.45,20770.75289740999,9465,9455,9495,9410,0.0,9455,0,0
1090,2014-04-18,64.30289740999069,20936.399999999998,21000.70289740999,9505,9560,9560,9485,0.0,9560,0,0
1091,2014-04-21,64.30289740999069,21034.95,21099.25289740999,9605,9605,9620,9590,0.0,9605,0,0
1092,2014-04-22,64.30289740999069,20947.35,21011.65289740999,9630,9565,9630,9505,0.0,9565,0,0
1093,2014-04-23,64.30289740999069,20903.55,20967.85289740999,9630,9545,9635,9530,0.0,9545,0,0
1094,2014-04-24,64.30289740999069,20629.8,20694.10289740999,9545,9420,9545,9420,0.0,9420,0,0
1095,2014-04-25,20780.94886691959,0.0,20780.94886691959,9460,9350,9460,9300,-1.0,9350,0,0
1096,2014-04-28,20780.94886691959,0.0,20780.94886691959,9295,9315,9345,9295,0.0,9315,0,0
1097,2014-04-29,20780.94886691959,0.0,20780.94886691959,9200,9180,9205,9130,0.0,9180,0,0
1098,2014-04-30,20780.94886691959,0.0,20780.94886691959,9160,9175,9200,9150,0.0,9175,0,0
1099,2014-05-02,20780.94886691959,0.0,20780.94886691959,9200,9160,9200,9105,0.0,9160,0,0
1100,2014-05-07,20780.94886691959,0.0,20780.94886691959,9145,8965,9145,8955,0.0,8965,0,0
1101,2014-05-08,20780.94886691959,0.0,20780.94886691959,8965,8920,8965,8850,0.0,8920,0,0
1102,2014-05-09,20780.94886691959,0.0,20780.94886691959,8910,8840,8910,8800,0.0,8840,0,0
1103,2014-05-12,20780.94886691959,0.0,20780.94886691959,8870,8755,8870,8735,0.0,8755,0,0
1104,2014-05-13,20780.94886691959,0.0,20780.94886691959,8810,8895,8960,8810,0.0,8895,0,0
1105,2014-05-14,20780.94886691959,0.0,20780.94886691959,8935,8960,8975,8930,0.0,8960,0,0
1106,2014-05-15,20780.94886691959,0.0,20780.94886691959,8975,8975,9030,8975,0.0,8975,0,0
1107,2014-05-16,20780.94886691959,0.0,20780.94886691959,8975,9010,9015,8975,0.0,9010,0,0
1108,2014-05-19,20780.94886691959,0.0,20780.94886691959,9020,9040,9040,9010,0.0,9040,0,0
1109,2014-05-20,20780.94886691959,0.0,20780.94886691959,9050,9010,9070,8990,0.0,9010,0,0
1110,2014-05-21,20780.94886691959,0.0,20780.94886691959,8985,9025,9025,8970,0.0,9025,0,0
1111,2014-05-22,20780.94886691959,0.0,20780.94886691959,9070,9165,9210,9055,0.0,9165,0,0
1112,2014-05-23,20780.94886691959,0.0,20780.94886691959,9185,9125,9185,9090,0.0,9125,0,0
1113,2014-05-26,20780.94886691959,0.0,20780.94886691959,9125,9100,9130,9065,0.0,9100,0,0
1114,2014-05-27,20780.94886691959,0.0,20780.94886691959,9095,9080,9160,9020,0.0,9080,0,0
1115,2014-05-28,20780.94886691959,0.0,20780.94886691959,9075,9130,9130,9030,0.0,9130,0,0
1116,2014-05-29,20780.94886691959,0.0,20780.94886691959,9100,8980,9100,8935,0.0,8980,0,0
1117,2014-05-30,20780.94886691959,0.0,20780.94886691959,8970,8885,8970,8855,0.0,8885,0,0
1118,2014-06-02,20780.94886691959,0.0,20780.94886691959,8890,8930,8940,8885,0.0,8930,0,0
1119,2014-06-03,20780.94886691959,0.0,20780.94886691959,8960,8970,8970,8870,0.0,8970,0,0
1120,2014-06-05,20780.94886691959,0.0,20780.94886691959,8960,8895,8960,8810,0.0,8895,0,0
1121,2014-06-09,20780.94886691959,0.0,20780.94886691959,8945,9005,9070,8940,0.0,9005,0,0
1122,2014-06-10,20780.94886691959,0.0,20780.94886691959,9025,9110,9110,9025,0.0,9110,0,0
1123,2014-06-11,20780.94886691959,0.0,20780.94886691959,9095,9115,9130,9030,0.0,9115,0,0
1124,2014-06-12,20780.94886691959,0.0,20780.94886691959,9110,9090,9115,9030,0.0,9090,0,0
1125,2014-06-13,20780.94886691959,0.0,20780.94886691959,9115,9115,9115,9030,0.0,9115,0,0
1126,2014-06-16,63.49886691958818,20716.7,20780.19886691959,9195,9290,9320,9190,1.0,9290,0,0
1127,2014-06-17,63.49886691958818,20594.05,20657.548866919587,9300,9235,9320,9235,0.0,9235,0,0
1128,2014-06-18,63.49886691958818,20549.45,20612.94886691959,9305,9215,9305,9185,0.0,9215,0,0
1129,2014-06-19,63.49886691958818,20761.3,20824.798866919587,9220,9310,9320,9220,0.0,9310,0,0
1130,2014-06-20,63.49886691958818,20359.9,20423.39886691959,9310,9130,9310,9120,0.0,9130,0,0
1131,2014-06-23,63.49886691958818,20549.45,20612.94886691959,9135,9215,9280,9135,0.0,9215,0,0
1132,2014-06-24,63.49886691958818,20705.55,20769.048866919587,9245,9285,9300,9235,0.0,9285,0,0
1133,2014-06-25,63.49886691958818,20772.45,20835.94886691959,9290,9315,9320,9260,0.0,9315,0,0
1134,2014-06-26,63.49886691958818,20817.05,20880.548866919587,9315,9335,9355,9265,0.0,9335,0,0
1135,2014-06-27,63.49886691958818,20928.55,20992.048866919587,9335,9385,9420,9330,0.0,9385,0,0
1136,2014-06-30,63.49886691958818,21073.5,21136.99886691959,9410,9450,9450,9385,0.0,9450,0,0
1137,2014-07-01,63.49886691958818,20928.55,20992.048866919587,9450,9385,9450,9350,0.0,9385,0,0
1138,2014-07-02,63.49886691958818,20939.7,21003.19886691959,9400,9390,9450,9385,0.0,9390,0,0
1139,2014-07-03,63.49886691958818,20649.8,20713.298866919587,9390,9260,9390,9260,0.0,9260,0,0
1140,2014-07-04,63.49886691958818,20683.25,20746.74886691959,9305,9275,9305,9225,0.0,9275,0,0
1141,2014-07-07,63.49886691958818,20538.3,20601.798866919587,9250,9210,9265,9180,0.0,9210,0,0
1142,2014-07-08,63.49886691958818,20326.45,20389.94886691959,9165,9115,9195,9110,0.0,9115,0,0
1143,2014-07-09,63.49886691958818,20226.1,20289.598866919587,9100,9070,9100,9030,0.0,9070,0,0
1144,2014-07-10,20344.610688706987,0.0,20344.610688706987,9095,9100,9110,9040,-1.0,9100,0,0
1145,2014-07-11,20344.610688706987,0.0,20344.610688706987,9035,9030,9040,8990,0.0,9030,0,0
1146,2014-07-14,20344.610688706987,0.0,20344.610688706987,9040,8980,9040,8975,0.0,8980,0,0
1147,2014-07-15,20344.610688706987,0.0,20344.610688706987,9010,9065,9205,9005,0.0,9065,0,0
1148,2014-07-16,20344.610688706987,0.0,20344.610688706987,9110,9115,9175,9100,0.0,9115,0,0
1149,2014-07-17,20344.610688706987,0.0,20344.610688706987,9155,9245,9245,9155,0.0,9245,0,0
1150,2014-07-18,20344.610688706987,0.0,20344.610688706987,9195,9255,9255,9160,0.0,9255,0,0
1151,2014-07-21,20344.610688706987,0.0,20344.610688706987,9245,9120,9245,9105,0.0,9120,0,0
1152,2014-07-22,20344.610688706987,0.0,20344.610688706987,9090,9120,9140,9075,0.0,9120,0,0
1153,2014-07-23,20344.610688706987,0.0,20344.610688706987,9110,9155,9200,9110,0.0,9155,0,0
1154,2014-07-24,20344.610688706987,0.0,20344.610688706987,9195,9230,9290,9195,0.0,9230,0,0
1155,2014-07-25,4.870688706985675,20339.0,20343.870688706986,9270,9245,9270,9185,1.0,9245,0,0
1156,2014-07-28,4.870688706985675,20295.0,20299.870688706986,9240,9225,9250,9180,0.0,9225,0,0
1157,2014-07-29,4.870688706985675,20548.0,20552.870688706986,9250,9340,9350,9250,0.0,9340,0,0
1158,2014-07-30,4.870688706985675,20394.0,20398.870688706986,9350,9270,9365,9260,0.0,9270,0,0
1159,2014-07-31,4.870688706985675,20460.0,20464.870688706986,9270,9300,9310,9270,0.0,9300,0,0
1160,2014-08-01,4.870688706985675,20625.0,20629.870688706986,9250,9375,9410,9250,0.0,9375,0,0
1161,2014-08-04,4.870688706985675,20647.0,20651.870688706986,9420,9385,9450,9330,0.0,9385,0,0
1162,2014-08-05,4.870688706985675,20229.0,20233.870688706986,9355,9195,9355,9150,0.0,9195,0,0
1163,2014-08-06,4.870688706985675,20108.0,20112.870688706986,9145,9140,9200,9125,0.0,9140,0,0
1164,2014-08-07,20112.138837938986,0.0,20112.138837938986,9140,9060,9140,9030,-1.0,9060,0,0
1165,2014-08-08,20112.138837938986,0.0,20112.138837938986,9050,8970,9100,8930,0.0,8970,0,0
1166,2014-08-11,20112.138837938986,0.0,20112.138837938986,9025,8965,9025,8965,0.0,8965,0,0
1167,2014-08-12,20112.138837938986,0.0,20112.138837938986,8965,8945,9040,8920,0.0,8945,0,0
1168,2014-08-13,20112.138837938986,0.0,20112.138837938986,8975,8960,8980,8885,0.0,8960,0,0
1169,2014-08-14,20112.138837938986,0.0,20112.138837938986,8955,8960,9005,8940,0.0,8960,0,0
1170,2014-08-18,20112.138837938986,0.0,20112.138837938986,9005,8895,9005,8870,0.0,8895,0,0
1171,2014-08-19,20112.138837938986,0.0,20112.138837938986,8890,8920,8970,8890,0.0,8920,0,0
1172,2014-08-20,20112.138837938986,0.0,20112.138837938986,8925,8840,8945,8770,0.0,8840,0,0
1173,2014-08-21,20112.138837938986,0.0,20112.138837938986,8815,8780,8845,8715,0.0,8780,0,0
1174,2014-08-22,20112.138837938986,0.0,20112.138837938986,8745,8860,8860,8740,0.0,8860,0,0
1175,2014-08-25,20112.138837938986,0.0,20112.138837938986,8825,8840,8900,8815,0.0,8840,0,0
1176,2014-08-26,20112.138837938986,0.0,20112.138837938986,8815,8860,8890,8815,0.0,8860,0,0
1177,2014-08-27,20112.138837938986,0.0,20112.138837938986,8855,8850,8890,8830,0.0,8850,0,0
1178,2014-08-28,20112.138837938986,0.0,20112.138837938986,8820,8840,8870,8795,0.0,8840,0,0
1179,2014-08-29,20112.138837938986,0.0,20112.138837938986,8825,8825,8840,8750,0.0,8825,0,0
1180,2014-09-01,20112.138837938986,0.0,20112.138837938986,8740,8740,8800,8725,0.0,8740,0,0
1181,2014-09-02,20112.138837938986,0.0,20112.138837938986,8750,8670,8760,8610,0.0,8670,0,0
1182,2014-09-03,20112.138837938986,0.0,20112.138837938986,8615,8540,8640,8525,0.0,8540,0,0
1183,2014-09-04,20112.138837938986,0.0,20112.138837938986,8565,8590,8595,8550,0.0,8590,0,0
1184,2014-09-05,20112.138837938986,0.0,20112.138837938986,8575,8655,8690,8575,0.0,8655,0,0
1185,2014-09-11,20112.138837938986,0.0,20112.138837938986,8650,8590,8650,8590,0.0,8590,0,0
1186,2014-09-12,20112.138837938986,0.0,20112.138837938986,8605,8590,8620,8590,0.0,8590,0,0
1187,2014-09-15,20112.138837938986,0.0,20112.138837938986,8575,8595,8595,8535,0.0,8595,0,0
1188,2014-09-16,20112.138837938986,0.0,20112.138837938986,8585,8575,8595,8560,0.0,8575,0,0
1189,2014-09-17,20112.138837938986,0.0,20112.138837938986,8610,8700,8725,8595,0.0,8700,0,0
1190,2014-09-18,20112.138837938986,0.0,20112.138837938986,8700,8675,8705,8670,0.0,8675,0,0
1191,2014-09-19,20112.138837938986,0.0,20112.138837938986,8715,8715,8720,8695,0.0,8715,0,0
1192,2014-09-22,20112.138837938986,0.0,20112.138837938986,8740,8590,8740,8565,0.0,8590,0,0
1193,2014-09-23,20112.138837938986,0.0,20112.138837938986,8590,8550,8595,8485,0.0,8550,0,0
1194,2014-09-24,20112.138837938986,0.0,20112.138837938986,8495,8500,8510,8470,0.0,8500,0,0
1195,2014-09-25,20112.138837938986,0.0,20112.138837938986,8515,8550,8550,8480,0.0,8550,0,0
1196,2014-09-26,20112.138837938986,0.0,20112.138837938986,8445,8395,8455,8365,0.0,8395,0,0
1197,2014-09-29,20112.138837938986,0.0,20112.138837938986,8375,8170,8375,8140,0.0,8170,0,0
1198,2014-09-30,20112.138837938986,0.0,20112.138837938986,8130,8155,8190,8110,0.0,8155,0,0
1199,2014-10-01,20112.138837938986,0.0,20112.138837938986,8100,8000,8130,7995,0.0,8000,0,0
1200,2014-10-02,20112.138837938986,0.0,20112.138837938986,7955,7890,7955,7830,0.0,7890,0,0
1201,2014-10-06,20112.138837938986,0.0,20112.138837938986,7890,7930,7980,7885,0.0,7930,0,0
1202,2014-10-07,20112.138837938986,0.0,20112.138837938986,7955,7865,7980,7820,0.0,7865,0,0
1203,2014-10-08,20112.138837938986,0.0,20112.138837938986,7795,7835,7885,7755,0.0,7835,0,0
1204,2014-10-10,20112.138837938986,0.0,20112.138837938986,7830,7645,7830,7610,0.0,7645,0,0
1205,2014-10-13,20112.138837938986,0.0,20112.138837938986,7590,7570,7615,7470,0.0,7570,0,0
1206,2014-10-14,20112.138837938986,0.0,20112.138837938986,7580,7625,7745,7570,0.0,7625,0,0
1207,2014-10-15,20112.138837938986,0.0,20112.138837938986,7625,7500,7640,7480,0.0,7500,0,0
1208,2014-10-16,20112.138837938986,0.0,20112.138837938986,7455,7440,7460,7335,0.0,7440,0,0
1209,2014-10-17,20112.138837938986,0.0,20112.138837938986,7470,7430,7515,7385,0.0,7430,0,0
1210,2014-10-20,20112.138837938986,0.0,20112.138837938986,7515,7565,7565,7510,0.0,7565,0,0
1211,2014-10-21,20112.138837938986,0.0,20112.138837938986,7525,7200,7525,7175,0.0,7200,0,0
1212,2014-10-22,20112.138837938986,0.0,20112.138837938986,7310,7270,7310,7240,0.0,7270,0,0
1213,2014-10-23,20112.138837938986,0.0,20112.138837938986,7240,7120,7245,7090,0.0,7120,0,0
1214,2014-10-24,20112.138837938986,0.0,20112.138837938986,7175,7055,7205,7030,0.0,7055,0,0
1215,2014-10-27,20112.138837938986,0.0,20112.138837938986,7120,7325,7325,7105,0.0,7325,0,0
1216,2014-10-28,20112.138837938986,0.0,20112.138837938986,7300,7185,7300,7165,0.0,7185,0,0
1217,2014-10-29,20112.138837938986,0.0,20112.138837938986,7240,7470,7530,7220,0.0,7470,0,0
1218,2014-10-30,20112.138837938986,0.0,20112.138837938986,7515,7355,7530,7320,0.0,7355,0,0
1219,2014-10-31,20112.138837938986,0.0,20112.138837938986,7405,7300,7405,7290,0.0,7300,0,0
1220,2014-11-03,20112.138837938986,0.0,20112.138837938986,7310,7185,7310,7180,0.0,7185,0,0
1221,2014-11-04,20112.138837938986,0.0,20112.138837938986,7175,6900,7175,6875,0.0,6900,0,0
1222,2014-11-05,20112.138837938986,0.0,20112.138837938986,6835,6885,6895,6785,0.0,6885,0,0
1223,2014-11-06,20112.138837938986,0.0,20112.138837938986,6950,7145,7145,6920,0.0,7145,0,0
1224,2014-11-07,20112.138837938986,0.0,20112.138837938986,7125,7190,7200,7085,0.0,7190,0,0
1225,2014-11-10,20112.138837938986,0.0,20112.138837938986,7170,7215,7250,7170,0.0,7215,0,0
1226,2014-11-11,20112.138837938986,0.0,20112.138837938986,7215,7195,7215,7160,0.0,7195,0,0
1227,2014-11-12,20112.138837938986,0.0,20112.138837938986,7215,7500,7500,7215,0.0,7500,0,0
1228,2014-11-13,20112.138837938986,0.0,20112.138837938986,7500,7445,7535,7430,0.0,7445,0,0
1229,2014-11-14,20112.138837938986,0.0,20112.138837938986,7445,7395,7445,7290,0.0,7395,0,0
1230,2014-11-17,20112.138837938986,0.0,20112.138837938986,7400,7515,7540,7375,0.0,7515,0,0
1231,2014-11-18,20112.138837938986,0.0,20112.138837938986,7490,7525,7545,7460,0.0,7525,0,0
1232,2014-11-19,20112.138837938986,0.0,20112.138837938986,7525,7425,7530,7365,0.0,7425,0,0
1233,2014-11-20,3.2088379389861075,20108.2,20111.408837938987,7395,7420,7445,7350,1.0,7420,0,0
1234,2014-11-21,3.2088379389861075,20311.45,20314.658837938987,7415,7495,7505,7415,0.0,7495,0,0
1235,2014-11-24,3.2088379389861075,21354.8,21358.008837938985,7700,7880,7980,7685,0.0,7880,0,0
1236,2014-11-25,3.2088379389861075,21205.75,21208.958837938986,7910,7825,7945,7820,0.0,7825,0,0
1237,2014-11-26,3.2088379389861075,21138.0,21141.208837938986,7820,7800,7820,7725,0.0,7800,0,0
1238,2014-11-27,3.2088379389861075,20650.2,20653.408837938987,7755,7620,7755,7560,0.0,7620,0,0
1239,2014-11-28,3.2088379389861075,20297.9,20301.108837938988,7460,7490,7500,7390,0.0,7490,0,0
1240,2014-12-01,3.2088379389861075,19566.2,19569.408837938987,7360,7220,7360,7195,0.0,7220,0,0
1241,2014-12-02,3.2088379389861075,19715.25,19718.458837938986,7270,7275,7330,7235,0.0,7275,0,0
1242,2014-12-03,19609.345227026384,0.0,19609.345227026384,7235,7335,7345,7230,-1.0,7335,0,0
1243,2014-12-04,19609.345227026384,0.0,19609.345227026384,7360,7415,7445,7360,0.0,7415,0,0
1244,2014-12-05,19609.345227026384,0.0,19609.345227026384,7410,7450,7465,7390,0.0,7450,0,0
1245,2014-12-08,19609.345227026384,0.0,19609.345227026384,7450,7475,7525,7450,0.0,7475,0,0
1246,2014-12-09,19609.345227026384,0.0,19609.345227026384,7400,7345,7420,7345,0.0,7345,0,0
1247,2014-12-10,19609.345227026384,0.0,19609.345227026384,7345,7140,7345,7135,0.0,7140,0,0
1248,2014-12-11,19609.345227026384,0.0,19609.345227026384,7005,7070,7105,6975,0.0,7070,0,0
1249,2014-12-12,19609.345227026384,0.0,19609.345227026384,7070,7095,7105,7055,0.0,7095,0,0
1250,2014-12-15,19609.345227026384,0.0,19609.345227026384,7010,7265,7265,6970,0.0,7265,0,0
1251,2014-12-16,19609.345227026384,0.0,19609.345227026384,7200,7230,7310,7150,0.0,7230,0,0
1252,2014-12-17,19609.345227026384,0.0,19609.345227026384,7305,7370,7375,7285,0.0,7370,0,0
1253,2014-12-18,19609.345227026384,0.0,19609.345227026384,7470,7355,7480,7230,0.0,7355,0,0
1254,2014-12-19,19609.345227026384,0.0,19609.345227026384,7395,7365,7395,7275,0.0,7365,0,0
1255,2014-12-22,19609.345227026384,0.0,19609.345227026384,7385,7460,7490,7345,0.0,7460,0,0
1256,2014-12-23,19609.345227026384,0.0,19609.345227026384,7450,7390,7450,7345,0.0,7390,0,0
1257,2014-12-24,19609.345227026384,0.0,19609.345227026384,7375,7450,7450,7330,0.0,7450,0,0
1258,2014-12-26,6.63522702638511,19602.0,19608.635227026385,7435,7425,7480,7425,1.0,7425,0,0
1259,2014-12-29,6.63522702638511,19602.0,19608.635227026385,7440,7425,7460,7380,0.0,7425,0,0
1260,2014-12-30,6.63522702638511,19390.8,19397.435227026384,7410,7345,7430,7300,0.0,7345,0,0
1261,2015-01-02,19277.933803314383,0.0,19277.933803314383,7300,7310,7315,7235,-1.0,7310,0,0
1262,2015-01-05,19277.933803314383,0.0,19277.933803314383,7280,7205,7280,7110,0.0,7205,0,0
1263,2015-01-06,19277.933803314383,0.0,19277.933803314383,7040,6965,7100,6950,0.0,6965,0,0
1264,2015-01-07,19277.933803314383,0.0,19277.933803314383,6945,6960,7045,6935,0.0,6960,0,0
1265,2015-01-08,19277.933803314383,0.0,19277.933803314383,7000,7045,7060,7000,0.0,7045,0,0
1266,2015-01-09,19277.933803314383,0.0,19277.933803314383,7150,7230,7230,7085,0.0,7230,0,0
1267,2015-01-12,19277.933803314383,0.0,19277.933803314383,7210,7280,7315,7200,0.0,7280,0,0
1268,2015-01-13,19277.933803314383,0.0,19277.933803314383,7250,7235,7265,7170,0.0,7235,0,0
1269,2015-01-14,19277.933803314383,0.0,19277.933803314383,7255,7240,7285,7215,0.0,7240,0,0
1270,2015-01-15,19277.933803314383,0.0,19277.933803314383,7290,7280,7320,7195,0.0,7280,0,0
1271,2015-01-16,19277.933803314383,0.0,19277.933803314383,7260,7135,7260,7115,0.0,7135,0,0
1272,2015-01-19,19277.933803314383,0.0,19277.933803314383,7265,7430,7440,7265,0.0,7430,0,0
1273,2015-01-20,15.083803314384568,19262.149999999998,19277.233803314382,7445,7495,7550,7445,1.0,7495,0,0
1274,2015-01-21,15.083803314384568,19275.0,19290.083803314385,7440,7500,7500,7390,0.0,7500,0,0
1275,2015-01-22,15.083803314384568,19686.199999999997,19701.28380331438,7575,7660,7665,7565,0.0,7660,0,0
1276,2015-01-23,15.083803314384568,19711.899999999998,19726.983803314382,7745,7670,7785,7650,0.0,7670,0,0
1277,2015-01-26,15.083803314384568,19506.3,19521.383803314384,7690,7590,7690,7580,0.0,7590,0,0
1278,2015-01-27,15.083803314384568,20277.3,20292.383803314384,7635,7890,7890,7625,0.0,7890,0,0
1279,2015-01-28,15.083803314384568,20392.949999999997,20408.03380331438,7880,7935,7935,7860,0.0,7935,0,0
1280,2015-01-29,15.083803314384568,20174.5,20189.583803314385,7845,7850,7875,7765,0.0,7850,0,0
1281,2015-01-30,15.083803314384568,20380.1,20395.183803314383,7915,7930,7935,7850,0.0,7930,0,0
1282,2015-02-02,15.083803314384568,20727.05,20742.133803314384,8080,8065,8170,8065,0.0,8065,0,0
1283,2015-02-03,15.083803314384568,21048.3,21063.383803314384,8180,8190,8200,8040,0.0,8190,0,0
1284,2015-02-04,15.083803314384568,20996.899999999998,21011.983803314382,8335,8170,8350,8150,0.0,8170,0,0
1285,2015-02-05,15.083803314384568,20508.6,20523.683803314383,8115,7980,8115,7980,0.0,7980,0,0
1286,2015-02-06,15.083803314384568,20958.35,20973.433803314383,8070,8155,8155,8020,0.0,8155,0,0
1287,2015-02-09,15.083803314384568,21112.55,21127.633803314384,8195,8215,8250,8160,0.0,8215,0,0
1288,2015-02-10,15.083803314384568,21074.0,21089.083803314385,8190,8200,8345,8190,0.0,8200,0,0
1289,2015-02-11,15.083803314384568,20958.35,20973.433803314383,8195,8155,8245,8155,0.0,8155,0,0
1290,2015-02-12,15.083803314384568,20714.199999999997,20729.28380331438,8175,8060,8175,8005,0.0,8060,0,0
1291,2015-02-13,15.083803314384568,21074.0,21089.083803314385,8135,8200,8200,8135,0.0,8200,0,0
1292,2015-02-16,15.083803314384568,20932.649999999998,20947.733803314382,8260,8145,8300,8130,0.0,8145,0,0
1293,2015-02-17,15.083803314384568,21112.55,21127.633803314384,8160,8215,8240,8115,0.0,8215,0,0
1294,2015-02-23,15.083803314384568,21253.899999999998,21268.983803314382,8240,8270,8285,8240,0.0,8270,0,0
1295,2015-02-24,15.083803314384568,21343.85,21358.933803314383,8270,8305,8320,8230,0.0,8305,0,0
1296,2015-02-25,15.083803314384568,22076.3,22091.383803314384,8350,8590,8590,8350,0.0,8590,0,0
1297,2015-02-26,15.083803314384568,22359.0,22374.083803314385,8630,8700,8700,8600,0.0,8700,0,0
1298,2015-02-27,15.083803314384568,22307.6,22322.683803314383,8605,8680,8680,8560,0.0,8680,0,0
1299,2015-03-02,15.083803314384568,22680.25,22695.333803314385,8715,8825,8855,8710,0.0,8825,0,0
1300,2015-03-03,15.083803314384568,22538.899999999998,22553.983803314382,8795,8770,8795,8700,0.0,8770,0,0
1301,2015-03-04,15.083803314384568,21973.5,21988.583803314385,8780,8550,8780,8550,0.0,8550,0,0
1302,2015-03-05,15.083803314384568,22269.05,22284.133803314384,8590,8665,8700,8570,0.0,8665,0,0
1303,2015-03-06,15.083803314384568,22628.85,22643.933803314383,8665,8805,8820,8665,0.0,8805,0,0
1304,2015-03-09,15.083803314384568,22538.899999999998,22553.983803314382,8730,8770,8810,8725,0.0,8770,0,0
1305,2015-03-10,15.083803314384568,22281.899999999998,22296.983803314382,8820,8670,8830,8645,0.0,8670,0,0
1306,2015-03-11,15.083803314384568,22037.75,22052.833803314385,8580,8575,8620,8530,0.0,8575,0,0
1307,2015-03-12,15.083803314384568,21960.649999999998,21975.733803314382,8600,8545,8650,8505,0.0,8545,0,0
1308,2015-03-13,15.083803314384568,21870.699999999997,21885.78380331438,8560,8510,8565,8485,0.0,8510,0,0
1309,2015-03-16,15.083803314384568,20996.899999999998,21011.983803314382,8440,8170,8440,8170,0.0,8170,0,0
1310,2015-03-17,15.083803314384568,21536.6,21551.683803314383,8190,8380,8380,8190,0.0,8380,0,0
1311,2015-03-18,15.083803314384568,21382.399999999998,21397.483803314382,8400,8320,8400,8260,0.0,8320,0,0
1312,2015-03-19,15.083803314384568,21973.5,21988.583803314385,8490,8550,8575,8470,0.0,8550,0,0
1313,2015-03-20,15.083803314384568,21947.8,21962.883803314384,8495,8540,8540,8400,0.0,8540,0,0
1314,2015-03-23,15.083803314384568,22024.899999999998,22039.983803314382,8615,8570,8645,8550,0.0,8570,0,0
1315,2015-03-24,15.083803314384568,22050.6,22065.683803314383,8525,8580,8600,8510,0.0,8580,0,0
1316,2015-03-25,15.083803314384568,21729.35,21744.433803314383,8620,8455,8620,8455,0.0,8455,0,0
1317,2015-03-26,15.083803314384568,21896.399999999998,21911.483803314382,8460,8520,8550,8460,0.0,8520,0,0
1318,2015-03-27,15.083803314384568,21819.3,21834.383803314384,8560,8490,8590,8490,0.0,8490,0,0
1319,2015-03-30,15.083803314384568,21909.25,21924.333803314385,8510,8525,8525,8400,0.0,8525,0,0
1320,2015-03-31,15.083803314384568,22076.3,22091.383803314384,8565,8590,8590,8505,0.0,8590,0,0
1321,2015-04-01,15.083803314384568,22153.399999999998,22168.483803314382,8585,8620,8620,8430,0.0,8620,0,0
1322,2015-04-02,15.083803314384568,22410.399999999998,22425.483803314382,8695,8720,8795,8695,0.0,8720,0,0
1323,2015-04-03,15.083803314384568,22487.5,22502.583803314385,8720,8750,8750,8650,0.0,8750,0,0
1324,2015-04-06,15.083803314384568,22410.399999999998,22425.483803314382,8745,8720,8745,8645,0.0,8720,0,0
1325,2015-04-07,15.083803314384568,22526.05,22541.133803314384,8850,8765,8885,8760,0.0,8765,0,0
1326,2015-04-08,15.083803314384568,23438.399999999998,23453.483803314382,8835,9120,9120,8835,0.0,9120,0,0
1327,2015-04-09,15.083803314384568,23849.6,23864.683803314383,9090,9280,9305,9055,0.0,9280,0,0
1328,2015-04-10,15.083803314384568,24055.199999999997,24070.28380331438,9345,9360,9360,9235,0.0,9360,0,0
1329,2015-04-13,15.083803314384568,24839.05,24854.133803314384,9430,9665,9670,9415,0.0,9665,0,0
1330,2015-04-14,15.083803314384568,24697.699999999997,24712.78380331438,9705,9610,9705,9495,0.0,9610,0,0
1331,2015-04-15,15.083803314384568,25147.449999999997,25162.53380331438,9730,9785,9785,9630,0.0,9785,0,0
1332,2015-04-16,15.083803314384568,24697.699999999997,24712.78380331438,9950,9610,10000,9570,0.0,9610,0,0
1333,2015-04-17,15.083803314384568,24492.1,24507.183803314383,9655,9530,9655,9400,0.0,9530,0,0
1334,2015-04-20,15.083803314384568,25789.949999999997,25805.03380331438,9495,10035,10035,9460,0.0,10035,0,0
1335,2015-04-21,15.083803314384568,25597.199999999997,25612.28380331438,10080,9960,10080,9940,0.0,9960,0,0
1336,2015-04-22,15.083803314384568,25879.899999999998,25894.983803314382,10025,10070,10200,9950,0.0,10070,0,0
1337,2015-04-23,15.083803314384568,26278.25,26293.333803314385,10110,10225,10280,10065,0.0,10225,0,0
1338,2015-04-24,15.083803314384568,26046.949999999997,26062.03380331438,10305,10135,10355,10030,0.0,10135,0,0
1339,2015-04-27,15.083803314384568,25648.6,25663.683803314383,10180,9980,10190,9930,0.0,9980,0,0
1340,2015-04-28,15.083803314384568,25867.05,25882.133803314384,10020,10065,10110,9990,0.0,10065,0,0
1341,2015-04-29,15.083803314384568,25635.75,25650.833803314385,10050,9975,10120,9850,0.0,9975,0,0
1342,2015-04-30,15.083803314384568,25455.85,25470.933803314383,10010,9905,10025,9860,0.0,9905,0,0
1343,2015-05-04,15.083803314384568,25532.949999999997,25548.03380331438,9990,9935,10005,9905,0.0,9935,0,0
1344,2015-05-06,15.083803314384568,25494.399999999998,25509.483803314382,9995,9920,10010,9870,0.0,9920,0,0
1345,2015-05-07,15.083803314384568,24954.699999999997,24969.78380331438,9925,9710,9925,9640,0.0,9710,0,0
1346,2015-05-08,15.083803314384568,24903.3,24918.383803314384,9730,9690,9775,9555,0.0,9690,0,0
1347,2015-05-11,15.083803314384568,25173.149999999998,25188.233803314382,9735,9795,9875,9735,0.0,9795,0,0
1348,2015-05-12,15.083803314384568,25237.399999999998,25252.483803314382,9790,9820,9845,9740,0.0,9820,0,0
1349,2015-05-13,15.083803314384568,25635.75,25650.833803314385,9860,9975,9985,9835,0.0,9975,0,0
1350,2015-05-14,15.083803314384568,24993.25,25008.333803314385,9975,9725,9975,9700,0.0,9725,0,0
1351,2015-05-15,15.083803314384568,24543.5,24558.583803314385,9775,9550,9775,9540,0.0,9550,0,0
1352,2015-05-18,15.083803314384568,24350.75,24365.833803314385,9555,9475,9595,9455,0.0,9475,0,0
1353,2015-05-19,15.083803314384568,24967.55,24982.633803314384,9505,9715,9715,9420,0.0,9715,0,0
1354,2015-05-20,24840.38022893918,0.0,24840.38022893918,9660,9450,9660,9425,-1.0,9450,0,0
1355,2015-05-21,24840.38022893918,0.0,24840.38022893918,9470,9485,9540,9445,0.0,9485,0,0
1356,2015-05-22,24840.38022893918,0.0,24840.38022893918,9575,9830,9865,9575,0.0,9830,0,0
1357,2015-05-26,55.28022893918023,24784.2,24839.48022893918,9850,9835,9860,9700,1.0,9835,0,0
1358,2015-05-27,24561.38827216718,0.0,24561.38827216718,9725,9600,9725,9540,-1.0,9600,0,0
1359,2015-05-28,24561.38827216718,0.0,24561.38827216718,9640,9550,9640,9525,0.0,9550,0,0
1360,2015-05-29,24561.38827216718,0.0,24561.38827216718,9480,9490,9575,9465,0.0,9490,0,0
1361,2015-06-01,24561.38827216718,0.0,24561.38827216718,9590,9590,9635,9555,0.0,9590,0,0
1362,2015-06-02,24561.38827216718,0.0,24561.38827216718,9570,9545,9660,9465,0.0,9545,0,0
1363,2015-06-03,24561.38827216718,0.0,24561.38827216718,9615,9675,9780,9615,0.0,9675,0,0
1364,2015-06-04,24561.38827216718,0.0,24561.38827216718,9630,9585,9630,9480,0.0,9585,0,0
1365,2015-06-05,24561.38827216718,0.0,24561.38827216718,9540,9470,9540,9435,0.0,9470,0,0
1366,2015-06-08,24561.38827216718,0.0,24561.38827216718,9490,9650,9700,9480,0.0,9650,0,0
1367,2015-06-09,24561.38827216718,0.0,24561.38827216718,9650,9845,9910,9650,0.0,9845,0,0
1368,2015-06-10,70.4982721671804,24490.0,24560.49827216718,9960,9875,10020,9850,1.0,9875,0,0
1369,2015-06-11,70.4982721671804,24378.4,24448.898272167182,9980,9830,10030,9765,0.0,9830,0,0
1370,2015-06-12,70.4982721671804,23994.0,24064.49827216718,9795,9675,9865,9635,0.0,9675,0,0
1371,2015-06-15,70.4982721671804,24031.2,24101.69827216718,9650,9690,9860,9570,0.0,9690,0,0
1372,2015-06-16,70.4982721671804,24031.2,24101.69827216718,9735,9690,9755,9500,0.0,9690,0,0
1373,2015-06-17,70.4982721671804,24626.4,24696.898272167182,9690,9930,9930,9670,0.0,9930,0,0
1374,2015-06-18,70.4982721671804,25246.4,25316.898272167182,9985,10180,10195,9985,0.0,10180,0,0
1375,2015-06-19,70.4982721671804,25382.8,25453.29827216718,10260,10235,10305,10190,0.0,10235,0,0
1376,2015-06-22,70.4982721671804,24824.8,24895.29827216718,10260,10010,10280,9965,0.0,10010,0,0
1377,2015-06-23,70.4982721671804,24936.4,25006.898272167182,10065,10055,10115,10020,0.0,10055,0,0
1378,2015-06-24,70.4982721671804,24924.0,24994.49827216718,10115,10050,10190,10020,0.0,10050,0,0
1379,2015-06-25,70.4982721671804,25382.8,25453.29827216718,10050,10235,10260,9995,0.0,10235,0,0
1380,2015-06-26,70.4982721671804,25246.4,25316.898272167182,10235,10180,10280,10175,0.0,10180,0,0
1381,2015-06-29,70.4982721671804,24254.4,24324.898272167182,9925,9780,9975,9775,0.0,9780,0,0
1382,2015-06-30,70.4982721671804,24787.6,24858.09827216718,9705,9995,9995,9705,0.0,9995,0,0
1383,2015-07-01,70.4982721671804,25234.0,25304.49827216718,9995,10175,10190,9985,0.0,10175,0,0
1384,2015-07-02,70.4982721671804,25370.4,25440.898272167182,10195,10230,10240,10080,0.0,10230,0,0
1385,2015-07-03,70.4982721671804,25246.4,25316.898272167182,10235,10180,10255,10120,0.0,10180,0,0
1386,2015-07-06,70.4982721671804,24353.6,24424.09827216718,10050,9820,10050,9795,0.0,9820,0,0
1387,2015-07-07,70.4982721671804,24018.8,24089.29827216718,9820,9685,9820,9580,0.0,9685,0,0
1388,2015-07-08,24175.220924749578,0.0,24175.220924749578,9720,9195,9720,9175,-1.0,9195,0,0
1389,2015-07-09,24175.220924749578,0.0,24175.220924749578,9135,9315,9315,9035,0.0,9315,0,0
1390,2015-07-10,24175.220924749578,0.0,24175.220924749578,9450,9590,9590,9430,0.0,9590,0,0
1391,2015-07-13,24175.220924749578,0.0,24175.220924749578,9695,9715,9715,9480,0.0,9715,0,0
1392,2015-07-14,24175.220924749578,0.0,24175.220924749578,9785,9655,9785,9635,0.0,9655,0,0
1393,2015-07-15,24175.220924749578,0.0,24175.220924749578,9690,9900,9900,9690,0.0,9900,0,0
1394,2015-07-16,24175.220924749578,0.0,24175.220924749578,9875,9855,9950,9840,0.0,9855,0,0
1395,2015-07-17,24175.220924749578,0.0,24175.220924749578,9935,9925,9945,9855,0.0,9925,0,0
1396,2015-07-20,24175.220924749578,0.0,24175.220924749578,10000,9880,10035,9855,0.0,9880,0,0
1397,2015-07-21,42.340924749576516,24132.0,24174.340924749577,9945,10055,10055,9945,1.0,10055,0,0
1398,2015-07-22,42.340924749576516,23796.0,23838.340924749577,10020,9915,10090,9910,0.0,9915,0,0
1399,2015-07-23,23741.478339549576,0.0,23741.478339549576,9875,9560,9895,9560,-1.0,9560,0,0
1400,2015-07-24,23741.478339549576,0.0,23741.478339549576,9545,9415,9545,9370,0.0,9415,0,0
1401,2015-07-27,23741.478339549576,0.0,23741.478339549576,9310,9290,9405,9220,0.0,9290,0,0
1402,2015-07-28,23741.478339549576,0.0,23741.478339549576,9210,9155,9285,9030,0.0,9155,0,0
1403,2015-07-29,23741.478339549576,0.0,23741.478339549576,9250,9075,9265,9075,0.0,9075,0,0
1404,2015-07-30,23741.478339549576,0.0,23741.478339549576,9175,9185,9320,9125,0.0,9185,0,0
1405,2015-07-31,23741.478339549576,0.0,23741.478339549576,9245,9245,9300,9040,0.0,9245,0,0
1406,2015-08-03,23741.478339549576,0.0,23741.478339549576,9110,8695,9110,8690,0.0,8695,0,0
1407,2015-08-04,23741.478339549576,0.0,23741.478339549576,8605,8830,8860,8605,0.0,8830,0,0
1408,2015-08-05,23741.478339549576,0.0,23741.478339549576,8835,9010,9010,8830,0.0,9010,0,0
1409,2015-08-06,23741.478339549576,0.0,23741.478339549576,9040,9045,9075,9025,0.0,9045,0,0
1410,2015-08-07,23741.478339549576,0.0,23741.478339549576,8980,8935,8990,8900,0.0,8935,0,0
1411,2015-08-10,23741.478339549576,0.0,23741.478339549576,8915,8515,8915,8480,0.0,8515,0,0
1412,2015-08-11,23741.478339549576,0.0,23741.478339549576,8655,8500,8725,8500,0.0,8500,0,0
1413,2015-08-12,23741.478339549576,0.0,23741.478339549576,8405,8385,8425,8220,0.0,8385,0,0
1414,2015-08-13,23741.478339549576,0.0,23741.478339549576,8420,8680,8715,8420,0.0,8680,0,0
1415,2015-08-17,23741.478339549576,0.0,23741.478339549576,8815,8820,8825,8760,0.0,8820,0,0
1416,2015-08-18,23741.478339549576,0.0,23741.478339549576,8785,8610,8785,8610,0.0,8610,0,0
1417,2015-08-19,23741.478339549576,0.0,23741.478339549576,8555,8500,8600,8345,0.0,8500,0,0
1418,2015-08-20,23741.478339549576,0.0,23741.478339549576,8365,8360,8465,8360,0.0,8360,0,0
1419,2015-08-21,23741.478339549576,0.0,23741.478339549576,8185,8250,8305,8155,0.0,8250,0,0
1420,2015-08-24,23741.478339549576,0.0,23741.478339549576,8130,8040,8250,7900,0.0,8040,0,0
1421,2015-08-25,23741.478339549576,0.0,23741.478339549576,8075,8120,8270,7900,0.0,8120,0,0
1422,2015-08-26,23741.478339549576,0.0,23741.478339549576,8090,8455,8460,8075,0.0,8455,0,0
1423,2015-08-27,23741.478339549576,0.0,23741.478339549576,8490,8465,8525,8390,0.0,8465,0,0
1424,2015-08-28,23741.478339549576,0.0,23741.478339549576,8860,8770,8880,8755,0.0,8770,0,0
1425,2015-08-31,23741.478339549576,0.0,23741.478339549576,8775,8690,8775,8650,0.0,8690,0,0
1426,2015-09-01,23741.478339549576,0.0,23741.478339549576,8800,8570,8840,8570,0.0,8570,0,0
1427,2015-09-02,23741.478339549576,0.0,23741.478339549576,8295,8500,8530,8295,0.0,8500,0,0
1428,2015-09-03,23741.478339549576,0.0,23741.478339549576,8545,8390,8560,8375,0.0,8390,0,0
1429,2015-09-04,23741.478339549576,0.0,23741.478339549576,8420,8290,8455,8240,0.0,8290,0,0
1430,2015-09-07,23741.478339549576,0.0,23741.478339549576,8235,8220,8280,8170,0.0,8220,0,0
1431,2015-09-08,23741.478339549576,0.0,23741.478339549576,8210,8110,8210,8070,0.0,8110,0,0
1432,2015-09-09,23741.478339549576,0.0,23741.478339549576,8215,8535,8535,8215,0.0,8535,0,0
1433,2015-09-10,23741.478339549576,0.0,23741.478339549576,8415,8690,8690,8380,0.0,8690,0,0
1434,2015-09-11,23741.478339549576,0.0,23741.478339549576,8695,8660,8765,8610,0.0,8660,0,0
1435,2015-09-14,23741.478339549576,0.0,23741.478339549576,8685,8730,8745,8615,0.0,8730,0,0
1436,2015-09-15,23741.478339549576,0.0,23741.478339549576,8735,8770,8770,8670,0.0,8770,0,0
1437,2015-09-16,67.91833954957474,23672.699999999997,23740.618339549572,8835,9070,9120,8805,1.0,9070,0,0
1438,2015-09-17,67.91833954957474,23881.5,23949.418339549575,9205,9150,9300,9135,0.0,9150,0,0
1439,2015-09-18,67.91833954957474,23972.85,24040.768339549573,9170,9185,9265,9060,0.0,9185,0,0
1440,2015-09-21,67.91833954957474,23476.949999999997,23544.868339549572,9030,8995,9095,8950,0.0,8995,0,0
1441,2015-09-22,67.91833954957474,23698.8,23766.718339549574,9115,9080,9115,9045,0.0,9080,0,0
1442,2015-09-23,67.91833954957474,23490.0,23557.918339549575,8925,9000,9125,8925,0.0,9000,0,0
1443,2015-09-24,67.91833954957474,23581.35,23649.268339549573,9050,9035,9075,8965,0.0,9035,0,0
1444,2015-09-25,67.91833954957474,23568.3,23636.218339549574,9040,9030,9040,8945,0.0,9030,0,0
1445,2015-09-30,67.91833954957474,24181.649999999998,24249.568339549573,8910,9265,9265,8900,0.0,9265,0,0
1446,2015-10-01,67.91833954957474,24429.6,24497.518339549573,9230,9360,9405,9175,0.0,9360,0,0
1447,2015-10-02,67.91833954957474,24181.649999999998,24249.568339549573,9340,9265,9350,9265,0.0,9265,0,0
1448,2015-10-05,67.91833954957474,24938.55,25006.468339549574,9355,9555,9660,9355,0.0,9555,0,0
1449,2015-10-06,67.91833954957474,25290.899999999998,25358.818339549573,9700,9690,9795,9640,0.0,9690,0,0
1450,2015-10-07,67.91833954957474,25395.3,25463.218339549574,9735,9730,9805,9680,0.0,9730,0,0
1451,2015-10-08,67.91833954957474,25330.05,25397.968339549574,9765,9705,9800,9625,0.0,9705,0,0
1452,2015-10-12,67.91833954957474,25473.6,25541.518339549573,9705,9760,9800,9685,0.0,9760,0,0
1453,2015-10-13,67.91833954957474,25173.449999999997,25241.368339549572,9705,9645,9705,9570,0.0,9645,0,0
1454,2015-10-14,67.91833954957474,24481.8,24549.718339549574,9605,9380,9605,9365,0.0,9380,0,0
1455,2015-10-15,67.91833954957474,25395.3,25463.218339549574,9405,9730,9730,9405,0.0,9730,0,0
1456,2015-10-16,67.91833954957474,25290.899999999998,25358.818339549573,9725,9690,9760,9650,0.0,9690,0,0
1457,2015-10-19,67.91833954957474,25369.199999999997,25437.118339549572,9820,9720,9825,9695,0.0,9720,0,0
1458,2015-10-20,67.91833954957474,25121.25,25189.168339549575,9705,9625,9705,9605,0.0,9625,0,0
1459,2015-10-21,67.91833954957474,25486.649999999998,25554.568339549573,9610,9765,9805,9610,0.0,9765,0,0
1460,2015-10-22,67.91833954957474,24977.699999999997,25045.618339549572,9690,9570,9700,9540,0.0,9570,0,0
1461,2015-10-23,67.91833954957474,25852.05,25919.968339549574,9730,9905,9920,9720,0.0,9905,0,0
1462,2015-10-26,67.91833954957474,25812.899999999998,25880.818339549573,9955,9890,9955,9835,0.0,9890,0,0
1463,2015-10-27,67.91833954957474,25799.85,25867.768339549573,9855,9885,9885,9795,0.0,9885,0,0
1464,2015-10-28,67.91833954957474,26100.0,26167.918339549575,9915,10000,10090,9900,0.0,10000,0,0
1465,2015-10-29,67.91833954957474,26139.149999999998,26207.068339549573,10050,10015,10100,9970,0.0,10015,0,0
1466,2015-10-30,67.91833954957474,25421.399999999998,25489.318339549573,9905,9740,9930,9740,0.0,9740,0,0
1467,2015-11-02,67.91833954957474,25617.149999999998,25685.068339549573,9725,9815,9840,9725,0.0,9815,0,0
1468,2015-11-03,67.91833954957474,25956.449999999997,26024.368339549572,9875,9945,10020,9870,0.0,9945,0,0
1469,2015-11-04,67.91833954957474,26217.449999999997,26285.368339549572,10035,10045,10095,9985,0.0,10045,0,0
1470,2015-11-05,67.91833954957474,25917.3,25985.218339549574,10005,9930,10005,9880,0.0,9930,0,0
1471,2015-11-06,67.91833954957474,25525.8,25593.718339549574,9895,9780,9930,9780,0.0,9780,0,0
1472,2015-11-09,67.91833954957474,24899.399999999998,24967.318339549573,9780,9540,9780,9505,0.0,9540,0,0
1473,2015-11-10,67.91833954957474,24664.5,24732.418339549575,9310,9450,9535,9310,0.0,9450,0,0
1474,2015-11-11,24431.38157466697,0.0,24431.38157466697,9335,9390,9450,9250,-1.0,9390,0,0
1475,2015-11-12,24431.38157466697,0.0,24431.38157466697,9450,9390,9450,9355,0.0,9390,0,0
1476,2015-11-13,24431.38157466697,0.0,24431.38157466697,9390,9390,9390,9355,0.0,9390,0,0
1477,2015-11-16,24431.38157466697,0.0,24431.38157466697,9315,9445,9480,9260,0.0,9445,0,0
1478,2015-11-17,24431.38157466697,0.0,24431.38157466697,9500,9755,9765,9500,0.0,9755,0,0
1479,2015-11-18,24431.38157466697,0.0,24431.38157466697,9740,9720,9790,9720,0.0,9720,0,0
1480,2015-11-19,48.991574666972156,24381.5,24430.491574666972,9845,10075,10080,9840,1.0,10075,0,0
1481,2015-11-20,48.991574666972156,24442.0,24490.991574666972,10095,10100,10215,10035,0.0,10100,0,0
1482,2015-11-23,48.991574666972156,24623.5,24672.491574666972,10130,10175,10180,10130,0.0,10175,0,0
1483,2015-11-24,48.991574666972156,25168.0,25216.991574666972,10170,10400,10400,10155,0.0,10400,0,0
1484,2015-11-25,48.991574666972156,24841.3,24890.29157466697,10415,10265,10445,10235,0.0,10265,0,0
1485,2015-11-26,48.991574666972156,24986.5,25035.491574666972,10265,10325,10415,10265,0.0,10325,0,0
1486,2015-11-27,48.991574666972156,24986.5,25035.491574666972,10320,10325,10370,10285,0.0,10325,0,0
1487,2015-11-30,48.991574666972156,24490.399999999998,24539.39157466697,10260,10120,10260,10035,0.0,10120,0,0
1488,2015-12-01,48.991574666972156,24986.5,25035.491574666972,10120,10325,10375,10120,0.0,10325,0,0
1489,2015-12-02,48.991574666972156,24708.2,24757.191574666973,10325,10210,10325,10205,0.0,10210,0,0
1490,2015-12-03,48.991574666972156,24659.8,24708.79157466697,10100,10190,10205,10020,0.0,10190,0,0
1491,2015-12-04,48.991574666972156,24321.0,24369.991574666972,10100,10050,10105,10020,0.0,10050,0,0
1492,2015-12-07,48.991574666972156,24248.399999999998,24297.39157466697,10125,10020,10170,10020,0.0,10020,0,0
1493,2015-12-08,48.991574666972156,24115.3,24164.29157466697,9950,9965,10015,9885,0.0,9965,0,0
1494,2015-12-09,48.991574666972156,24272.6,24321.59157466697,9965,10030,10085,9940,0.0,10030,0,0
1495,2015-12-10,48.991574666972156,23982.2,24031.191574666973,9970,9910,10055,9815,0.0,9910,0,0
1496,2015-12-11,48.991574666972156,24381.5,24430.491574666972,9915,10075,10080,9915,0.0,10075,0,0
1497,2015-12-14,48.991574666972156,23909.6,23958.59157466697,9950,9880,9990,9835,0.0,9880,0,0
1498,2015-12-15,24236.011231858567,0.0,24236.011231858567,9995,9725,9995,9640,-1.0,9725,0,0
1499,2015-12-16,30.53123185856748,24204.6,24235.131231858566,9855,10170,10175,9845,1.0,10170,0,0
1500,2015-12-17,30.53123185856748,24549.699999999997,24580.231231858565,10185,10315,10320,10175,0.0,10315,0,0
1501,2015-12-18,30.53123185856748,24502.1,24532.631231858566,10215,10295,10355,10210,0.0,10295,0,0
1502,2015-12-21,30.53123185856748,24704.399999999998,24734.931231858565,10235,10380,10395,10235,0.0,10380,0,0
1503,2015-12-22,30.53123185856748,24847.199999999997,24877.731231858565,10310,10440,10450,10280,0.0,10440,0,0
1504,2015-12-23,30.53123185856748,25037.6,25068.131231858566,10475,10520,10625,10475,0.0,10520,0,0
1505,2015-12-24,30.53123185856748,24894.8,24925.331231858567,10650,10460,10650,10460,0.0,10460,0,0
1506,2015-12-28,30.53123185856748,24537.8,24568.331231858567,10460,10310,10460,10275,0.0,10310,0,0
1507,2015-12-29,30.53123185856748,24906.699999999997,24937.231231858565,10340,10465,10490,10340,0.0,10465,0,0
1508,2015-12-30,30.53123185856748,24752.0,24782.531231858567,10495,10400,10500,10370,0.0,10400,0,0
1509,2016-01-04,30.53123185856748,24775.8,24806.331231858567,10400,10410,10490,10365,0.0,10410,0,0
1510,2016-01-05,30.53123185856748,24728.199999999997,24758.731231858565,10330,10390,10510,10330,0.0,10390,0,0
1511,2016-01-06,30.53123185856748,24882.899999999998,24913.431231858565,10405,10455,10475,10365,0.0,10455,0,0
1512,2016-01-07,30.53123185856748,24192.7,24223.23123185857,10360,10165,10415,10135,0.0,10165,0,0
1513,2016-01-08,30.53123185856748,24882.899999999998,24913.431231858565,10000,10455,10465,9500,0.0,10455,0,0
1514,2016-01-11,30.53123185856748,24335.5,24366.031231858567,10370,10225,10370,10225,0.0,10225,0,0
1515,2016-01-12,30.53123185856748,24597.3,24627.831231858567,10350,10335,10390,10250,0.0,10335,0,0
1516,2016-01-13,30.53123185856748,25037.6,25068.131231858566,10430,10520,10560,10400,0.0,10520,0,0
1517,2016-01-14,30.53123185856748,24561.6,24592.131231858566,10315,10320,10420,10270,0.0,10320,0,0
1518,2016-01-15,30.53123185856748,24038.0,24068.531231858567,10480,10100,10490,10075,0.0,10100,0,0
1519,2016-01-18,23829.665007058567,0.0,23829.665007058567,10000,10050,10090,9930,-1.0,10050,0,0
1520,2016-01-19,23829.665007058567,0.0,23829.665007058567,10075,9945,10075,9830,0.0,9945,0,0
1521,2016-01-20,23829.665007058567,0.0,23829.665007058567,9940,9690,9950,9600,0.0,9690,0,0
1522,2016-01-21,23829.665007058567,0.0,23829.665007058567,9670,9945,10000,9670,0.0,9945,0,0
1523,2016-01-22,23829.665007058567,0.0,23829.665007058567,10070,10025,10115,9860,0.0,10025,0,0
1524,2016-01-25,23829.665007058567,0.0,23829.665007058567,10190,10155,10300,10140,0.0,10155,0,0
1525,2016-01-26,23829.665007058567,0.0,23829.665007058567,10125,9845,10125,9820,0.0,9845,0,0
1526,2016-01-27,23829.665007058567,0.0,23829.665007058567,10020,9955,10125,9895,0.0,9955,0,0
1527,2016-01-28,23829.665007058567,0.0,23829.665007058567,9940,9995,10000,9830,0.0,9995,0,0
1528,2016-01-29,23829.665007058567,0.0,23829.665007058567,9975,10095,10095,9950,0.0,10095,0,0
1529,2016-02-01,23829.665007058567,0.0,23829.665007058567,10075,10100,10130,10005,0.0,10100,0,0
1530,2016-02-02,23829.665007058567,0.0,23829.665007058567,10015,10010,10155,10010,0.0,10010,0,0
1531,2016-02-03,23829.665007058567,0.0,23829.665007058567,9940,10095,10095,9905,0.0,10095,0,0
1532,2016-02-04,1.2950070585684443,23827.5,23828.79500705857,10255,10590,10590,10255,1.0,10590,0,0
1533,2016-02-05,1.2950070585684443,23613.75,23615.04500705857,10585,10495,10590,10420,0.0,10495,0,0
1534,2016-02-11,1.2950070585684443,22567.5,22568.79500705857,9555,10030,10235,9555,0.0,10030,0,0
1535,2016-02-12,22387.980191608567,0.0,22387.980191608567,9950,9780,9980,9520,-1.0,9780,0,0
1536,2016-02-15,22387.980191608567,0.0,22387.980191608567,9945,9875,9985,9835,0.0,9875,0,0
1537,2016-02-16,22387.980191608567,0.0,22387.980191608567,9915,10215,10220,9915,0.0,10215,0,0
1538,2016-02-17,22387.980191608567,0.0,22387.980191608567,10350,10165,10350,10050,0.0,10165,0,0
1539,2016-02-18,91.6701916085658,22295.5,22387.170191608566,10380,10370,10415,10300,1.0,10370,0,0
1540,2016-02-19,91.6701916085658,22639.5,22731.170191608566,10325,10530,10530,10310,0.0,10530,0,0
1541,2016-02-22,91.6701916085658,22768.5,22860.170191608566,10490,10590,10630,10450,0.0,10590,0,0
1542,2016-02-23,91.6701916085658,22994.25,23085.920191608566,10750,10695,10800,10695,0.0,10695,0,0
1543,2016-02-24,91.6701916085658,22800.75,22892.420191608566,10665,10605,10765,10605,0.0,10605,0,0
1544,2016-02-25,91.6701916085658,22833.0,22924.670191608566,10705,10620,10765,10600,0.0,10620,0,0
1545,2016-02-26,91.6701916085658,22682.5,22774.170191608566,10670,10550,10700,10515,0.0,10550,0,0
1546,2016-02-29,91.6701916085658,22886.75,22978.420191608566,10565,10645,10700,10565,0.0,10645,0,0
1547,2016-03-02,91.6701916085658,23639.25,23730.920191608566,10825,10995,11005,10825,0.0,10995,0,0
1548,2016-03-03,91.6701916085658,23488.75,23580.420191608566,11000,10925,11060,10880,0.0,10925,0,0
1549,2016-03-04,91.6701916085658,23198.5,23290.170191608566,10925,10790,10925,10715,0.0,10790,0,0
1550,2016-03-07,91.6701916085658,23521.0,23612.670191608566,10830,10940,10970,10810,0.0,10940,0,0
1551,2016-03-08,91.6701916085658,23413.5,23505.170191608566,10965,10890,11035,10805,0.0,10890,0,0
1552,2016-03-09,91.6701916085658,23112.5,23204.170191608566,10890,10750,10930,10730,0.0,10750,0,0
1553,2016-03-10,91.6701916085658,23574.75,23666.420191608566,10870,10965,10980,10860,0.0,10965,0,0
1554,2016-03-11,91.6701916085658,23542.5,23634.170191608566,10925,10950,10960,10890,0.0,10950,0,0
1555,2016-03-14,91.6701916085658,23585.5,23677.170191608566,10995,10970,11045,10950,0.0,10970,0,0
1556,2016-03-15,91.6701916085658,23671.5,23763.170191608566,10975,11010,11015,10935,0.0,11010,0,0
1557,2016-03-16,91.6701916085658,23478.0,23569.670191608566,11010,10920,11025,10890,0.0,10920,0,0
1558,2016-03-17,91.6701916085658,24241.25,24332.920191608566,11050,11275,11325,11050,0.0,11275,0,0
1559,2016-03-18,91.6701916085658,24144.5,24236.170191608566,11370,11230,11375,11200,0.0,11230,0,0
1560,2016-03-21,91.6701916085658,24187.5,24279.170191608566,11300,11250,11360,11180,0.0,11250,0,0
1561,2016-03-22,91.6701916085658,24015.5,24107.170191608566,11275,11170,11305,11140,0.0,11170,0,0
1562,2016-03-23,91.6701916085658,24101.5,24193.170191608566,11250,11210,11255,11165,0.0,11210,0,0
1563,2016-03-24,91.6701916085658,24262.75,24354.420191608566,11170,11285,11300,11170,0.0,11285,0,0
1564,2016-03-25,91.6701916085658,24531.5,24623.170191608566,11330,11410,11475,11300,0.0,11410,0,0
1565,2016-03-28,91.6701916085658,24531.5,24623.170191608566,11470,11410,11470,11330,0.0,11410,0,0
1566,2016-03-29,91.6701916085658,24821.75,24913.420191608566,11450,11545,11545,11405,0.0,11545,0,0
1567,2016-03-30,91.6701916085658,25348.5,25440.170191608566,11600,11790,11795,11600,0.0,11790,0,0
1568,2016-03-31,91.6701916085658,25155.0,25246.670191608566,11840,11700,11840,11675,0.0,11700,0,0
1569,2016-04-01,91.6701916085658,24542.25,24633.920191608566,11700,11415,11700,11400,0.0,11415,0,0
1570,2016-04-04,91.6701916085658,24778.75,24870.420191608566,11430,11525,11525,11370,0.0,11525,0,0
1571,2016-04-05,91.6701916085658,24488.5,24580.170191608566,11400,11390,11440,11300,0.0,11390,0,0
1572,2016-04-06,91.6701916085658,24660.5,24752.170191608566,11315,11470,11495,11310,0.0,11470,0,0
1573,2016-04-07,91.6701916085658,24703.5,24795.170191608566,11595,11490,11595,11475,0.0,11490,0,0
1574,2016-04-08,91.6701916085658,24714.25,24805.920191608566,11440,11495,11495,11295,0.0,11495,0,0
1575,2016-04-11,91.6701916085658,24606.75,24698.420191608566,11545,11445,11570,11445,0.0,11445,0,0
1576,2016-04-12,91.6701916085658,24897.0,24988.670191608566,11465,11580,11580,11425,0.0,11580,0,0
1577,2016-04-14,91.6701916085658,25660.25,25751.920191608566,11775,11935,11945,11730,0.0,11935,0,0
1578,2016-04-15,91.6701916085658,25004.5,25096.170191608566,11935,11630,11970,11620,0.0,11630,0,0
1579,2016-04-18,91.6701916085658,25133.5,25225.170191608566,11500,11690,11690,11450,0.0,11690,0,0
1580,2016-04-19,91.6701916085658,24789.5,24881.170191608566,11755,11530,11755,11495,0.0,11530,0,0
1581,2016-04-20,91.6701916085658,24391.75,24483.420191608566,11600,11345,11640,11335,0.0,11345,0,0
1582,2016-04-21,91.6701916085658,24542.25,24633.920191608566,11475,11415,11510,11210,0.0,11415,0,0
1583,2016-04-22,91.6701916085658,24198.25,24289.920191608566,11350,11255,11385,11185,0.0,11255,0,0
1584,2016-04-25,91.6701916085658,24381.0,24472.670191608566,11260,11340,11355,11240,0.0,11340,0,0
1585,2016-04-26,24428.784385760566,0.0,24428.784385760566,11320,11125,11320,11070,-1.0,11125,0,0
1586,2016-04-27,24428.784385760566,0.0,24428.784385760566,11125,11125,11200,11090,0.0,11125,0,0
1587,2016-04-28,24428.784385760566,0.0,24428.784385760566,11025,10825,11055,10815,0.0,10825,0,0
1588,2016-04-29,24428.784385760566,0.0,24428.784385760566,10820,10710,10820,10610,0.0,10710,0,0
1589,2016-05-02,24428.784385760566,0.0,24428.784385760566,10680,10680,10825,10670,0.0,10680,0,0
1590,2016-05-03,24428.784385760566,0.0,24428.784385760566,10715,10700,10730,10670,0.0,10700,0,0
1591,2016-05-04,24428.784385760566,0.0,24428.784385760566,10580,10435,10605,10365,0.0,10435,0,0
1592,2016-05-09,24428.784385760566,0.0,24428.784385760566,10290,10160,10330,10110,0.0,10160,0,0
1593,2016-05-10,24428.784385760566,0.0,24428.784385760566,10140,10340,10350,10140,0.0,10340,0,0
1594,2016-05-11,24428.784385760566,0.0,24428.784385760566,10430,10555,10555,10410,0.0,10555,0,0
1595,2016-05-12,24428.784385760566,0.0,24428.784385760566,10535,10575,10580,10485,0.0,10575,0,0
1596,2016-05-13,24428.784385760566,0.0,24428.784385760566,10585,10380,10585,10300,0.0,10380,0,0
1597,2016-05-16,24428.784385760566,0.0,24428.784385760566,10330,10405,10435,10300,0.0,10405,0,0
1598,2016-05-17,24428.784385760566,0.0,24428.784385760566,10515,10410,10515,10400,0.0,10410,0,0
1599,2016-05-18,24428.784385760566,0.0,24428.784385760566,10400,10250,10400,10110,0.0,10250,0,0
1600,2016-05-19,24428.784385760566,0.0,24428.784385760566,10250,10115,10250,10100,0.0,10115,0,0
1601,2016-05-20,24428.784385760566,0.0,24428.784385760566,10080,10170,10200,10045,0.0,10170,0,0
1602,2016-05-23,24428.784385760566,0.0,24428.784385760566,10185,10240,10255,10120,0.0,10240,0,0
1603,2016-05-24,24428.784385760566,0.0,24428.784385760566,10205,10045,10205,10045,0.0,10045,0,0
1604,2016-05-25,24428.784385760566,0.0,24428.784385760566,10120,10165,10250,10120,0.0,10165,0,0
1605,2016-05-26,24428.784385760566,0.0,24428.784385760566,10175,10245,10265,10175,0.0,10245,0,0
1606,2016-05-27,24428.784385760566,0.0,24428.784385760566,10270,10500,10540,10270,0.0,10500,0,0
1607,2016-05-30,24428.784385760566,0.0,24428.784385760566,10500,10465,10500,10340,0.0,10465,0,0
1608,2016-05-31,24428.784385760566,0.0,24428.784385760566,10255,10425,10440,10255,0.0,10425,0,0
1609,2016-06-01,24428.784385760566,0.0,24428.784385760566,10320,10260,10420,10255,0.0,10260,0,0
1610,2016-06-02,24428.784385760566,0.0,24428.784385760566,10260,10245,10285,10225,0.0,10245,0,0
1611,2016-06-03,24428.784385760566,0.0,24428.784385760566,10270,10130,10270,10090,0.0,10130,0,0
1612,2016-06-07,24428.784385760566,0.0,24428.784385760566,10245,10290,10290,10215,0.0,10290,0,0
1613,2016-06-08,24428.784385760566,0.0,24428.784385760566,10335,10390,10390,10300,0.0,10390,0,0
1614,2016-06-09,24428.784385760566,0.0,24428.784385760566,10415,10350,10420,10300,0.0,10350,0,0
1615,2016-06-10,24428.784385760566,0.0,24428.784385760566,10310,10375,10375,10310,0.0,10375,0,0
1616,2016-06-13,24428.784385760566,0.0,24428.784385760566,10215,10180,10245,10140,0.0,10180,0,0
1617,2016-06-14,24428.784385760566,0.0,24428.784385760566,10145,10045,10215,9965,0.0,10045,0,0
1618,2016-06-15,24428.784385760566,0.0,24428.784385760566,10005,9870,10005,9870,0.0,9870,0,0
1619,2016-06-16,24428.784385760566,0.0,24428.784385760566,9900,9870,9995,9840,0.0,9870,0,0
1620,2016-06-17,24428.784385760566,0.0,24428.784385760566,9955,9825,10000,9800,0.0,9825,0,0
1621,2016-06-20,24428.784385760566,0.0,24428.784385760566,9930,10005,10015,9920,0.0,10005,0,0
1622,2016-06-21,24428.784385760566,0.0,24428.784385760566,9910,9785,9910,9770,0.0,9785,0,0
1623,2016-06-22,24428.784385760566,0.0,24428.784385760566,9850,10000,10020,9785,0.0,10000,0,0
1624,2016-06-23,24428.784385760566,0.0,24428.784385760566,9920,9855,9940,9820,0.0,9855,0,0
1625,2016-06-24,24428.784385760566,0.0,24428.784385760566,9975,9425,9975,9360,0.0,9425,0,0
1626,2016-06-27,24428.784385760566,0.0,24428.784385760566,9175,9410,9460,9160,0.0,9410,0,0
1627,2016-06-28,24428.784385760566,0.0,24428.784385760566,9310,9445,9445,9255,0.0,9445,0,0
1628,2016-06-29,24428.784385760566,0.0,24428.784385760566,9580,9745,9785,9560,0.0,9745,0,0
1629,2016-06-30,24428.784385760566,0.0,24428.784385760566,9890,9805,9890,9700,0.0,9805,0,0
1630,2016-07-01,24428.784385760566,0.0,24428.784385760566,9805,9780,9805,9745,0.0,9780,0,0
1631,2016-07-04,24428.784385760566,0.0,24428.784385760566,9810,10040,10040,9810,0.0,10040,0,0
1632,2016-07-05,24428.784385760566,0.0,24428.784385760566,10040,9960,10050,9915,0.0,9960,0,0
1633,2016-07-06,24428.784385760566,0.0,24428.784385760566,9900,9680,9900,9645,0.0,9680,0,0
1634,2016-07-07,24428.784385760566,0.0,24428.784385760566,9745,9680,9780,9665,0.0,9680,0,0
1635,2016-07-08,24428.784385760566,0.0,24428.784385760566,9650,9585,9650,9525,0.0,9585,0,0
1636,2016-07-11,24428.784385760566,0.0,24428.784385760566,9620,9790,9790,9620,0.0,9790,0,0
1637,2016-07-12,24428.784385760566,0.0,24428.784385760566,9765,9775,9775,9705,0.0,9775,0,0
1638,2016-07-13,24428.784385760566,0.0,24428.784385760566,9895,9900,9980,9850,0.0,9900,0,0
1639,2016-07-14,24428.784385760566,0.0,24428.784385760566,9865,10050,10050,9830,0.0,10050,0,0
1640,2016-07-15,24428.784385760566,0.0,24428.784385760566,10085,10025,10135,10000,0.0,10025,0,0
1641,2016-07-18,22.194385760565638,24405.7,24427.894385760566,10045,10085,10110,10030,1.0,10085,0,0
1642,2016-07-19,22.194385760565638,24272.6,24294.794385760564,10120,10030,10120,9960,0.0,10030,0,0
1643,2016-07-20,22.194385760565638,24260.5,24282.694385760566,10040,10025,10085,10005,0.0,10025,0,0
1644,2016-07-21,22.194385760565638,23982.2,24004.394385760566,10060,9910,10075,9905,0.0,9910,0,0
1645,2016-07-22,22.194385760565638,24079.0,24101.194385760566,9950,9950,9950,9865,0.0,9950,0,0
1646,2016-07-25,22.194385760565638,24139.5,24161.694385760566,9900,9975,9985,9900,0.0,9975,0,0
1647,2016-07-26,22.194385760565638,24200.0,24222.194385760566,9975,10000,10010,9925,0.0,10000,0,0
1648,2016-07-27,22.194385760565638,24054.8,24076.994385760565,10040,9940,10040,9920,0.0,9940,0,0
1649,2016-07-28,22.194385760565638,23873.3,23895.494385760565,9940,9865,9965,9865,0.0,9865,0,0
1650,2016-07-29,22.194385760565638,24187.899999999998,24210.094385760563,9900,9995,10035,9900,0.0,9995,0,0
1651,2016-08-01,22.194385760565638,24708.2,24730.394385760566,10015,10210,10210,10005,0.0,10210,0,0
1652,2016-08-02,22.194385760565638,24369.399999999998,24391.594385760563,10135,10070,10160,10040,0.0,10070,0,0
1653,2016-08-03,22.194385760565638,24006.399999999998,24028.594385760563,9965,9920,9965,9880,0.0,9920,0,0
1654,2016-08-04,22.194385760565638,24139.5,24161.694385760566,9970,9975,10040,9950,0.0,9975,0,0
1655,2016-08-05,22.194385760565638,24321.0,24343.194385760566,10010,10050,10050,10010,0.0,10050,0,0
1656,2016-08-08,22.194385760565638,24308.899999999998,24331.094385760563,10065,10045,10080,10000,0.0,10045,0,0
1657,2016-08-09,22.194385760565638,24792.899999999998,24815.094385760563,10045,10245,10245,10045,0.0,10245,0,0
1658,2016-08-10,22.194385760565638,25034.899999999998,25057.094385760563,10240,10345,10390,10240,0.0,10345,0,0
1659,2016-08-11,22.194385760565638,24708.2,24730.394385760566,10315,10210,10315,10160,0.0,10210,0,0
1660,2016-08-12,22.194385760565638,24926.0,24948.194385760566,10340,10300,10450,10270,0.0,10300,0,0
1661,2016-08-16,22.194385760565638,24998.6,25020.794385760564,10350,10330,10400,10305,0.0,10330,0,0
1662,2016-08-17,22.194385760565638,25143.8,25165.994385760565,10305,10390,10395,10290,0.0,10390,0,0
1663,2016-08-18,22.194385760565638,24792.899999999998,24815.094385760563,10390,10245,10435,10205,0.0,10245,0,0
1664,2016-08-19,22.194385760565638,24889.7,24911.894385760566,10260,10285,10300,10185,0.0,10285,0,0
1665,2016-08-22,22.194385760565638,24841.3,24863.494385760565,10305,10265,10355,10250,0.0,10265,0,0
1666,2016-08-23,22.194385760565638,24514.6,24536.794385760564,10255,10130,10255,10055,0.0,10130,0,0
1667,2016-08-24,22.194385760565638,24526.7,24548.894385760566,10135,10135,10210,10100,0.0,10135,0,0
1668,2016-08-25,22.194385760565638,24260.5,24282.694385760566,10085,10025,10085,10015,0.0,10025,0,0
1669,2016-08-26,22.194385760565638,24308.899999999998,24331.094385760563,10060,10045,10060,9985,0.0,10045,0,0
1670,2016-08-29,24197.114483343765,0.0,24197.114483343765,9990,9820,9990,9800,-1.0,9820,0,0
1671,2016-08-30,24197.114483343765,0.0,24197.114483343765,9835,9870,9935,9835,0.0,9870,0,0
1672,2016-08-31,24197.114483343765,0.0,24197.114483343765,9870,9950,9985,9870,0.0,9950,0,0
1673,2016-09-01,24197.114483343765,0.0,24197.114483343765,9950,10025,10035,9905,0.0,10025,0,0
1674,2016-09-02,24197.114483343765,0.0,24197.114483343765,10025,9940,10025,9910,0.0,9940,0,0
1675,2016-09-05,24197.114483343765,0.0,24197.114483343765,10030,10125,10125,10030,0.0,10125,0,0
1676,2016-09-06,24197.114483343765,0.0,24197.114483343765,10065,9915,10065,9870,0.0,9915,0,0
1677,2016-09-07,24197.114483343765,0.0,24197.114483343765,9935,9915,9970,9915,0.0,9915,0,0
1678,2016-09-08,24197.114483343765,0.0,24197.114483343765,9915,9895,9960,9830,0.0,9895,0,0
1679,2016-09-09,24197.114483343765,0.0,24197.114483343765,9865,9910,9910,9760,0.0,9910,0,0
1680,2016-09-12,24197.114483343765,0.0,24197.114483343765,9720,9780,9850,9720,0.0,9780,0,0
1681,2016-09-13,24197.114483343765,0.0,24197.114483343765,9835,9695,9850,9670,0.0,9695,0,0
1682,2016-09-19,24197.114483343765,0.0,24197.114483343765,9545,9735,9735,9510,0.0,9735,0,0
1683,2016-09-20,24197.114483343765,0.0,24197.114483343765,9675,9725,9735,9610,0.0,9725,0,0
1684,2016-09-21,24197.114483343765,0.0,24197.114483343765,9715,9835,9835,9690,0.0,9835,0,0
1685,2016-09-22,24197.114483343765,0.0,24197.114483343765,9950,9910,9950,9890,0.0,9910,0,0
1686,2016-09-23,24197.114483343765,0.0,24197.114483343765,9925,9960,9990,9925,0.0,9960,0,0
1687,2016-09-26,24197.114483343765,0.0,24197.114483343765,9980,10035,10060,9980,0.0,10035,0,0
1688,2016-09-27,24197.114483343765,0.0,24197.114483343765,10035,10105,10105,9970,0.0,10105,0,0
1689,2016-09-28,-0.16551665623410372,24196.4,24196.234483343767,10105,10040,10105,10025,1.0,10040,0,0
1690,2016-09-29,-0.16551665623410372,24883.25,24883.084483343766,10190,10325,10330,10190,0.0,10325,0,0
1691,2016-09-30,-0.16551665623410372,24714.550000000003,24714.38448334377,10220,10255,10290,10150,0.0,10255,0,0
1692,2016-10-04,-0.16551665623410372,24666.350000000002,24666.184483343768,10270,10235,10300,10235,0.0,10235,0,0
1693,2016-10-05,-0.16551665623410372,24678.4,24678.234483343767,10205,10240,10300,10175,0.0,10240,0,0
1694,2016-10-06,-0.16551665623410372,24461.5,24461.334483343766,10240,10150,10240,10125,0.0,10150,0,0
1695,2016-10-07,-0.16551665623410372,24401.25,24401.084483343766,10125,10125,10160,10105,0.0,10125,0,0
1696,2016-10-10,-0.16551665623410372,24582.0,24581.834483343766,10165,10200,10285,10150,0.0,10200,0,0
1697,2016-10-11,-0.16551665623410372,24883.25,24883.084483343766,10285,10325,10355,10285,0.0,10325,0,0
1698,2016-10-12,-0.16551665623410372,24654.300000000003,24654.13448334377,10285,10230,10355,10220,0.0,10230,0,0
1699,2016-10-13,-0.16551665623410372,24341.0,24340.834483343766,10235,10100,10235,10065,0.0,10100,0,0
1700,2016-10-14,-0.16551665623410372,24485.600000000002,24485.434483343768,10135,10160,10190,10120,0.0,10160,0,0
1701,2016-10-17,-0.16551665623410372,24702.5,24702.334483343766,10215,10250,10280,10160,0.0,10250,0,0
1702,2016-10-18,-0.16551665623410372,25088.100000000002,25087.934483343768,10260,10410,10410,10260,0.0,10410,0,0
1703,2016-10-19,-0.16551665623410372,25039.9,25039.734483343767,10425,10390,10450,10375,0.0,10390,0,0
1704,2016-10-20,-0.16551665623410372,25292.95,25292.784483343767,10490,10495,10570,10470,0.0,10495,0,0
1705,2016-10-21,-0.16551665623410372,25172.45,25172.284483343767,10495,10445,10495,10415,0.0,10445,0,0
1706,2016-10-24,-0.16551665623410372,25148.350000000002,25148.184483343768,10445,10435,10460,10395,0.0,10435,0,0
1707,2016-10-25,-0.16551665623410372,25124.25,25124.084483343766,10435,10425,10435,10340,0.0,10425,0,0
1708,2016-10-26,-0.16551665623410372,24557.9,24557.734483343767,10320,10190,10325,10135,0.0,10190,0,0
1709,2016-10-27,-0.16551665623410372,24557.9,24557.734483343767,10185,10190,10215,10080,0.0,10190,0,0
1710,2016-10-28,-0.16551665623410372,24545.850000000002,24545.684483343768,10170,10185,10190,10105,0.0,10185,0,0
1711,2016-10-31,-0.16551665623410372,24341.0,24340.834483343766,10075,10100,10115,10040,0.0,10100,0,0
1712,2016-11-01,-0.16551665623410372,24497.65,24497.484483343767,10025,10165,10165,9980,0.0,10165,0,0
1713,2016-11-02,24400.196375448766,0.0,24400.196375448766,10125,10090,10165,10050,-1.0,10090,0,0
1714,2016-11-03,24400.196375448766,0.0,24400.196375448766,10090,10155,10155,10030,0.0,10155,0,0
1715,2016-11-04,24400.196375448766,0.0,24400.196375448766,10145,10070,10145,10070,0.0,10070,0,0
1716,2016-11-07,24400.196375448766,0.0,24400.196375448766,10190,10300,10300,10190,0.0,10300,0,0
1717,2016-11-08,67.70637544876445,24331.6,24399.306375448763,10340,10310,10355,10280,1.0,10310,0,0
1718,2016-11-09,24504.616937279963,0.0,24504.616937279963,10355,9965,10390,9825,-1.0,9965,0,0
1719,2016-11-10,24504.616937279963,0.0,24504.616937279963,10150,10245,10265,10140,0.0,10245,0,0
1720,2016-11-11,24504.616937279963,0.0,24504.616937279963,10215,10190,10275,10110,0.0,10190,0,0
1721,2016-11-14,24504.616937279963,0.0,24504.616937279963,10190,10265,10290,10115,0.0,10265,0,0
1722,2016-11-15,65.92693727996448,24437.8,24503.726937279964,10240,10355,10390,10135,1.0,10355,0,0
1723,2016-11-16,65.92693727996448,24414.199999999997,24480.12693727996,10485,10345,10485,10310,0.0,10345,0,0
1724,2016-11-17,65.92693727996448,24225.399999999998,24291.326937279962,10295,10265,10300,10200,0.0,10265,0,0
1725,2016-11-18,65.92693727996448,23930.399999999998,23996.326937279962,10255,10140,10255,10140,0.0,10140,0,0
1726,2016-11-21,24007.25553696876,0.0,24007.25553696876,10145,10110,10195,10110,-1.0,10110,0,0
1727,2016-11-22,65.63553696876261,23940.75,24006.385536968763,10185,10275,10275,10185,1.0,10275,0,0
1728,2016-11-23,65.63553696876261,24080.55,24146.185536968762,10275,10335,10350,10275,0.0,10335,0,0
1729,2016-11-24,24017.16376541836,0.0,24017.16376541836,10280,10100,10280,10090,-1.0,10100,0,0
1730,2016-11-25,24017.16376541836,0.0,24017.16376541836,10140,10120,10150,10060,0.0,10120,0,0
1731,2016-11-28,24017.16376541836,0.0,24017.16376541836,10075,10060,10090,10000,0.0,10060,0,0
1732,2016-11-29,24017.16376541836,0.0,24017.16376541836,10060,10100,10145,10060,0.0,10100,0,0
1733,2016-11-30,24017.16376541836,0.0,24017.16376541836,10100,10050,10100,9970,0.0,10050,0,0
1734,2016-12-01,24017.16376541836,0.0,24017.16376541836,10200,10180,10215,10150,0.0,10180,0,0
1735,2016-12-02,24017.16376541836,0.0,24017.16376541836,10180,10100,10190,10070,0.0,10100,0,0
1736,2016-12-05,24017.16376541836,0.0,24017.16376541836,10100,10105,10185,10060,0.0,10105,0,0
1737,2016-12-06,24017.16376541836,0.0,24017.16376541836,10185,10325,10345,10185,0.0,10325,0,0
1738,2016-12-07,50.69376541836027,23965.6,24016.29376541836,10315,10330,10345,10275,1.0,10330,0,0
1739,2016-12-08,50.69376541836027,24476.0,24526.69376541836,10380,10550,10550,10380,0.0,10550,0,0
1740,2016-12-09,50.69376541836027,24360.0,24410.69376541836,10515,10500,10545,10445,0.0,10500,0,0
1741,2016-12-12,50.69376541836027,24290.399999999998,24341.093765418358,10595,10470,10605,10450,0.0,10470,0,0
1742,2016-12-13,50.69376541836027,24510.8,24561.49376541836,10520,10565,10565,10475,0.0,10565,0,0
1743,2016-12-14,50.69376541836027,24278.8,24329.49376541836,10585,10465,10590,10465,0.0,10465,0,0
1744,2016-12-15,50.69376541836027,24696.399999999998,24747.093765418358,10390,10645,10650,10390,0.0,10645,0,0
1745,2016-12-16,50.69376541836027,24418.0,24468.69376541836,10635,10525,10635,10525,0.0,10525,0,0
1746,2016-12-19,50.69376541836027,24441.199999999997,24491.893765418357,10570,10535,10605,10535,0.0,10535,0,0
1747,2016-12-20,50.69376541836027,24360.0,24410.69376541836,10555,10500,10555,10470,0.0,10500,0,0
1748,2016-12-21,50.69376541836027,24580.399999999998,24631.093765418358,10565,10595,10620,10565,0.0,10595,0,0
1749,2016-12-22,50.69376541836027,24568.8,24619.49376541836,10620,10590,10620,10555,0.0,10590,0,0
1750,2016-12-23,50.69376541836027,24696.399999999998,24747.093765418358,10600,10645,10650,10570,0.0,10645,0,0
1751,2016-12-26,50.69376541836027,24626.8,24677.49376541836,10655,10615,10675,10595,0.0,10615,0,0
1752,2016-12-27,50.69376541836027,24812.399999999998,24863.093765418358,10615,10695,10695,10615,0.0,10695,0,0
1753,2016-12-28,50.69376541836027,25102.399999999998,25153.093765418358,10815,10820,10845,10765,0.0,10820,0,0
1754,2016-12-29,50.69376541836027,25172.0,25222.69376541836,10765,10850,10850,10720,0.0,10850,0,0
1755,2017-01-02,50.69376541836027,25264.8,25315.49376541836,10705,10890,10890,10705,0.0,10890,0,0
1756,2017-01-03,50.69376541836027,25775.199999999997,25825.893765418357,10900,11110,11110,10885,0.0,11110,0,0
1757,2017-01-04,50.69376541836027,25728.8,25779.49376541836,11105,11090,11110,11050,0.0,11090,0,0
1758,2017-01-05,50.69376541836027,25508.399999999998,25559.093765418358,11090,10995,11090,10950,0.0,10995,0,0
1759,2017-01-06,50.69376541836027,25612.8,25663.49376541836,10995,11040,11100,10995,0.0,11040,0,0
1760,2017-01-09,50.69376541836027,25589.6,25640.29376541836,11040,11030,11055,10990,0.0,11030,0,0
1761,2017-01-10,50.69376541836027,25380.8,25431.49376541836,10985,10940,11000,10940,0.0,10940,0,0
1762,2017-01-11,50.69376541836027,26100.0,26150.69376541836,10960,11250,11250,10960,0.0,11250,0,0
1763,2017-01-12,50.69376541836027,26239.199999999997,26289.893765418357,11280,11310,11375,11280,0.0,11310,0,0
1764,2017-01-13,50.69376541836027,26250.8,26301.49376541836,11310,11315,11390,11305,0.0,11315,0,0
1765,2017-01-16,50.69376541836027,26169.6,26220.29376541836,11335,11280,11335,11195,0.0,11280,0,0
1766,2017-01-17,50.69376541836027,26204.399999999998,26255.093765418358,11280,11295,11350,11255,0.0,11295,0,0
1767,2017-01-18,50.69376541836027,25960.8,26011.49376541836,11305,11190,11305,11135,0.0,11190,0,0
1768,2017-01-19,50.69376541836027,25902.8,25953.49376541836,11225,11165,11255,11095,0.0,11165,0,0
1769,2017-01-20,50.69376541836027,25543.199999999997,25593.893765418357,11135,11010,11135,11000,0.0,11010,0,0
1770,2017-01-23,50.69376541836027,25624.399999999998,25675.093765418358,11080,11045,11080,11010,0.0,11045,0,0
1771,2017-01-24,50.69376541836027,25612.8,25663.49376541836,11030,11040,11040,10970,0.0,11040,0,0
1772,2017-01-25,50.69376541836027,25589.6,25640.29376541836,11090,11030,11110,11000,0.0,11030,0,0
1773,2017-01-26,50.69376541836027,25833.199999999997,25883.893765418357,11050,11135,11185,11040,0.0,11135,0,0
1774,2017-01-31,50.69376541836027,25253.199999999997,25303.893765418357,11075,10885,11075,10865,0.0,10885,0,0
1775,2017-02-01,50.69376541836027,25624.399999999998,25675.093765418358,10890,11045,11045,10890,0.0,11045,0,0
1776,2017-02-02,50.69376541836027,25798.399999999998,25849.093765418358,11020,11120,11200,11020,0.0,11120,0,0
1777,2017-02-03,50.69376541836027,25404.0,25454.69376541836,11140,10950,11165,10950,0.0,10950,0,0
1778,2017-02-06,50.69376541836027,25404.0,25454.69376541836,11125,10950,11125,10925,0.0,10950,0,0
1779,2017-02-07,25453.76916143436,0.0,25453.76916143436,10950,10780,10950,10780,-1.0,10780,0,0
1780,2017-02-08,25453.76916143436,0.0,25453.76916143436,10825,10840,10860,10740,0.0,10840,0,0
1781,2017-02-09,25453.76916143436,0.0,25453.76916143436,10880,10900,10915,10840,0.0,10900,0,0
1782,2017-02-10,25453.76916143436,0.0,25453.76916143436,10935,11135,11135,10935,0.0,11135,0,0
1783,2017-02-13,73.04916143435912,25379.8,25452.84916143436,11150,11230,11235,11135,1.0,11230,0,0
1784,2017-02-14,73.04916143435912,25244.199999999997,25317.249161434356,11250,11170,11260,11150,0.0,11170,0,0
1785,2017-02-15,73.04916143435912,25424.999999999996,25498.049161434355,11170,11250,11250,11170,0.0,11250,0,0
1786,2017-02-16,73.04916143435912,25074.699999999997,25147.749161434356,11250,11095,11250,11075,0.0,11095,0,0
1787,2017-02-17,73.04916143435912,25176.399999999998,25249.449161434357,11100,11140,11210,11100,0.0,11140,0,0
1788,2017-02-20,73.04916143435912,24859.999999999996,24933.049161434355,11130,11000,11130,10985,0.0,11000,0,0
1789,2017-02-21,73.04916143435912,24984.3,25057.34916143436,11025,11055,11100,11020,0.0,11055,0,0
1790,2017-02-22,73.04916143435912,25029.499999999996,25102.549161434355,11120,11075,11120,11050,0.0,11075,0,0
1791,2017-02-23,73.04916143435912,24995.6,25068.649161434358,11075,11060,11075,11050,0.0,11060,0,0
1792,2017-02-24,73.04916143435912,24679.199999999997,24752.249161434356,11095,10920,11110,10920,0.0,10920,0,0
1793,2017-02-27,24773.950114721556,0.0,24773.950114721556,10930,10930,10930,10825,-1.0,10930,0,0
1794,2017-02-28,24773.950114721556,0.0,24773.950114721556,10930,11015,11020,10910,0.0,11015,0,0
1795,2017-03-02,24773.950114721556,0.0,24773.950114721556,11085,11045,11090,10995,0.0,11045,0,0
1796,2017-03-03,24773.950114721556,0.0,24773.950114721556,11040,10950,11040,10875,0.0,10950,0,0
1797,2017-03-06,24773.950114721556,0.0,24773.950114721556,10920,10870,10920,10700,0.0,10870,0,0
1798,2017-03-07,24773.950114721556,0.0,24773.950114721556,10870,10980,11000,10840,0.0,10980,0,0
1799,2017-03-08,24773.950114721556,0.0,24773.950114721556,10925,10955,10980,10905,0.0,10955,0,0
1800,2017-03-09,24773.950114721556,0.0,24773.950114721556,10945,10845,10945,10825,0.0,10845,0,0
1801,2017-03-10,24773.950114721556,0.0,24773.950114721556,10845,10810,10845,10760,0.0,10810,0,0
1802,2017-03-13,24773.950114721556,0.0,24773.950114721556,10805,10925,10940,10805,0.0,10925,0,0
1803,2017-03-14,24773.950114721556,0.0,24773.950114721556,10985,10930,11010,10930,0.0,10930,0,0
1804,2017-03-15,24773.950114721556,0.0,24773.950114721556,10930,11000,11000,10930,0.0,11000,0,0
1805,2017-03-16,24773.950114721556,0.0,24773.950114721556,11100,11180,11225,11095,0.0,11180,0,0
1806,2017-03-17,111.05011472155456,24662.000000000004,24773.05011472156,11215,11210,11215,11110,1.0,11210,0,0
1807,2017-03-20,111.05011472155456,24640.000000000004,24751.05011472156,11210,11200,11210,11150,0.0,11200,0,0
1808,2017-03-21,111.05011472155456,25124.000000000004,25235.05011472156,11240,11420,11430,11240,0.0,11420,0,0
1809,2017-03-22,111.05011472155456,24662.000000000004,24773.05011472156,11360,11210,11360,11180,0.0,11210,0,0
1810,2017-03-23,111.05011472155456,24673.000000000004,24784.05011472156,11235,11215,11320,11205,0.0,11215,0,0
1811,2017-03-24,111.05011472155456,24585.000000000004,24696.05011472156,11260,11175,11260,11175,0.0,11175,0,0
1812,2017-03-27,111.05011472155456,24398.000000000004,24509.05011472156,11205,11090,11205,11070,0.0,11090,0,0
1813,2017-03-28,111.05011472155456,24871.000000000004,24982.05011472156,11260,11305,11320,11260,0.0,11305,0,0
1814,2017-03-29,111.05011472155456,25113.000000000004,25224.05011472156,11385,11415,11420,11325,0.0,11415,0,0
1815,2017-03-30,111.05011472155456,25146.000000000004,25257.05011472156,11420,11430,11550,11405,0.0,11430,0,0
1816,2017-03-31,111.05011472155456,25421.000000000004,25532.05011472156,11510,11555,11600,11510,0.0,11555,0,0
1817,2017-04-03,111.05011472155456,25399.000000000004,25510.05011472156,11575,11545,11580,11470,0.0,11545,0,0
1818,2017-04-04,111.05011472155456,24959.000000000004,25070.05011472156,11420,11345,11430,11310,0.0,11345,0,0
1819,2017-04-05,111.05011472155456,25036.000000000004,25147.05011472156,11380,11380,11430,11275,0.0,11380,0,0
1820,2017-04-06,111.05011472155456,25014.000000000004,25125.05011472156,11330,11370,11370,11295,0.0,11370,0,0
1821,2017-04-07,111.05011472155456,25025.000000000004,25136.05011472156,11370,11375,11380,11300,0.0,11375,0,0
1822,2017-04-10,111.05011472155456,24640.000000000004,24751.05011472156,11365,11200,11365,11175,0.0,11200,0,0
1823,2017-04-11,111.05011472155456,24750.000000000004,24861.05011472156,11210,11250,11300,11205,0.0,11250,0,0
1824,2017-04-12,111.05011472155456,24816.000000000004,24927.05011472156,11250,11280,11280,11230,0.0,11280,0,0
1825,2017-04-13,111.05011472155456,24563.000000000004,24674.05011472156,11280,11165,11280,11120,0.0,11165,0,0
1826,2017-04-14,111.05011472155456,24453.000000000004,24564.05011472156,11135,11115,11155,11085,0.0,11115,0,0
1827,2017-04-17,24728.154117993556,0.0,24728.154117993556,11190,11190,11210,11130,-1.0,11190,0,0
1828,2017-04-18,24728.154117993556,0.0,24728.154117993556,11235,11140,11235,11080,0.0,11140,0,0
1829,2017-04-19,24728.154117993556,0.0,24728.154117993556,11125,11120,11215,11110,0.0,11120,0,0
1830,2017-04-20,24728.154117993556,0.0,24728.154117993556,11120,11190,11190,11065,0.0,11190,0,0
1831,2017-04-21,24728.154117993556,0.0,24728.154117993556,11205,11220,11240,11180,0.0,11220,0,0
1832,2017-04-24,24728.154117993556,0.0,24728.154117993556,11235,11230,11275,11195,0.0,11230,0,0
1833,2017-04-25,103.25411799355425,24624.0,24727.254117993554,11270,11400,11400,11270,1.0,11400,0,0
1834,2017-04-26,103.25411799355425,24850.800000000003,24954.054117993557,11440,11505,11600,11440,0.0,11505,0,0
1835,2017-04-27,103.25411799355425,24300.0,24403.254117993554,11335,11250,11335,11215,0.0,11250,0,0
1836,2017-04-28,103.25411799355425,23986.800000000003,24090.054117993557,11155,11105,11155,11050,0.0,11105,0,0
1837,2017-05-02,24089.181094420757,0.0,24089.181094420757,11105,11165,11250,11100,-1.0,11165,0,0
1838,2017-05-04,24089.181094420757,0.0,24089.181094420757,11180,11130,11260,11130,0.0,11130,0,0
1839,2017-05-08,24089.181094420757,0.0,24089.181094420757,11130,11235,11235,11080,0.0,11235,0,0
1840,2017-05-10,24089.181094420757,0.0,24089.181094420757,11305,11205,11405,11160,0.0,11205,0,0
1841,2017-05-11,95.81109442075831,23992.5,24088.31109442076,11230,11425,11425,11230,1.0,11425,0,0
1842,2017-05-12,95.81109442075831,24139.5,24235.31109442076,11465,11495,11495,11415,0.0,11495,0,0
1843,2017-05-15,95.81109442075831,24066.0,24161.81109442076,11495,11460,11500,11400,0.0,11460,0,0
1844,2017-05-16,95.81109442075831,24213.0,24308.81109442076,11480,11530,11545,11480,0.0,11530,0,0
1845,2017-05-17,95.81109442075831,23887.5,23983.31109442076,11525,11375,11525,11345,0.0,11375,0,0
1846,2017-05-18,95.81109442075831,23887.5,23983.31109442076,11275,11375,11375,11255,0.0,11375,0,0
1847,2017-05-19,95.81109442075831,23961.0,24056.81109442076,11365,11410,11420,11360,0.0,11410,0,0
1848,2017-05-22,95.81109442075831,24423.0,24518.81109442076,11430,11630,11680,11430,0.0,11630,0,0
1849,2017-05-23,95.81109442075831,24675.0,24770.81109442076,11660,11750,11805,11660,0.0,11750,0,0
1850,2017-05-24,95.81109442075831,24654.0,24749.81109442076,11785,11740,11810,11720,0.0,11740,0,0
1851,2017-05-25,95.81109442075831,25000.5,25096.31109442076,11755,11905,11980,11755,0.0,11905,0,0
1852,2017-05-26,95.81109442075831,25158.0,25253.81109442076,11940,11980,11980,11880,0.0,11980,0,0
1853,2017-05-29,95.81109442075831,25389.0,25484.81109442076,12005,12090,12195,12005,0.0,12090,0,0
1854,2017-05-30,95.81109442075831,25326.0,25421.81109442076,12090,12060,12140,11965,0.0,12060,0,0
1855,2017-05-31,95.81109442075831,25189.5,25285.31109442076,12060,11995,12065,11935,0.0,11995,0,0
1856,2017-06-01,95.81109442075831,25095.0,25190.81109442076,11980,11950,12020,11895,0.0,11950,0,0
1857,2017-06-02,95.81109442075831,24801.0,24896.81109442076,11950,11810,11950,11765,0.0,11810,0,0
1858,2017-06-05,95.81109442075831,24591.0,24686.81109442076,11810,11710,11810,11670,0.0,11710,0,0
1859,2017-06-07,95.81109442075831,24507.0,24602.81109442076,11715,11670,11715,11615,0.0,11670,0,0
1860,2017-06-08,95.81109442075831,24412.5,24508.31109442076,11645,11625,11645,11470,0.0,11625,0,0
1861,2017-06-09,95.81109442075831,24580.5,24676.31109442076,11625,11705,11745,11625,0.0,11705,0,0
1862,2017-06-12,95.81109442075831,24423.0,24518.81109442076,11750,11630,11825,11630,0.0,11630,0,0
1863,2017-06-13,95.81109442075831,24675.0,24770.81109442076,11670,11750,11755,11660,0.0,11750,0,0
1864,2017-06-14,95.81109442075831,24255.0,24350.81109442076,11740,11550,11740,11525,0.0,11550,0,0
1865,2017-06-15,24297.430220230755,0.0,24297.430220230755,11525,11405,11525,11295,-1.0,11405,0,0
1866,2017-06-16,24297.430220230755,0.0,24297.430220230755,11535,11490,11540,11470,0.0,11490,0,0
1867,2017-06-19,24297.430220230755,0.0,24297.430220230755,11520,11540,11580,11500,0.0,11540,0,0
1868,2017-06-20,24297.430220230755,0.0,24297.430220230755,11540,11465,11540,11455,0.0,11465,0,0
1869,2017-06-21,24297.430220230755,0.0,24297.430220230755,11400,11495,11525,11310,0.0,11495,0,0
1870,2017-06-22,24297.430220230755,0.0,24297.430220230755,11495,11560,11560,11405,0.0,11560,0,0
1871,2017-06-23,24297.430220230755,0.0,24297.430220230755,11560,11550,11560,11460,0.0,11550,0,0
1872,2017-06-26,24297.430220230755,0.0,24297.430220230755,11550,11495,11580,11490,0.0,11495,0,0
1873,2017-06-27,24297.430220230755,0.0,24297.430220230755,11515,11505,11550,11460,0.0,11505,0,0
1874,2017-06-28,24297.430220230755,0.0,24297.430220230755,11515,11450,11550,11440,0.0,11450,0,0
1875,2017-06-29,24297.430220230755,0.0,24297.430220230755,11575,11505,11575,11465,0.0,11505,0,0
1876,2017-06-30,24297.430220230755,0.0,24297.430220230755,11450,11655,11655,11440,0.0,11655,0,0
1877,2017-07-03,24297.430220230755,0.0,24297.430220230755,11695,11765,11775,11655,0.0,11765,0,0
1878,2017-07-04,106.15022023075653,24190.4,24296.550220230758,11835,11630,11835,11580,1.0,11630,0,0
1879,2017-07-05,106.15022023075653,24273.600000000002,24379.75022023076,11625,11670,11670,11535,0.0,11670,0,0
1880,2017-07-06,106.15022023075653,24169.600000000002,24275.75022023076,11615,11620,11630,11535,0.0,11620,0,0
1881,2017-07-07,106.15022023075653,24159.2,24265.350220230757,11560,11615,11620,11550,0.0,11615,0,0
1882,2017-07-10,106.15022023075653,24336.0,24442.150220230757,11615,11700,11700,11525,0.0,11700,0,0
1883,2017-07-11,106.15022023075653,24627.2,24733.350220230757,11700,11840,11885,11700,0.0,11840,0,0
1884,2017-07-12,106.15022023075653,24554.4,24660.550220230758,11840,11805,11880,11740,0.0,11805,0,0
1885,2017-07-13,106.15022023075653,24856.0,24962.150220230757,11850,11950,11995,11850,0.0,11950,0,0
1886,2017-07-14,106.15022023075653,25292.8,25398.950220230756,11955,12160,12160,11955,0.0,12160,0,0
1887,2017-07-17,106.15022023075653,25428.0,25534.150220230757,12225,12225,12230,12150,0.0,12225,0,0
1888,2017-07-18,106.15022023075653,25542.4,25648.550220230758,12235,12280,12280,12150,0.0,12280,0,0
1889,2017-07-19,106.15022023075653,25428.0,25534.150220230757,12280,12225,12280,12180,0.0,12225,0,0
1890,2017-07-20,106.15022023075653,25792.0,25898.150220230757,12305,12400,12410,12305,0.0,12400,0,0
1891,2017-07-21,106.15022023075653,25708.8,25814.950220230756,12395,12360,12425,12295,0.0,12360,0,0
1892,2017-07-24,106.15022023075653,25896.0,26002.150220230757,12405,12450,12450,12320,0.0,12450,0,0
1893,2017-07-25,106.15022023075653,25854.4,25960.550220230758,12450,12430,12495,12360,0.0,12430,0,0
1894,2017-07-26,106.15022023075653,25885.600000000002,25991.75022023076,12505,12445,12575,12325,0.0,12445,0,0
1895,2017-07-27,106.15022023075653,26093.600000000002,26199.75022023076,12485,12545,12590,12480,0.0,12545,0,0
1896,2017-07-28,106.15022023075653,25812.8,25918.950220230756,12540,12410,12540,12365,0.0,12410,0,0
1897,2017-07-31,106.15022023075653,26249.600000000002,26355.75022023076,12355,12620,12650,12355,0.0,12620,0,0
1898,2017-08-01,106.15022023075653,26582.4,26688.550220230758,12620,12780,12870,12620,0.0,12780,0,0
1899,2017-08-02,106.15022023075653,26592.8,26698.950220230756,12770,12785,12785,12680,0.0,12785,0,0
1900,2017-08-03,106.15022023075653,26062.4,26168.550220230758,12755,12530,12755,12440,0.0,12530,0,0
1901,2017-08-04,106.15022023075653,26863.2,26969.350220230757,12510,12915,12930,12510,0.0,12915,0,0
1902,2017-08-07,106.15022023075653,26686.4,26792.550220230758,12940,12830,13035,12830,0.0,12830,0,0
1903,2017-08-08,106.15022023075653,26686.4,26792.550220230758,12830,12830,12855,12620,0.0,12830,0,0
1904,2017-08-09,106.15022023075653,26384.8,26490.950220230756,12695,12685,12755,12650,0.0,12685,0,0
1905,2017-08-10,106.15022023075653,26332.8,26438.950220230756,12665,12660,12730,12480,0.0,12660,0,0
1906,2017-08-11,106.15022023075653,26135.2,26241.350220230757,12375,12565,12625,12365,0.0,12565,0,0
1907,2017-08-14,106.15022023075653,26561.600000000002,26667.75022023076,12665,12770,12790,12665,0.0,12770,0,0
1908,2017-08-16,106.15022023075653,26208.0,26314.150220230757,12805,12600,12805,12525,0.0,12600,0,0
1909,2017-08-17,106.15022023075653,26353.600000000002,26459.75022023076,12550,12670,12680,12530,0.0,12670,0,0
1910,2017-08-18,106.15022023075653,26416.0,26522.150220230757,12550,12700,12735,12550,0.0,12700,0,0
1911,2017-08-21,106.15022023075653,26509.600000000002,26615.75022023076,12815,12745,12860,12745,0.0,12745,0,0
1912,2017-08-22,106.15022023075653,26894.4,27000.550220230758,12755,12930,12940,12755,0.0,12930,0,0
1913,2017-08-23,106.15022023075653,26769.600000000002,26875.75022023076,12970,12870,12970,12820,0.0,12870,0,0
1914,2017-08-24,106.15022023075653,27112.8,27218.950220230756,12870,13035,13090,12870,0.0,13035,0,0
1915,2017-08-25,106.15022023075653,27081.600000000002,27187.75022023076,13035,13020,13060,12910,0.0,13020,0,0
1916,2017-08-28,106.15022023075653,27279.2,27385.350220230757,13035,13115,13115,12990,0.0,13115,0,0
1917,2017-08-29,106.15022023075653,27227.2,27333.350220230757,13020,13090,13115,12900,0.0,13090,0,0
1918,2017-08-30,106.15022023075653,27664.0,27770.150220230757,13135,13300,13300,13135,0.0,13300,0,0
1919,2017-08-31,106.15022023075653,27757.600000000002,27863.75022023076,13420,13345,13580,13290,0.0,13345,0,0
1920,2017-09-01,106.15022023075653,27643.2,27749.350220230757,13455,13290,13455,13280,0.0,13290,0,0
1921,2017-09-04,106.15022023075653,27580.8,27686.950220230756,12970,13260,13345,12970,0.0,13260,0,0
1922,2017-09-05,106.15022023075653,27372.8,27478.950220230756,13355,13160,13355,13050,0.0,13160,0,0
1923,2017-09-06,106.15022023075653,27414.4,27520.550220230758,13160,13180,13290,13105,0.0,13180,0,0
1924,2017-09-07,106.15022023075653,27560.0,27666.150220230757,13235,13250,13280,13160,0.0,13250,0,0
1925,2017-09-08,106.15022023075653,27393.600000000002,27499.75022023076,13225,13170,13225,13120,0.0,13170,0,0
1926,2017-09-11,106.15022023075653,28256.8,28362.950220230756,13220,13585,13590,13220,0.0,13585,0,0
1927,2017-09-12,106.15022023075653,28111.2,28217.350220230757,13640,13515,13640,13495,0.0,13515,0,0
1928,2017-09-13,106.15022023075653,28620.8,28726.950220230756,13575,13760,13820,13575,0.0,13760,0,0
1929,2017-09-14,106.15022023075653,28475.2,28581.350220230757,13780,13690,13800,13570,0.0,13690,0,0
1930,2017-09-15,106.15022023075653,28038.4,28144.550220230758,13600,13480,13660,13400,0.0,13480,0,0
1931,2017-09-18,106.15022023075653,28038.4,28144.550220230758,13500,13480,13555,13430,0.0,13480,0,0
1932,2017-09-19,106.15022023075653,28111.2,28217.350220230757,13465,13515,13550,13440,0.0,13515,0,0
1933,2017-09-20,106.15022023075653,27757.600000000002,27863.75022023076,13515,13345,13555,13305,0.0,13345,0,0
1934,2017-09-21,106.15022023075653,27653.600000000002,27759.75022023076,13375,13295,13420,13285,0.0,13295,0,0
1935,2017-09-22,106.15022023075653,26759.2,26865.350220230757,13295,12865,13295,12745,0.0,12865,0,0
1936,2017-09-25,106.15022023075653,26780.0,26886.150220230757,12800,12875,12885,12720,0.0,12875,0,0
1937,2017-09-26,26905.974778313954,0.0,26905.974778313954,12885,13000,13030,12885,-1.0,13000,0,0
1938,2017-09-27,26905.974778313954,0.0,26905.974778313954,13000,12985,13065,12980,0.0,12985,0,0
1939,2017-09-28,26905.974778313954,0.0,26905.974778313954,13005,13100,13100,12860,0.0,13100,0,0
1940,2017-09-29,26905.974778313954,0.0,26905.974778313954,13200,13230,13250,13135,0.0,13230,0,0
1941,2017-10-10,26905.974778313954,0.0,26905.974778313954,13360,13335,13445,13205,0.0,13335,0,0
1942,2017-10-11,26905.974778313954,0.0,26905.974778313954,13440,13210,13505,13210,0.0,13210,0,0
1943,2017-10-12,71.49477831395416,26833.499999999996,26904.99477831395,13245,13350,13370,13245,1.0,13350,0,0
1944,2017-10-13,71.49477831395416,26672.699999999997,26744.19477831395,13350,13270,13430,13230,0.0,13270,0,0
1945,2017-10-16,71.49477831395416,26511.899999999998,26583.394778313952,13345,13190,13380,13145,0.0,13190,0,0
1946,2017-10-17,71.49477831395416,26682.749999999996,26754.24477831395,13270,13275,13290,13160,0.0,13275,0,0
1947,2017-10-18,71.49477831395416,26732.999999999996,26804.49477831395,13310,13300,13395,13250,0.0,13300,0,0
1948,2017-10-19,71.49477831395416,26954.1,27025.594778313953,13370,13410,13440,13340,0.0,13410,0,0
1949,2017-10-20,71.49477831395416,26903.85,26975.344778313953,13440,13385,13450,13315,0.0,13385,0,0
1950,2017-10-23,71.49477831395416,27165.149999999998,27236.644778313952,13400,13515,13530,13400,0.0,13515,0,0
1951,2017-10-24,71.49477831395416,27064.649999999998,27136.144778313952,13485,13465,13540,13440,0.0,13465,0,0
1952,2017-10-25,71.49477831395416,26974.199999999997,27045.69477831395,13485,13420,13515,13395,0.0,13420,0,0
1953,2017-10-26,71.49477831395416,26863.649999999998,26935.144778313952,13430,13365,13510,13320,0.0,13365,0,0
1954,2017-10-27,71.49477831395416,27225.449999999997,27296.94477831395,13420,13545,13575,13420,0.0,13545,0,0
1955,2017-10-30,71.49477831395416,27114.899999999998,27186.394778313952,13640,13490,13640,13455,0.0,13490,0,0
1956,2017-10-31,71.49477831395416,26933.999999999996,27005.49477831395,13490,13400,13490,13325,0.0,13400,0,0
1957,2017-11-01,71.49477831395416,27496.799999999996,27568.29477831395,13365,13680,13680,13365,0.0,13680,0,0
1958,2017-11-02,71.49477831395416,27436.499999999996,27507.99477831395,13680,13650,13725,13585,0.0,13650,0,0
1959,2017-11-03,71.49477831395416,27476.699999999997,27548.19477831395,13675,13670,13700,13585,0.0,13670,0,0
1960,2017-11-06,71.49477831395416,27396.299999999996,27467.79477831395,13670,13630,13800,13590,0.0,13630,0,0
1961,2017-11-07,71.49477831395416,27366.149999999998,27437.644778313952,13720,13615,13770,13585,0.0,13615,0,0
1962,2017-11-08,71.49477831395416,27396.299999999996,27467.79477831395,13560,13630,13690,13550,0.0,13630,0,0
1963,2017-11-09,71.49477831395416,27526.949999999997,27598.44477831395,13730,13695,13750,13635,0.0,13695,0,0
1964,2017-11-10,71.49477831395416,27376.199999999997,27447.69477831395,13680,13620,13680,13555,0.0,13620,0,0
1965,2017-11-13,71.49477831395416,26582.249999999996,26653.74477831395,13610,13225,13610,13210,0.0,13225,0,0
1966,2017-11-14,71.49477831395416,26763.149999999998,26834.644778313952,13270,13315,13315,13185,0.0,13315,0,0
1967,2017-11-15,26743.22399872475,0.0,26743.22399872475,13270,13125,13270,13055,-1.0,13125,0,0
1968,2017-11-16,26743.22399872475,0.0,26743.22399872475,13080,13390,13515,13055,0.0,13390,0,0
1969,2017-11-17,26743.22399872475,0.0,26743.22399872475,13470,13440,13550,13400,0.0,13440,0,0
1970,2017-11-20,26743.22399872475,0.0,26743.22399872475,13485,13355,13505,13335,0.0,13355,0,0
1971,2017-11-21,26743.22399872475,0.0,26743.22399872475,13380,13480,13480,13355,0.0,13480,0,0
1972,2017-11-22,9.353998724749545,26732.9,26742.25399872475,13550,13570,13575,13520,1.0,13570,0,0
1973,2017-11-23,9.353998724749545,26831.4,26840.75399872475,13620,13620,13690,13605,0.0,13620,0,0
1974,2017-11-24,9.353998724749545,26989.0,26998.35399872475,13665,13700,13740,13625,0.0,13700,0,0
1975,2017-11-27,9.353998724749545,26989.0,26998.35399872475,13790,13700,13790,13620,0.0,13700,0,0
1976,2017-11-28,9.353998724749545,26979.149999999998,26988.503998724747,13645,13695,13725,13645,0.0,13695,0,0
1977,2017-11-29,9.353998724749545,27087.5,27096.85399872475,13695,13750,13820,13660,0.0,13750,0,0
1978,2017-11-30,9.353998724749545,26959.45,26968.80399872475,13800,13685,13800,13670,0.0,13685,0,0
1979,2017-12-01,9.353998724749545,26742.75,26752.10399872475,13700,13575,13700,13480,0.0,13575,0,0
1980,2017-12-04,9.353998724749545,27067.8,27077.15399872475,13595,13740,13750,13595,0.0,13740,0,0
1981,2017-12-05,9.353998724749545,27107.2,27116.55399872475,13715,13760,13760,13645,0.0,13760,0,0
1982,2017-12-06,9.353998724749545,26880.65,26890.00399872475,13760,13645,13785,13635,0.0,13645,0,0
1983,2017-12-07,9.353998724749545,26338.9,26348.25399872475,13615,13370,13615,13325,0.0,13370,0,0
1984,2017-12-08,9.353998724749545,26417.7,26427.05399872475,13490,13410,13490,13345,0.0,13410,0,0
1985,2017-12-11,9.353998724749545,26673.8,26683.15399872475,13410,13540,13550,13410,0.0,13540,0,0
1986,2017-12-12,26711.732103598148,0.0,26711.732103598148,13555,13355,13555,13275,-1.0,13355,0,0
1987,2017-12-13,26711.732103598148,0.0,26711.732103598148,13375,13550,13550,13370,0.0,13550,0,0
1988,2017-12-14,26711.732103598148,0.0,26711.732103598148,13550,13545,13675,13545,0.0,13545,0,0
1989,2017-12-15,26711.732103598148,0.0,26711.732103598148,13585,13610,13620,13520,0.0,13610,0,0
1990,2017-12-18,25.36210359814868,26685.399999999998,26710.762103598146,13630,13615,13645,13550,1.0,13615,0,0
1991,2017-12-19,25.36210359814868,26675.6,26700.962103598147,13615,13610,13660,13530,0.0,13610,0,0
1992,2017-12-20,25.36210359814868,26665.8,26691.162103598148,13610,13605,13670,13600,0.0,13605,0,0
1993,2017-12-21,25.36210359814868,26538.399999999998,26563.762103598146,13605,13540,13640,13520,0.0,13540,0,0
1994,2017-12-22,25.36210359814868,26587.399999999998,26612.762103598146,13540,13565,13620,13505,0.0,13565,0,0
1995,2017-12-26,25.36210359814868,26881.399999999998,26906.762103598146,13600,13715,13740,13600,0.0,13715,0,0
1996,2017-12-27,25.36210359814868,27224.399999999998,27249.762103598146,13865,13890,13890,13770,0.0,13890,0,0
1997,2017-12-28,25.36210359814868,27665.399999999998,27690.762103598146,13890,14115,14115,13845,0.0,14115,0,0
1998,2018-01-02,25.36210359814868,27783.0,27808.36210359815,14165,14175,14200,14065,0.0,14175,0,0
1999,2018-01-03,25.36210359814868,27724.2,27749.56210359815,14125,14145,14210,14080,0.0,14145,0,0
2000,2018-01-04,25.36210359814868,27175.399999999998,27200.762103598146,14170,13865,14185,13865,0.0,13865,0,0
2001,2018-01-05,25.36210359814868,27636.0,27661.36210359815,13910,14100,14100,13900,0.0,14100,0,0
2002,2018-01-08,25.36210359814868,27969.2,27994.56210359815,14155,14270,14270,14055,0.0,14270,0,0
2003,2018-01-09,25.36210359814868,27900.6,27925.962103598147,14295,14235,14430,14200,0.0,14235,0,0
2004,2018-01-10,25.36210359814868,28224.0,28249.36210359815,14300,14400,14400,14255,0.0,14400,0,0
2005,2018-01-11,25.36210359814868,28028.0,28053.36210359815,14400,14300,14415,14200,0.0,14300,0,0
2006,2018-01-12,25.36210359814868,28184.8,28210.162103598148,14330,14380,14400,14305,0.0,14380,0,0
2007,2018-01-15,25.36210359814868,28371.0,28396.36210359815,14380,14475,14540,14380,0.0,14475,0,0
2008,2018-01-16,25.36210359814868,28175.0,28200.36210359815,14465,14375,14465,14290,0.0,14375,0,0
2009,2018-01-17,25.36210359814868,27969.2,27994.56210359815,14375,14270,14395,14185,0.0,14270,0,0
2010,2018-01-18,25.36210359814868,27440.0,27465.36210359815,14305,14000,14345,14000,0.0,14000,0,0
2011,2018-01-19,25.36210359814868,27753.6,27778.962103598147,14085,14160,14220,14075,0.0,14160,0,0
2012,2018-01-22,25.36210359814868,28057.399999999998,28082.762103598146,14230,14315,14315,14175,0.0,14315,0,0
2013,2018-01-23,25.36210359814868,28351.399999999998,28376.762103598146,14305,14465,14485,14235,0.0,14465,0,0
2014,2018-01-24,25.36210359814868,28410.2,28435.56210359815,14445,14495,14595,14445,0.0,14495,0,0
2015,2018-01-25,25.36210359814868,28674.8,28700.162103598148,14515,14630,14680,14515,0.0,14630,0,0
2016,2018-01-26,25.36210359814868,28537.6,28562.962103598147,14610,14560,14720,14510,0.0,14560,0,0
2017,2018-01-29,25.36210359814868,29409.8,29435.162103598148,14590,15005,15045,14590,0.0,15005,0,0
2018,2018-01-30,25.36210359814868,29243.2,29268.56210359815,15010,14920,15200,14920,0.0,14920,0,0
2019,2018-01-31,25.36210359814868,29086.399999999998,29111.762103598146,14820,14840,14850,14575,0.0,14840,0,0
2020,2018-02-01,25.36210359814868,28959.0,28984.36210359815,14840,14775,14970,14770,0.0,14775,0,0
2021,2018-02-02,25.36210359814868,28322.0,28347.36210359815,14765,14450,14765,14380,0.0,14450,0,0
2022,2018-02-05,25.36210359814868,27763.399999999998,27788.762103598146,14155,14165,14295,14105,0.0,14165,0,0
2023,2018-02-06,25.36210359814868,27410.6,27435.962103598147,13750,13985,14060,13600,0.0,13985,0,0
2024,2018-02-07,27856.349130126146,0.0,27856.349130126146,14200,13600,14225,13600,-1.0,13600,0,0
2025,2018-02-08,27856.349130126146,0.0,27856.349130126146,13575,13625,13760,13450,0.0,13625,0,0
2026,2018-02-09,27856.349130126146,0.0,27856.349130126146,13335,13545,13570,13290,0.0,13545,0,0
2027,2018-02-12,27856.349130126146,0.0,27856.349130126146,13575,13610,13720,13395,0.0,13610,0,0
2028,2018-02-13,27856.349130126146,0.0,27856.349130126146,13725,13630,13780,13595,0.0,13630,0,0
2029,2018-02-14,27856.349130126146,0.0,27856.349130126146,13595,13695,13750,13565,0.0,13695,0,0
2030,2018-02-19,27856.349130126146,0.0,27856.349130126146,13975,14100,14100,13910,0.0,14100,0,0
2031,2018-02-20,27856.349130126146,0.0,27856.349130126146,14135,13995,14135,13940,0.0,13995,0,0
2032,2018-02-21,27856.349130126146,0.0,27856.349130126146,13990,14030,14050,13845,0.0,14030,0,0
2033,2018-02-22,27856.349130126146,0.0,27856.349130126146,13930,13905,13950,13815,0.0,13905,0,0
2034,2018-02-23,27856.349130126146,0.0,27856.349130126146,14025,14215,14215,13970,0.0,14215,0,0
2035,2018-02-26,27856.349130126146,0.0,27856.349130126146,14365,14500,14540,14360,0.0,14500,0,0
2036,2018-02-27,101.73913012614503,27753.6,27855.339130126144,14605,14455,14660,14455,1.0,14455,0,0
2037,2018-02-28,101.73913012614503,27388.8,27490.539130126144,14385,14265,14435,14230,0.0,14265,0,0
2038,2018-03-02,101.73913012614503,27465.6,27567.339130126144,14110,14305,14305,14005,0.0,14305,0,0
2039,2018-03-05,101.73913012614503,26755.2,26856.939130126146,14305,13935,14305,13935,0.0,13935,0,0
2040,2018-03-06,101.73913012614503,26995.2,27096.939130126146,14125,14060,14125,13985,0.0,14060,0,0
2041,2018-03-07,27047.958359834945,0.0,27047.958359834945,14035,14015,14090,13900,-1.0,14015,0,0
2042,2018-03-08,27047.958359834945,0.0,27047.958359834945,13985,13970,13985,13755,0.0,13970,0,0
2043,2018-03-09,67.22835983494588,26979.75,27046.978359834946,14045,14275,14285,14045,1.0,14275,0,0
2044,2018-03-12,67.22835983494588,27291.6,27358.828359834944,14445,14440,14470,14385,0.0,14440,0,0
2045,2018-03-13,67.22835983494588,27159.3,27226.528359834945,14400,14370,14430,14300,0.0,14370,0,0
2046,2018-03-14,67.22835983494588,27216.0,27283.228359834946,14355,14400,14530,14355,0.0,14400,0,0
2047,2018-03-15,67.22835983494588,27310.5,27377.728359834946,14400,14450,14455,14305,0.0,14450,0,0
2048,2018-03-16,67.22835983494588,26960.85,27028.078359834944,14440,14265,14440,14265,0.0,14265,0,0
2049,2018-03-19,67.22835983494588,26875.8,26943.028359834945,14375,14220,14375,14200,0.0,14220,0,0
2050,2018-03-20,67.22835983494588,26856.899999999998,26924.128359834944,14135,14210,14220,14120,0.0,14210,0,0
2051,2018-03-21,67.22835983494588,26847.449999999997,26914.678359834943,14230,14205,14230,14130,0.0,14205,0,0
2052,2018-03-22,67.22835983494588,27159.3,27226.528359834945,14335,14370,14425,14315,0.0,14370,0,0
2053,2018-03-23,67.22835983494588,26431.649999999998,26498.878359834944,14095,13985,14125,13945,0.0,13985,0,0
2054,2018-03-26,67.22835983494588,26790.75,26857.978359834946,13985,14175,14175,13900,0.0,14175,0,0
2055,2018-03-27,67.22835983494588,26800.199999999997,26867.428359834943,14275,14180,14280,14140,0.0,14180,0,0
2056,2018-03-28,26686.909474657543,0.0,26686.909474657543,14085,13890,14090,13785,-1.0,13890,0,0
2057,2018-03-29,26686.909474657543,0.0,26686.909474657543,13865,13990,13995,13855,0.0,13990,0,0
2058,2018-03-30,26686.909474657543,0.0,26686.909474657543,14060,14055,14070,14005,0.0,14055,0,0
2059,2018-04-02,26686.909474657543,0.0,26686.909474657543,14080,14025,14310,14020,0.0,14025,0,0
2060,2018-04-03,26686.909474657543,0.0,26686.909474657543,13865,14010,14010,13835,0.0,14010,0,0
2061,2018-04-04,26686.909474657543,0.0,26686.909474657543,14040,13800,14040,13750,0.0,13800,0,0
2062,2018-04-05,26686.909474657543,0.0,26686.909474657543,13950,14045,14125,13950,0.0,14045,0,0
2063,2018-04-06,26686.909474657543,0.0,26686.909474657543,14040,13900,14040,13880,0.0,13900,0,0
2064,2018-04-09,26686.909474657543,0.0,26686.909474657543,13900,13815,13900,13710,0.0,13815,0,0
2065,2018-04-10,26686.909474657543,0.0,26686.909474657543,13755,13640,13755,13500,0.0,13640,0,0
2066,2018-04-11,26686.909474657543,0.0,26686.909474657543,13690,13645,13700,13600,0.0,13645,0,0
2067,2018-04-12,26686.909474657543,0.0,26686.909474657543,13715,13925,13925,13715,0.0,13925,0,0
2068,2018-04-13,26686.909474657543,0.0,26686.909474657543,13915,13750,13915,13750,0.0,13750,0,0
2069,2018-04-16,26686.909474657543,0.0,26686.909474657543,13760,13560,13760,13540,0.0,13560,0,0
2070,2018-04-17,26686.909474657543,0.0,26686.909474657543,13580,13595,13675,13575,0.0,13595,0,0
2071,2018-04-18,26686.909474657543,0.0,26686.909474657543,13740,13760,13780,13690,0.0,13760,0,0
2072,2018-04-19,26686.909474657543,0.0,26686.909474657543,13780,13715,13780,13660,0.0,13715,0,0
2073,2018-04-20,26686.909474657543,0.0,26686.909474657543,13715,13670,13765,13655,0.0,13670,0,0
2074,2018-04-23,26686.909474657543,0.0,26686.909474657543,13680,13695,13700,13630,0.0,13695,0,0
2075,2018-04-24,26686.909474657543,0.0,26686.909474657543,13795,13660,13795,13635,0.0,13660,0,0
2076,2018-04-25,26686.909474657543,0.0,26686.909474657543,13600,13240,13600,13180,0.0,13240,0,0
2077,2018-04-26,26686.909474657543,0.0,26686.909474657543,13310,13360,13460,13240,0.0,13360,0,0
2078,2018-04-27,26686.909474657543,0.0,26686.909474657543,13170,13010,13230,13010,0.0,13010,0,0
2079,2018-04-30,26686.909474657543,0.0,26686.909474657543,13050,13270,13270,13050,0.0,13270,0,0
2080,2018-05-02,26686.909474657543,0.0,26686.909474657543,13335,13275,13395,13145,0.0,13275,0,0
2081,2018-05-03,26686.909474657543,0.0,26686.909474657543,13235,13265,13420,13150,0.0,13265,0,0
2082,2018-05-04,26686.909474657543,0.0,26686.909474657543,13205,12955,13225,12920,0.0,12955,0,0
2083,2018-05-08,26686.909474657543,0.0,26686.909474657543,12945,12800,12945,12800,0.0,12800,0,0
2084,2018-05-09,26686.909474657543,0.0,26686.909474657543,12725,12985,13000,12710,0.0,12985,0,0
2085,2018-05-10,26686.909474657543,0.0,26686.909474657543,12960,13050,13050,12960,0.0,13050,0,0
2086,2018-05-11,26686.909474657543,0.0,26686.909474657543,13080,13160,13165,13080,0.0,13160,0,0
2087,2018-05-14,26686.909474657543,0.0,26686.909474657543,13175,13275,13300,13175,0.0,13275,0,0
2088,2018-05-15,26686.909474657543,0.0,26686.909474657543,13245,13160,13255,13110,0.0,13160,0,0
2089,2018-05-16,26686.909474657543,0.0,26686.909474657543,13010,13005,13105,12940,0.0,13005,0,0
2090,2018-05-17,26686.909474657543,0.0,26686.909474657543,12995,13055,13155,12995,0.0,13055,0,0
2091,2018-05-18,26686.909474657543,0.0,26686.909474657543,13040,13205,13205,13040,0.0,13205,0,0
2092,2018-05-21,26686.909474657543,0.0,26686.909474657543,13195,13205,13250,13110,0.0,13205,0,0
2093,2018-05-23,26686.909474657543,0.0,26686.909474657543,13145,13130,13205,13055,0.0,13130,0,0
2094,2018-05-24,26686.909474657543,0.0,26686.909474657543,13130,12975,13165,12940,0.0,12975,0,0
2095,2018-05-25,26686.909474657543,0.0,26686.909474657543,12975,12935,13020,12920,0.0,12935,0,0
2096,2018-05-28,26686.909474657543,0.0,26686.909474657543,13080,13145,13145,13010,0.0,13145,0,0
2097,2018-05-29,26686.909474657543,0.0,26686.909474657543,13080,13010,13080,13010,0.0,13010,0,0
2098,2018-05-30,26686.909474657543,0.0,26686.909474657543,12945,12680,12945,12625,0.0,12680,0,0
2099,2018-05-31,26686.909474657543,0.0,26686.909474657543,12820,12890,12965,12790,0.0,12890,0,0
2100,2018-06-01,26686.909474657543,0.0,26686.909474657543,12880,12805,12890,12785,0.0,12805,0,0
2101,2018-06-04,26686.909474657543,0.0,26686.909474657543,12865,13100,13120,12865,0.0,13100,0,0
2102,2018-06-05,26686.909474657543,0.0,26686.909474657543,13115,13155,13155,13095,0.0,13155,0,0
2103,2018-06-07,26686.909474657543,0.0,26686.909474657543,13205,13230,13285,13180,0.0,13230,0,0
2104,2018-06-08,26686.909474657543,0.0,26686.909474657543,13230,13305,13350,13230,0.0,13305,0,0
2105,2018-06-11,0.03947465754390578,26685.9,26685.939474657545,13310,13410,13445,13180,1.0,13410,0,0
2106,2018-06-12,0.03947465754390578,26835.15,26835.189474657545,13470,13485,13515,13390,0.0,13485,0,0
2107,2018-06-14,0.03947465754390578,26327.7,26327.739474657545,13440,13230,13440,13200,0.0,13230,0,0
2108,2018-06-15,0.03947465754390578,26397.35,26397.389474657542,13310,13265,13310,13190,0.0,13265,0,0
2109,2018-06-18,0.03947465754390578,26108.8,26108.839474657543,13265,13120,13310,13045,0.0,13120,0,0
2110,2018-06-19,25908.896461576744,0.0,25908.896461576744,13020,12700,13035,12655,-1.0,12700,0,0
2111,2018-06-20,25908.896461576744,0.0,25908.896461576744,12700,12770,12775,12700,0.0,12770,0,0
2112,2018-06-21,25908.896461576744,0.0,25908.896461576744,12710,12685,12800,12655,0.0,12685,0,0
2113,2018-06-22,25908.896461576744,0.0,25908.896461576744,12570,12620,12620,12445,0.0,12620,0,0
2114,2018-06-25,25908.896461576744,0.0,25908.896461576744,12700,12810,12810,12620,0.0,12810,0,0
2115,2018-06-26,25908.896461576744,0.0,25908.896461576744,12645,12865,12865,12645,0.0,12865,0,0
2116,2018-06-27,25908.896461576744,0.0,25908.896461576744,12715,12515,12715,12515,0.0,12515,0,0
2117,2018-06-28,25908.896461576744,0.0,25908.896461576744,12500,12540,12550,12440,0.0,12540,0,0
2118,2018-06-29,25908.896461576744,0.0,25908.896461576744,12565,12540,12565,12265,0.0,12540,0,0
2119,2018-07-02,25908.896461576744,0.0,25908.896461576744,12525,11945,12525,11945,0.0,11945,0,0
2120,2018-07-03,25908.896461576744,0.0,25908.896461576744,12000,11875,12010,11725,0.0,11875,0,0
2121,2018-07-04,25908.896461576744,0.0,25908.896461576744,11825,11875,11935,11825,0.0,11875,0,0
2122,2018-07-05,25908.896461576744,0.0,25908.896461576744,11960,11915,11965,11870,0.0,11915,0,0
2123,2018-07-06,25908.896461576744,0.0,25908.896461576744,11940,12105,12105,11900,0.0,12105,0,0
2124,2018-07-09,25908.896461576744,0.0,25908.896461576744,12065,12145,12190,11975,0.0,12145,0,0
2125,2018-07-10,25908.896461576744,0.0,25908.896461576744,12120,12190,12235,12120,0.0,12190,0,0
2126,2018-07-11,25908.896461576744,0.0,25908.896461576744,12105,12100,12125,12030,0.0,12100,0,0
2127,2018-07-12,25908.896461576744,0.0,25908.896461576744,12110,12130,12180,12090,0.0,12130,0,0
2128,2018-07-13,25908.896461576744,0.0,25908.896461576744,12245,12335,12335,12230,0.0,12335,0,0
2129,2018-07-16,25908.896461576744,0.0,25908.896461576744,12300,12305,12420,12285,0.0,12305,0,0
2130,2018-07-17,25908.896461576744,0.0,25908.896461576744,12285,12095,12285,12055,0.0,12095,0,0
2131,2018-07-18,25908.896461576744,0.0,25908.896461576744,12200,12100,12240,12100,0.0,12100,0,0
2132,2018-07-19,25908.896461576744,0.0,25908.896461576744,12205,12240,12295,12205,0.0,12240,0,0
2133,2018-07-20,25908.896461576744,0.0,25908.896461576744,12205,12150,12215,12105,0.0,12150,0,0
2134,2018-07-23,25908.896461576744,0.0,25908.896461576744,12215,12100,12225,12100,0.0,12100,0,0
2135,2018-07-24,25908.896461576744,0.0,25908.896461576744,12125,12095,12130,12015,0.0,12095,0,0
2136,2018-07-25,25908.896461576744,0.0,25908.896461576744,12360,12375,12400,12265,0.0,12375,0,0
2137,2018-07-26,25908.896461576744,0.0,25908.896461576744,12435,12685,12685,12435,0.0,12685,0,0
2138,2018-07-27,-0.043538423255085945,25908.0,25907.956461576745,12750,12700,12790,12590,1.0,12700,0,0
2139,2018-07-30,-0.043538423255085945,26112.0,26111.956461576745,12705,12800,12840,12670,0.0,12800,0,0
2140,2018-07-31,-0.043538423255085945,26091.600000000002,26091.556461576747,12800,12790,12840,12700,0.0,12790,0,0
2141,2018-08-01,-0.043538423255085945,25806.0,25805.956461576745,12790,12650,12815,12575,0.0,12650,0,0
2142,2018-08-02,-0.043538423255085945,25418.4,25418.356461576746,12660,12460,12670,12430,0.0,12460,0,0
2143,2018-08-03,-0.043538423255085945,25908.0,25907.956461576745,12470,12700,12700,12470,0.0,12700,0,0
2144,2018-08-06,-0.043538423255085945,25663.2,25663.156461576746,12700,12580,12700,12530,0.0,12580,0,0
2145,2018-08-07,-0.043538423255085945,25867.2,25867.156461576746,12540,12680,12680,12500,0.0,12680,0,0
2146,2018-08-08,-0.043538423255085945,25673.4,25673.356461576746,12670,12585,12680,12560,0.0,12585,0,0
2147,2018-08-09,-0.043538423255085945,25877.4,25877.356461576746,12585,12685,12685,12550,0.0,12685,0,0
2148,2018-08-10,-0.043538423255085945,25755.0,25754.956461576745,12685,12625,12720,12585,0.0,12625,0,0
2149,2018-08-13,-0.043538423255085945,25510.2,25510.156461576746,12620,12505,12620,12465,0.0,12505,0,0
2150,2018-08-14,-0.043538423255085945,25877.4,25877.356461576746,12510,12685,12685,12505,0.0,12685,0,0
2151,2018-08-16,-0.043538423255085945,25785.600000000002,25785.556461576747,12535,12640,12640,12450,0.0,12640,0,0
2152,2018-08-17,-0.043538423255085945,25836.600000000002,25836.556461576747,12695,12665,12695,12620,0.0,12665,0,0
2153,2018-08-20,-0.043538423255085945,25918.2,25918.156461576746,12725,12705,12805,12665,0.0,12705,0,0
2154,2018-08-21,-0.043538423255085945,25785.600000000002,25785.556461576747,12665,12640,12665,12555,0.0,12640,0,0
2155,2018-08-22,-0.043538423255085945,25204.2,25204.156461576746,12645,12355,12645,12305,0.0,12355,0,0
2156,2018-08-23,25325.634674643145,0.0,25325.634674643145,12415,12315,12415,12195,-1.0,12315,0,0
2157,2018-08-24,25325.634674643145,0.0,25325.634674643145,12325,12490,12490,12315,0.0,12490,0,0
2158,2018-08-27,25325.634674643145,0.0,25325.634674643145,12525,12590,12590,12430,0.0,12590,0,0
2159,2018-08-28,79.1146746431441,25245.6,25324.714674643143,12615,12560,12650,12540,1.0,12560,0,0
2160,2018-08-29,79.1146746431441,25416.449999999997,25495.56467464314,12590,12645,12660,12560,0.0,12645,0,0
2161,2018-08-30,25494.63961752894,0.0,25494.63961752894,12645,12445,12645,12445,-1.0,12445,0,0
2162,2018-08-31,25494.63961752894,0.0,25494.63961752894,12425,12515,12515,12350,0.0,12515,0,0
2163,2018-09-03,25494.63961752894,0.0,25494.63961752894,12495,12520,12545,12450,0.0,12520,0,0
2164,2018-09-04,25494.63961752894,0.0,25494.63961752894,12520,12500,12520,12400,0.0,12500,0,0
2165,2018-09-05,25494.63961752894,0.0,25494.63961752894,12495,12335,12495,12305,0.0,12335,0,0
2166,2018-09-06,25494.63961752894,0.0,25494.63961752894,12345,12250,12345,12240,0.0,12250,0,0
2167,2018-09-07,25494.63961752894,0.0,25494.63961752894,12295,12240,12295,12180,0.0,12240,0,0
2168,2018-09-10,25494.63961752894,0.0,25494.63961752894,12220,12320,12385,12220,0.0,12320,0,0
2169,2018-09-11,25494.63961752894,0.0,25494.63961752894,12360,12325,12375,12230,0.0,12325,0,0
2170,2018-09-12,25494.63961752894,0.0,25494.63961752894,12340,12315,12365,12260,0.0,12315,0,0
2171,2018-09-13,25494.63961752894,0.0,25494.63961752894,12405,12345,12420,12325,0.0,12345,0,0
2172,2018-09-14,25494.63961752894,0.0,25494.63961752894,12345,12445,12475,12345,0.0,12445,0,0
2173,2018-09-17,25494.63961752894,0.0,25494.63961752894,12455,12320,12455,12315,0.0,12320,0,0
2174,2018-09-18,25494.63961752894,0.0,25494.63961752894,12295,12450,12450,12270,0.0,12450,0,0
2175,2018-09-19,25494.63961752894,0.0,25494.63961752894,12455,12325,12455,12325,0.0,12325,0,0
2176,2018-09-20,25494.63961752894,0.0,25494.63961752894,12325,12245,12325,12170,0.0,12245,0,0
2177,2018-09-21,25494.63961752894,0.0,25494.63961752894,12355,12330,12355,12235,0.0,12330,0,0
2178,2018-09-27,25494.63961752894,0.0,25494.63961752894,12265,12515,12560,12250,0.0,12515,0,0
2179,2018-09-28,25494.63961752894,0.0,25494.63961752894,12550,12605,12670,12505,0.0,12605,0,0
2180,2018-10-01,57.15961752894145,25436.549999999996,25493.709617528937,12635,12655,12750,12635,1.0,12655,0,0
2181,2018-10-02,57.15961752894145,25255.649999999998,25312.80961752894,12615,12565,12720,12535,0.0,12565,0,0
2182,2018-10-04,25311.89041289154,0.0,25311.89041289154,12565,12185,12565,12140,-1.0,12185,0,0
2183,2018-10-05,25311.89041289154,0.0,25311.89041289154,12175,12200,12225,12060,0.0,12200,0,0
2184,2018-10-08,25311.89041289154,0.0,25311.89041289154,12170,12035,12170,12035,0.0,12035,0,0
2185,2018-10-10,25311.89041289154,0.0,25311.89041289154,12035,11920,12035,11840,0.0,11920,0,0
2186,2018-10-11,25311.89041289154,0.0,25311.89041289154,11595,11450,11700,11360,0.0,11450,0,0
2187,2018-10-12,25311.89041289154,0.0,25311.89041289154,11410,11635,11685,11410,0.0,11635,0,0
2188,2018-10-15,25311.89041289154,0.0,25311.89041289154,11635,11680,11750,11515,0.0,11680,0,0
2189,2018-10-16,25311.89041289154,0.0,25311.89041289154,11770,11640,11770,11610,0.0,11640,0,0
2190,2018-10-17,25311.89041289154,0.0,25311.89041289154,11700,11870,11940,11700,0.0,11870,0,0
2191,2018-10-18,25311.89041289154,0.0,25311.89041289154,11870,11760,11870,11700,0.0,11760,0,0
2192,2018-10-19,25311.89041289154,0.0,25311.89041289154,11645,11690,11695,11365,0.0,11690,0,0
2193,2018-10-22,25311.89041289154,0.0,25311.89041289154,11505,11835,11835,11505,0.0,11835,0,0
2194,2018-10-23,25311.89041289154,0.0,25311.89041289154,11730,11465,11730,11400,0.0,11465,0,0
2195,2018-10-24,25311.89041289154,0.0,25311.89041289154,11625,11520,11655,11490,0.0,11520,0,0
2196,2018-10-25,25311.89041289154,0.0,25311.89041289154,11355,11695,11695,11350,0.0,11695,0,0
2197,2018-10-26,25311.89041289154,0.0,25311.89041289154,11695,11220,11695,11150,0.0,11220,0,0
2198,2018-10-29,25311.89041289154,0.0,25311.89041289154,11355,11080,11540,11070,0.0,11080,0,0
2199,2018-10-30,25311.89041289154,0.0,25311.89041289154,11080,11185,11300,11030,0.0,11185,0,0
2200,2018-10-31,25311.89041289154,0.0,25311.89041289154,11200,11525,11525,11105,0.0,11525,0,0
2201,2018-11-01,25311.89041289154,0.0,25311.89041289154,11525,11270,11540,11270,0.0,11270,0,0
2202,2018-11-02,25311.89041289154,0.0,25311.89041289154,11380,11755,11755,11380,0.0,11755,0,0
2203,2018-11-05,25311.89041289154,0.0,25311.89041289154,11630,11660,11660,11500,0.0,11660,0,0
2204,2018-11-06,25311.89041289154,0.0,25311.89041289154,11695,11585,11695,11520,0.0,11585,0,0
2205,2018-11-07,25311.89041289154,0.0,25311.89041289154,11585,11450,11610,11395,0.0,11450,0,0
2206,2018-11-08,25311.89041289154,0.0,25311.89041289154,11560,11505,11645,11485,0.0,11505,0,0
2207,2018-11-09,25311.89041289154,0.0,25311.89041289154,11505,11375,11510,11315,0.0,11375,0,0
2208,2018-11-12,25311.89041289154,0.0,25311.89041289154,11330,11375,11445,11245,0.0,11375,0,0
2209,2018-11-13,25311.89041289154,0.0,25311.89041289154,11245,11370,11370,11025,0.0,11370,0,0
2210,2018-11-14,25311.89041289154,0.0,25311.89041289154,11360,11270,11360,11180,0.0,11270,0,0
2211,2018-11-15,25311.89041289154,0.0,25311.89041289154,11245,11390,11390,11200,0.0,11390,0,0
2212,2018-11-16,25311.89041289154,0.0,25311.89041289154,11405,11390,11420,11345,0.0,11390,0,0
2213,2018-11-19,25311.89041289154,0.0,25311.89041289154,11490,11505,11600,11440,0.0,11505,0,0
2214,2018-11-20,25311.89041289154,0.0,25311.89041289154,11495,11440,11510,11345,0.0,11440,0,0
2215,2018-11-21,25311.89041289154,0.0,25311.89041289154,11315,11470,11470,11315,0.0,11470,0,0
2216,2018-11-22,25311.89041289154,0.0,25311.89041289154,11505,11430,11505,11400,0.0,11430,0,0
2217,2018-11-23,25311.89041289154,0.0,25311.89041289154,11510,11265,11525,11235,0.0,11265,0,0
2218,2018-11-26,25311.89041289154,0.0,25311.89041289154,11255,11290,11290,11135,0.0,11290,0,0
2219,2018-11-27,25311.89041289154,0.0,25311.89041289154,11350,11390,11390,11210,0.0,11390,0,0
2220,2018-11-28,25311.89041289154,0.0,25311.89041289154,11420,11340,11420,11255,0.0,11340,0,0
2221,2018-11-29,25311.89041289154,0.0,25311.89041289154,11475,11380,11475,11355,0.0,11380,0,0
2222,2018-11-30,25311.89041289154,0.0,25311.89041289154,11425,11455,11490,11415,0.0,11455,0,0
2223,2018-12-03,17.220412891540036,25293.75,25310.97041289154,11655,11875,11875,11655,1.0,11875,0,0
2224,2018-12-04,17.220412891540036,24899.699999999997,24916.920412891537,11875,11690,11875,11620,0.0,11690,0,0
2225,2018-12-05,17.220412891540036,24644.1,24661.32041289154,11515,11570,11640,11450,0.0,11570,0,0
2226,2018-12-06,17.220412891540036,24260.699999999997,24277.920412891537,11550,11390,11570,11345,0.0,11390,0,0
2227,2018-12-07,24394.183156662937,0.0,24394.183156662937,11445,11325,11445,11255,-1.0,11325,0,0
2228,2018-12-10,24394.183156662937,0.0,24394.183156662937,11230,11065,11230,10990,0.0,11065,0,0
2229,2018-12-11,24394.183156662937,0.0,24394.183156662937,11060,11095,11110,11020,0.0,11095,0,0
2230,2018-12-12,24394.183156662937,0.0,24394.183156662937,11165,11205,11240,11150,0.0,11205,0,0
2231,2018-12-13,24394.183156662937,0.0,24394.183156662937,11280,11290,11350,11250,0.0,11290,0,0
2232,2018-12-14,24394.183156662937,0.0,24394.183156662937,11375,11265,11480,11195,0.0,11265,0,0
2233,2018-12-17,24394.183156662937,0.0,24394.183156662937,11325,11285,11405,11285,0.0,11285,0,0
2234,2018-12-18,24394.183156662937,0.0,24394.183156662937,11180,11035,11180,11005,0.0,11035,0,0
2235,2018-12-19,24394.183156662937,0.0,24394.183156662937,11040,11210,11240,11000,0.0,11210,0,0
2236,2018-12-20,24394.183156662937,0.0,24394.183156662937,11210,11140,11210,11035,0.0,11140,0,0
2237,2018-12-21,24394.183156662937,0.0,24394.183156662937,11130,11290,11300,11130,0.0,11290,0,0
2238,2018-12-24,24394.183156662937,0.0,24394.183156662937,11290,11300,11320,11240,0.0,11300,0,0
2239,2018-12-26,24394.183156662937,0.0,24394.183156662937,11120,11220,11230,11110,0.0,11220,0,0
2240,2018-12-27,24394.183156662937,0.0,24394.183156662937,11515,11350,11515,11290,0.0,11350,0,0
2241,2018-12-28,24394.183156662937,0.0,24394.183156662937,11350,11360,11360,11315,0.0,11360,0,0
2242,2019-01-02,24394.183156662937,0.0,24394.183156662937,11400,10985,11400,10945,0.0,10985,0,0
2243,2019-01-03,24394.183156662937,0.0,24394.183156662937,11020,10705,11020,10700,0.0,10705,0,0
2244,2019-01-04,24394.183156662937,0.0,24394.183156662937,10670,10705,10705,10590,0.0,10705,0,0
2245,2019-01-07,24394.183156662937,0.0,24394.183156662937,10855,11085,11215,10855,0.0,11085,0,0
2246,2019-01-08,24394.183156662937,0.0,24394.183156662937,11165,11085,11170,11085,0.0,11085,0,0
2247,2019-01-09,24394.183156662937,0.0,24394.183156662937,11110,11270,11315,11110,0.0,11270,0,0
2248,2019-01-10,24394.183156662937,0.0,24394.183156662937,11350,11275,11350,11210,0.0,11275,0,0
2249,2019-01-11,24394.183156662937,0.0,24394.183156662937,11275,11360,11380,11255,0.0,11360,0,0
2250,2019-01-14,24394.183156662937,0.0,24394.183156662937,11355,11270,11405,11250,0.0,11270,0,0
2251,2019-01-15,29.393156662936235,24363.9,24393.293156662938,11290,11385,11420,11290,1.0,11385,0,0
2252,2019-01-16,29.393156662936235,24513.7,24543.093156662937,11385,11455,11455,11385,0.0,11455,0,0
2253,2019-01-17,29.393156662936235,24620.7,24650.093156662937,11500,11505,11620,11500,0.0,11505,0,0
2254,2019-01-18,29.393156662936235,24866.800000000003,24896.19315666294,11625,11620,11645,11550,0.0,11620,0,0
2255,2019-01-21,29.393156662936235,25112.9,25142.293156662938,11700,11735,11790,11685,0.0,11735,0,0
2256,2019-01-22,29.393156662936235,24995.2,25024.593156662937,11735,11680,11765,11645,0.0,11680,0,0
2257,2019-01-23,29.393156662936235,25038.0,25067.393156662936,11640,11700,11705,11565,0.0,11700,0,0
2258,2019-01-24,29.393156662936235,24909.600000000002,24938.99315666294,11610,11640,11670,11570,0.0,11640,0,0
2259,2019-01-25,29.393156662936235,25348.300000000003,25377.69315666294,11580,11845,11885,11580,0.0,11845,0,0
2260,2019-01-28,29.393156662936235,25369.7,25399.093156662937,11855,11855,11920,11840,0.0,11855,0,0
2261,2019-01-29,29.393156662936235,25605.100000000002,25634.49315666294,11850,11965,11995,11800,0.0,11965,0,0
2262,2019-01-30,29.393156662936235,25840.5,25869.893156662936,12015,12075,12120,11910,0.0,12075,0,0
2263,2019-01-31,29.393156662936235,25819.100000000002,25848.49315666294,12225,12065,12240,11990,0.0,12065,0,0
2264,2019-02-01,29.393156662936235,25765.600000000002,25794.99315666294,12030,12040,12125,12025,0.0,12040,0,0
2265,2019-02-07,29.393156662936235,25819.100000000002,25848.49315666294,12010,12065,12115,11995,0.0,12065,0,0
2266,2019-02-08,29.393156662936235,25455.300000000003,25484.69315666294,12015,11895,12065,11840,0.0,11895,0,0
2267,2019-02-11,29.393156662936235,25466.0,25495.393156662936,11925,11900,11945,11805,0.0,11900,0,0
2268,2019-02-12,29.393156662936235,25433.9,25463.293156662938,11875,11885,11900,11790,0.0,11885,0,0
2269,2019-02-13,29.393156662936235,25776.300000000003,25805.69315666294,11900,12045,12080,11900,0.0,12045,0,0
2270,2019-02-14,29.393156662936235,25904.7,25934.093156662937,12005,12105,12105,11950,0.0,12105,0,0
2271,2019-02-15,29.393156662936235,25787.0,25816.393156662936,12095,12050,12100,12005,0.0,12050,0,0
2272,2019-02-18,29.393156662936235,26471.800000000003,26501.19315666294,12115,12370,12425,12115,0.0,12370,0,0
2273,2019-02-19,29.393156662936235,26450.4,26479.793156662938,12380,12360,12430,12265,0.0,12360,0,0
2274,2019-02-20,29.393156662936235,26846.300000000003,26875.69315666294,12380,12545,12565,12375,0.0,12545,0,0
2275,2019-02-21,29.393156662936235,26578.800000000003,26608.19315666294,12495,12420,12500,12400,0.0,12420,0,0
2276,2019-02-22,29.393156662936235,26279.2,26308.593156662937,12395,12280,12395,12220,0.0,12280,0,0
2277,2019-02-25,29.393156662936235,26429.0,26458.393156662936,12360,12350,12455,12310,0.0,12350,0,0
2278,2019-02-26,29.393156662936235,26257.800000000003,26287.19315666294,12335,12270,12335,12245,0.0,12270,0,0
2279,2019-02-27,29.393156662936235,26664.4,26693.793156662938,12305,12460,12470,12305,0.0,12460,0,0
2280,2019-02-28,29.393156662936235,26450.4,26479.793156662938,12480,12360,12495,12345,0.0,12360,0,0
2281,2019-03-04,29.393156662936235,26215.0,26244.393156662936,12360,12250,12475,12250,0.0,12250,0,0
2282,2019-03-05,29.393156662936235,25958.2,25987.593156662937,12240,12130,12240,12110,0.0,12130,0,0
2283,2019-03-06,29.393156662936235,26022.4,26051.793156662938,12110,12160,12225,12110,0.0,12160,0,0
2284,2019-03-07,29.393156662936235,25562.300000000003,25591.69315666294,12165,11945,12165,11915,0.0,11945,0,0
2285,2019-03-08,29.393156662936235,25391.100000000002,25420.49315666294,11895,11865,11970,11820,0.0,11865,0,0
2286,2019-03-11,25430.26863275014,0.0,25430.26863275014,11870,11730,11870,11645,-1.0,11730,0,0
2287,2019-03-12,25430.26863275014,0.0,25430.26863275014,11820,11885,11910,11820,0.0,11885,0,0
2288,2019-03-13,25430.26863275014,0.0,25430.26863275014,11830,11815,11830,11725,0.0,11815,0,0
2289,2019-03-14,25430.26863275014,0.0,25430.26863275014,11895,11980,11980,11895,0.0,11980,0,0
2290,2019-03-15,25430.26863275014,0.0,25430.26863275014,11920,12090,12130,11920,0.0,12090,0,0
2291,2019-03-18,25430.26863275014,0.0,25430.26863275014,12160,12050,12200,12030,0.0,12050,0,0
2292,2019-03-19,25430.26863275014,0.0,25430.26863275014,12080,12075,12115,12035,0.0,12075,0,0
2293,2019-03-20,25430.26863275014,0.0,25430.26863275014,12065,11950,12065,11840,0.0,11950,0,0
2294,2019-03-21,25430.26863275014,0.0,25430.26863275014,12030,12070,12145,12000,0.0,12070,0,0
2295,2019-03-22,25430.26863275014,0.0,25430.26863275014,12055,11950,12055,11920,0.0,11950,0,0
2296,2019-03-25,25430.26863275014,0.0,25430.26863275014,11755,11715,11795,11670,0.0,11715,0,0
2297,2019-03-26,25430.26863275014,0.0,25430.26863275014,11745,11655,11745,11620,0.0,11655,0,0
2298,2019-03-27,25430.26863275014,0.0,25430.26863275014,11655,11640,11655,11580,0.0,11640,0,0
2299,2019-03-28,25430.26863275014,0.0,25430.26863275014,11585,11550,11585,11450,0.0,11550,0,0
2300,2019-03-29,25430.26863275014,0.0,25430.26863275014,11520,11570,11570,11380,0.0,11570,0,0
2301,2019-04-01,25430.26863275014,0.0,25430.26863275014,11640,11755,11800,11640,0.0,11755,0,0
2302,2019-04-02,25430.26863275014,0.0,25430.26863275014,11810,11760,11835,11735,0.0,11760,0,0
2303,2019-04-03,25430.26863275014,0.0,25430.26863275014,11705,11920,11920,11705,0.0,11920,0,0
2304,2019-04-04,25430.26863275014,0.0,25430.26863275014,11940,11930,12025,11930,0.0,11930,0,0
2305,2019-04-05,25430.26863275014,0.0,25430.26863275014,11960,11995,12045,11905,0.0,11995,0,0
2306,2019-04-08,25430.26863275014,0.0,25430.26863275014,11995,11990,12085,11985,0.0,11990,0,0
2307,2019-04-09,92.8486327501414,25336.5,25429.34863275014,12100,12065,12100,12000,1.0,12065,0,0
2308,2019-04-10,92.8486327501414,25273.5,25366.34863275014,12040,12035,12040,11920,0.0,12035,0,0
2309,2019-04-11,92.8486327501414,25242.0,25334.84863275014,12050,12020,12080,11995,0.0,12020,0,0
2310,2019-04-12,92.8486327501414,25221.0,25313.84863275014,11970,12010,12050,11900,0.0,12010,0,0
2311,2019-04-15,92.8486327501414,25336.5,25429.34863275014,12110,12065,12125,12055,0.0,12065,0,0
2312,2019-04-16,92.8486327501414,25200.0,25292.84863275014,12005,12000,12065,11950,0.0,12000,0,0
2313,2019-04-17,92.8486327501414,25137.0,25229.84863275014,12000,11970,12000,11930,0.0,11970,0,0
2314,2019-04-18,92.8486327501414,24801.0,24893.84863275014,11920,11810,11940,11790,0.0,11810,0,0
2315,2019-04-19,24934.94444692214,0.0,24934.94444692214,11830,11820,11835,11780,-1.0,11820,0,0
2316,2019-04-22,24934.94444692214,0.0,24934.94444692214,11820,11810,11870,11745,0.0,11810,0,0
2317,2019-04-23,24934.94444692214,0.0,24934.94444692214,11830,11810,11910,11760,0.0,11810,0,0
2318,2019-04-24,24934.94444692214,0.0,24934.94444692214,11820,11705,11855,11645,0.0,11705,0,0
2319,2019-04-25,24934.94444692214,0.0,24934.94444692214,11620,11625,11670,11595,0.0,11625,0,0
2320,2019-04-26,24934.94444692214,0.0,24934.94444692214,11570,11440,11570,11410,0.0,11440,0,0
2321,2019-04-29,24934.94444692214,0.0,24934.94444692214,11200,11325,11325,11160,0.0,11325,0,0
2322,2019-04-30,24934.94444692214,0.0,24934.94444692214,11365,11230,11370,11140,0.0,11230,0,0
2323,2019-05-02,24934.94444692214,0.0,24934.94444692214,11180,11265,11355,11175,0.0,11265,0,0
2324,2019-05-03,24934.94444692214,0.0,24934.94444692214,11270,11240,11290,11215,0.0,11240,0,0
2325,2019-05-07,24934.94444692214,0.0,24934.94444692214,11090,11075,11115,11040,0.0,11075,0,0
2326,2019-05-08,24934.94444692214,0.0,24934.94444692214,10965,11060,11095,10960,0.0,11060,0,0
2327,2019-05-09,24934.94444692214,0.0,24934.94444692214,11070,10725,11070,10725,0.0,10725,0,0
2328,2019-05-10,24934.94444692214,0.0,24934.94444692214,10745,10775,10855,10655,0.0,10775,0,0
2329,2019-05-13,24934.94444692214,0.0,24934.94444692214,10685,10485,10685,10485,0.0,10485,0,0
2330,2019-05-14,24934.94444692214,0.0,24934.94444692214,10440,10510,10530,10395,0.0,10510,0,0
2331,2019-05-15,24934.94444692214,0.0,24934.94444692214,10510,10760,10780,10510,0.0,10760,0,0
2332,2019-05-16,24934.94444692214,0.0,24934.94444692214,10780,10640,10790,10620,0.0,10640,0,0
2333,2019-05-17,24934.94444692214,0.0,24934.94444692214,10710,10610,10775,10610,0.0,10610,0,0
2334,2019-05-20,24934.94444692214,0.0,24934.94444692214,10630,10470,10690,10460,0.0,10470,0,0
2335,2019-05-21,24934.94444692214,0.0,24934.94444692214,10430,10550,10620,10430,0.0,10550,0,0
2336,2019-05-22,24934.94444692214,0.0,24934.94444692214,10610,10585,10610,10525,0.0,10585,0,0
2337,2019-05-23,24934.94444692214,0.0,24934.94444692214,10575,10515,10575,10460,0.0,10515,0,0
2338,2019-05-24,24934.94444692214,0.0,24934.94444692214,10405,10390,10405,10320,0.0,10390,0,0
2339,2019-05-27,24934.94444692214,0.0,24934.94444692214,10375,10395,10395,10320,0.0,10395,0,0
2340,2019-05-28,24934.94444692214,0.0,24934.94444692214,10375,10380,10470,10340,0.0,10380,0,0
2341,2019-05-29,24934.94444692214,0.0,24934.94444692214,10395,10280,10395,10260,0.0,10280,0,0
2342,2019-05-30,24934.94444692214,0.0,24934.94444692214,10350,10360,10380,10310,0.0,10360,0,0
2343,2019-05-31,24934.94444692214,0.0,24934.94444692214,10350,10485,10510,10305,0.0,10485,0,0
2344,2019-06-03,24934.94444692214,0.0,24934.94444692214,10365,10500,10500,10345,0.0,10500,0,0
2345,2019-06-04,24934.94444692214,0.0,24934.94444692214,10540,10550,10560,10505,0.0,10550,0,0
2346,2019-06-05,24934.94444692214,0.0,24934.94444692214,10640,10510,10650,10495,0.0,10510,0,0
2347,2019-06-07,24934.94444692214,0.0,24934.94444692214,10520,10430,10520,10405,0.0,10430,0,0
2348,2019-06-10,24934.94444692214,0.0,24934.94444692214,10510,10540,10545,10450,0.0,10540,0,0
2349,2019-06-11,24934.94444692214,0.0,24934.94444692214,10600,10620,10640,10525,0.0,10620,0,0
2350,2019-06-12,24934.94444692214,0.0,24934.94444692214,10635,10550,10635,10545,0.0,10550,0,0
2351,2019-06-13,24934.94444692214,0.0,24934.94444692214,10605,10695,10695,10530,0.0,10695,0,0
2352,2019-06-14,24934.94444692214,0.0,24934.94444692214,10720,10570,10720,10515,0.0,10570,0,0
2353,2019-06-17,24934.94444692214,0.0,24934.94444692214,10580,10520,10600,10520,0.0,10520,0,0
2354,2019-06-18,24934.94444692214,0.0,24934.94444692214,10535,10490,10535,10480,0.0,10490,0,0
2355,2019-06-19,24934.94444692214,0.0,24934.94444692214,10640,10590,10660,10590,0.0,10590,0,0
2356,2019-06-20,24934.94444692214,0.0,24934.94444692214,10635,10715,10715,10620,0.0,10715,0,0
2357,2019-06-21,24934.94444692214,0.0,24934.94444692214,10700,10635,10700,10620,0.0,10635,0,0
2358,2019-06-24,24934.94444692214,0.0,24934.94444692214,10675,10630,10680,10595,0.0,10630,0,0
2359,2019-06-25,13.034446922141797,24921.0,24934.03444692214,10680,10650,10735,10650,1.0,10650,0,0
2360,2019-06-26,13.034446922141797,24815.699999999997,24828.73444692214,10645,10605,10645,10555,0.0,10605,0,0
2361,2019-06-27,13.034446922141797,24956.1,24969.13444692214,10620,10665,10710,10580,0.0,10665,0,0
2362,2019-06-28,13.034446922141797,25026.3,25039.33444692214,10665,10695,10705,10640,0.0,10695,0,0
2363,2019-07-01,13.034446922141797,25318.8,25331.83444692214,10820,10820,10845,10760,0.0,10820,0,0
2364,2019-07-02,13.034446922141797,25424.1,25437.13444692214,10820,10865,10870,10785,0.0,10865,0,0
2365,2019-07-03,13.034446922141797,25541.1,25554.13444692214,10900,10915,11055,10870,0.0,10915,0,0
2366,2019-07-04,13.034446922141797,26055.899999999998,26068.93444692214,10995,11135,11140,10980,0.0,11135,0,0
2367,2019-07-05,13.034446922141797,25903.8,25916.83444692214,11150,11070,11150,10990,0.0,11070,0,0
2368,2019-07-08,13.034446922141797,25365.6,25378.63444692214,11065,10840,11065,10825,0.0,10840,0,0
2369,2019-07-09,13.034446922141797,24909.3,24922.33444692214,10840,10645,10855,10630,0.0,10645,0,0
2370,2019-07-10,13.034446922141797,24850.8,24863.83444692214,10665,10620,10710,10605,0.0,10620,0,0
2371,2019-07-11,13.034446922141797,25213.5,25226.53444692214,10805,10775,10830,10745,0.0,10775,0,0
2372,2019-07-12,13.034446922141797,25353.899999999998,25366.93444692214,10820,10835,10905,10775,0.0,10835,0,0
2373,2019-07-15,13.034446922141797,25716.6,25729.63444692214,10870,10990,11000,10840,0.0,10990,0,0
2374,2019-07-16,13.034446922141797,25751.699999999997,25764.73444692214,10990,11005,11055,10935,0.0,11005,0,0
2375,2019-07-17,13.034446922141797,25728.3,25741.33444692214,11020,10995,11030,10950,0.0,10995,0,0
2376,2019-07-18,13.034446922141797,25552.8,25565.83444692214,10995,10920,11045,10875,0.0,10920,0,0
2377,2019-07-19,13.034446922141797,25728.3,25741.33444692214,10955,10995,11035,10880,0.0,10995,0,0
2378,2019-07-22,13.034446922141797,25821.899999999998,25834.93444692214,11010,11035,11060,10960,0.0,11035,0,0
2379,2019-07-23,13.034446922141797,26067.6,26080.63444692214,11020,11140,11140,11020,0.0,11140,0,0
2380,2019-07-24,13.034446922141797,25786.8,25799.83444692214,11095,11020,11120,10970,0.0,11020,0,0
2381,2019-07-25,13.034446922141797,25108.199999999997,25121.23444692214,10930,10730,10930,10700,0.0,10730,0,0
2382,2019-07-26,13.034446922141797,24839.1,24852.13444692214,10665,10615,10695,10505,0.0,10615,0,0
2383,2019-07-29,24851.23040303854,0.0,24851.23040303854,10615,10425,10615,10320,-1.0,10425,0,0
2384,2019-07-30,24851.23040303854,0.0,24851.23040303854,10395,10495,10500,10355,0.0,10495,0,0
2385,2019-07-31,24851.23040303854,0.0,24851.23040303854,10470,10525,10540,10375,0.0,10525,0,0
2386,2019-08-01,24851.23040303854,0.0,24851.23040303854,10495,10475,10565,10410,0.0,10475,0,0
2387,2019-08-02,24851.23040303854,0.0,24851.23040303854,10280,10360,10385,10270,0.0,10360,0,0
2388,2019-08-05,24851.23040303854,0.0,24851.23040303854,10325,10045,10360,10045,0.0,10045,0,0
2389,2019-08-06,24851.23040303854,0.0,24851.23040303854,9740,9910,10105,9620,0.0,9910,0,0
2390,2019-08-07,24851.23040303854,0.0,24851.23040303854,9900,9975,10040,9875,0.0,9975,0,0
2391,2019-08-08,24851.23040303854,0.0,24851.23040303854,10060,10020,10065,9900,0.0,10020,0,0
2392,2019-08-09,24851.23040303854,0.0,24851.23040303854,10085,9975,10085,9975,0.0,9975,0,0
2393,2019-08-12,24851.23040303854,0.0,24851.23040303854,9945,9925,9980,9900,0.0,9925,0,0
2394,2019-08-13,24851.23040303854,0.0,24851.23040303854,9870,9720,9870,9720,0.0,9720,0,0
2395,2019-08-14,24851.23040303854,0.0,24851.23040303854,9840,9980,9985,9835,0.0,9980,0,0
2396,2019-08-16,24851.23040303854,0.0,24851.23040303854,9885,9895,9910,9770,0.0,9895,0,0
2397,2019-08-19,24851.23040303854,0.0,24851.23040303854,9900,10010,10010,9860,0.0,10010,0,0
2398,2019-08-20,24851.23040303854,0.0,24851.23040303854,10015,10095,10140,9990,0.0,10095,0,0
2399,2019-08-21,24851.23040303854,0.0,24851.23040303854,10135,10210,10220,10135,0.0,10210,0,0
2400,2019-08-22,24851.23040303854,0.0,24851.23040303854,10225,10120,10275,10115,0.0,10120,0,0
2401,2019-08-23,24851.23040303854,0.0,24851.23040303854,10090,10165,10190,10010,0.0,10165,0,0
2402,2019-08-26,24851.23040303854,0.0,24851.23040303854,9980,9935,10000,9920,0.0,9935,0,0
2403,2019-08-27,24851.23040303854,0.0,24851.23040303854,9960,9895,10065,9880,0.0,9895,0,0
2404,2019-08-28,24851.23040303854,0.0,24851.23040303854,9930,9960,9960,9890,0.0,9960,0,0
2405,2019-08-29,24851.23040303854,0.0,24851.23040303854,10000,9940,10040,9900,0.0,9940,0,0
2406,2019-08-30,24851.23040303854,0.0,24851.23040303854,10040,10230,10235,10040,0.0,10230,0,0
2407,2019-09-02,24851.23040303854,0.0,24851.23040303854,10120,10145,10155,10050,0.0,10145,0,0
2408,2019-09-03,24851.23040303854,0.0,24851.23040303854,10125,10125,10170,10070,0.0,10125,0,0
2409,2019-09-04,24851.23040303854,0.0,24851.23040303854,10080,10115,10120,10035,0.0,10115,0,0
2410,2019-09-05,24851.23040303854,0.0,24851.23040303854,10165,10275,10325,10160,0.0,10275,0,0
2411,2019-09-06,24851.23040303854,0.0,24851.23040303854,10290,10260,10305,10210,0.0,10260,0,0
2412,2019-09-09,75.53040303853777,24774.800000000003,24850.33040303854,10280,10280,10365,10260,1.0,10280,0,0
2413,2019-09-10,75.53040303853777,24919.4,24994.93040303854,10265,10340,10370,10265,0.0,10340,0,0
2414,2019-09-11,75.53040303853777,25160.4,25235.93040303854,10375,10440,10485,10355,0.0,10440,0,0
2415,2019-09-16,75.53040303853777,25425.5,25501.030403038538,10610,10550,10640,10470,0.0,10550,0,0
2416,2019-09-17,75.53040303853777,25497.800000000003,25573.33040303854,10595,10580,10610,10510,0.0,10580,0,0
2417,2019-09-18,75.53040303853777,25329.100000000002,25404.63040303854,10585,10510,10585,10465,0.0,10510,0,0
2418,2019-09-19,75.53040303853777,25268.850000000002,25344.38040303854,10490,10485,10510,10445,0.0,10485,0,0
2419,2019-09-20,75.53040303853777,25437.550000000003,25513.08040303854,10475,10555,10555,10475,0.0,10555,0,0
2420,2019-09-23,75.53040303853777,25280.9,25356.43040303854,10545,10490,10545,10425,0.0,10490,0,0
2421,2019-09-24,75.53040303853777,25377.300000000003,25452.83040303854,10485,10530,10530,10460,0.0,10530,0,0
2422,2019-09-25,75.53040303853777,24630.2,24705.73040303854,10415,10220,10430,10220,0.0,10220,0,0
2423,2019-09-26,75.53040303853777,24533.800000000003,24609.33040303854,10280,10180,10305,10125,0.0,10180,0,0
2424,2019-09-27,75.53040303853777,24341.0,24416.530403038538,10205,10100,10205,10080,0.0,10100,0,0
2425,2019-09-30,24343.347119433336,0.0,24343.347119433336,10070,10155,10175,10055,-1.0,10155,0,0
2426,2019-10-01,24343.347119433336,0.0,24343.347119433336,10120,10210,10280,10100,0.0,10210,0,0
2427,2019-10-02,24343.347119433336,0.0,24343.347119433336,10155,10020,10155,10020,0.0,10020,0,0
2428,2019-10-04,24343.347119433336,0.0,24343.347119433336,10025,10035,10120,10025,0.0,10035,0,0
2429,2019-10-07,24343.347119433336,0.0,24343.347119433336,10035,10000,10050,9950,0.0,10000,0,0
2430,2019-10-08,24343.347119433336,0.0,24343.347119433336,10015,10200,10200,9980,0.0,10200,0,0
2431,2019-10-10,24343.347119433336,0.0,24343.347119433336,10105,10100,10165,10025,0.0,10100,0,0
2432,2019-10-11,24343.347119433336,0.0,24343.347119433336,10200,10225,10305,10200,0.0,10225,0,0
2433,2019-10-14,24343.347119433336,0.0,24343.347119433336,10350,10400,10430,10345,0.0,10400,0,0
2434,2019-10-15,24343.347119433336,0.0,24343.347119433336,10365,10290,10390,10285,0.0,10290,0,0
2435,2019-10-16,24343.347119433336,0.0,24343.347119433336,10315,10245,10355,10245,0.0,10245,0,0
2436,2019-10-17,24343.347119433336,0.0,24343.347119433336,10305,10275,10320,10250,0.0,10275,0,0
2437,2019-10-18,24343.347119433336,0.0,24343.347119433336,10295,10175,10310,10145,0.0,10175,0,0
2438,2019-10-21,24343.347119433336,0.0,24343.347119433336,10235,10140,10235,10120,0.0,10140,0,0
2439,2019-10-22,24343.347119433336,0.0,24343.347119433336,10140,10270,10270,10115,0.0,10270,0,0
2440,2019-10-23,24343.347119433336,0.0,24343.347119433336,10250,10140,10250,10110,0.0,10140,0,0
2441,2019-10-24,24343.347119433336,0.0,24343.347119433336,10180,10205,10220,10140,0.0,10205,0,0
2442,2019-10-25,24343.347119433336,0.0,24343.347119433336,10260,10240,10265,10220,0.0,10240,0,0
2443,2019-10-28,24343.347119433336,0.0,24343.347119433336,10300,10240,10335,10200,0.0,10240,0,0
2444,2019-10-29,24343.347119433336,0.0,24343.347119433336,10255,10190,10300,10175,0.0,10190,0,0
2445,2019-10-30,24343.347119433336,0.0,24343.347119433336,10195,10095,10195,10055,0.0,10095,0,0
2446,2019-10-31,24343.347119433336,0.0,24343.347119433336,10140,10120,10175,10080,0.0,10120,0,0
2447,2019-11-01,24343.347119433336,0.0,24343.347119433336,10115,10175,10180,10075,0.0,10175,0,0
2448,2019-11-04,24343.347119433336,0.0,24343.347119433336,10240,10210,10240,10195,0.0,10210,0,0
2449,2019-11-05,24343.347119433336,0.0,24343.347119433336,10240,10255,10260,10205,0.0,10255,0,0
2450,2019-11-06,24343.347119433336,0.0,24343.347119433336,10295,10195,10295,10180,0.0,10195,0,0
2451,2019-11-07,24343.347119433336,0.0,24343.347119433336,10180,10185,10190,10145,0.0,10185,0,0
2452,2019-11-08,10.857119433334447,24331.6,24342.457119433333,10250,10310,10310,10245,1.0,10310,0,0
2453,2019-11-11,10.857119433334447,24166.399999999998,24177.257119433332,10325,10240,10325,10210,0.0,10240,0,0
2454,2019-11-12,10.857119433334447,24154.6,24165.457119433333,10260,10235,10270,10195,0.0,10235,0,0
2455,2019-11-13,24117.379706502932,0.0,24117.379706502932,10215,10145,10215,10090,-1.0,10145,0,0
2456,2019-11-14,24117.379706502932,0.0,24117.379706502932,10180,10170,10210,10145,0.0,10170,0,0
2457,2019-11-15,84.70970650293384,24031.8,24116.509706502933,10190,10270,10290,10175,1.0,10270,0,0
2458,2019-11-18,84.70970650293384,23868.0,23952.709706502934,10250,10200,10250,10170,0.0,10200,0,0
2459,2019-11-19,23905.04271010773,0.0,23905.04271010773,10180,10190,10190,10080,-1.0,10190,0,0
2460,2019-11-20,23905.04271010773,0.0,23905.04271010773,10130,10005,10130,10000,0.0,10005,0,0
2461,2019-11-21,23905.04271010773,0.0,23905.04271010773,10010,9900,10010,9860,0.0,9900,0,0
2462,2019-11-22,23905.04271010773,0.0,23905.04271010773,9910,9845,9910,9835,0.0,9845,0,0
2463,2019-11-25,23905.04271010773,0.0,23905.04271010773,9880,9935,9935,9840,0.0,9935,0,0
2464,2019-11-26,23905.04271010773,0.0,23905.04271010773,9935,9955,9975,9915,0.0,9955,0,0
2465,2019-11-27,23905.04271010773,0.0,23905.04271010773,10000,10000,10010,9935,0.0,10000,0,0
2466,2019-11-28,23905.04271010773,0.0,23905.04271010773,9970,9920,10000,9905,0.0,9920,0,0
2467,2019-11-29,23905.04271010773,0.0,23905.04271010773,9905,9815,9950,9785,0.0,9815,0,0
2468,2019-12-02,23905.04271010773,0.0,23905.04271010773,9860,9830,9915,9810,0.0,9830,0,0
2469,2019-12-03,23905.04271010773,0.0,23905.04271010773,9810,9825,9825,9715,0.0,9825,0,0
2470,2019-12-04,23905.04271010773,0.0,23905.04271010773,9765,9630,9765,9585,0.0,9630,0,0
2471,2019-12-05,23905.04271010773,0.0,23905.04271010773,9620,9535,9670,9480,0.0,9535,0,0
2472,2019-12-06,23905.04271010773,0.0,23905.04271010773,9565,9570,9600,9545,0.0,9570,0,0
2473,2019-12-09,23905.04271010773,0.0,23905.04271010773,9630,9630,9650,9575,0.0,9630,0,0
2474,2019-12-10,23905.04271010773,0.0,23905.04271010773,9650,9640,9660,9625,0.0,9640,0,0
2475,2019-12-11,23905.04271010773,0.0,23905.04271010773,9680,9730,9735,9640,0.0,9730,0,0
2476,2019-12-12,23905.04271010773,0.0,23905.04271010773,9745,9880,9900,9745,0.0,9880,0,0
2477,2019-12-13,23905.04271010773,0.0,23905.04271010773,9975,9970,10040,9950,0.0,9970,0,0
2478,2019-12-16,23905.04271010773,0.0,23905.04271010773,10010,10060,10060,10005,0.0,10060,0,0
2479,2019-12-17,23905.04271010773,0.0,23905.04271010773,10035,10145,10150,10020,0.0,10145,0,0
2480,2019-12-18,56.37271010773111,23847.8,23904.17271010773,10135,10105,10135,10035,1.0,10105,0,0
2481,2019-12-19,56.37271010773111,23977.6,24033.97271010773,10095,10160,10160,10070,0.0,10160,0,0
2482,2019-12-20,56.37271010773111,24249.0,24305.37271010773,10200,10275,10300,10200,0.0,10275,0,0
2483,2019-12-23,56.37271010773111,24213.6,24269.97271010773,10295,10260,10300,10250,0.0,10260,0,0
2484,2019-12-24,56.37271010773111,24213.6,24269.97271010773,10265,10260,10325,10245,0.0,10260,0,0
2485,2019-12-26,56.37271010773111,24190.0,24246.37271010773,10240,10250,10280,10220,0.0,10250,0,0
2486,2019-12-27,56.37271010773111,24544.0,24600.37271010773,10320,10400,10415,10285,0.0,10400,0,0
2487,2019-12-30,56.37271010773111,24626.6,24682.97271010773,10425,10435,10470,10405,0.0,10435,0,0
2488,2020-01-02,56.37271010773111,24225.399999999998,24281.77271010773,10460,10265,10460,10260,0.0,10265,0,0
2489,2020-01-03,56.37271010773111,24331.6,24387.97271010773,10310,10310,10370,10230,0.0,10310,0,0
2490,2020-01-06,56.37271010773111,23918.6,23974.97271010773,10245,10135,10315,10130,0.0,10135,0,0
2491,2020-01-07,56.37271010773111,24013.0,24069.37271010773,10170,10175,10200,10130,0.0,10175,0,0
2492,2020-01-08,56.37271010773111,23139.8,23196.17271010773,10080,9805,10080,9760,0.0,9805,0,0
2493,2020-01-09,56.37271010773111,23470.199999999997,23526.57271010773,9920,9945,9975,9855,0.0,9945,0,0
2494,2020-01-10,56.37271010773111,23836.0,23892.37271010773,9945,10100,10100,9895,0.0,10100,0,0
2495,2020-01-13,56.37271010773111,23977.6,24033.97271010773,10115,10160,10165,10080,0.0,10160,0,0
2496,2020-01-14,56.37271010773111,24154.6,24210.97271010773,10180,10235,10305,10180,0.0,10235,0,0
2497,2020-01-15,56.37271010773111,24001.199999999997,24057.57271010773,10255,10170,10255,10150,0.0,10170,0,0
2498,2020-01-16,56.37271010773111,23989.399999999998,24045.77271010773,10200,10165,10200,10060,0.0,10165,0,0
2499,2020-01-17,56.37271010773111,24048.399999999998,24104.77271010773,10175,10190,10210,10155,0.0,10190,0,0
2500,2020-01-20,56.37271010773111,24567.6,24623.97271010773,10235,10410,10440,10235,0.0,10410,0,0
2501,2020-01-21,56.37271010773111,24260.8,24317.17271010773,10430,10280,10440,10280,0.0,10280,0,0
2502,2020-01-22,56.37271010773111,24414.199999999997,24470.57271010773,10285,10345,10350,10260,0.0,10345,0,0
2503,2020-01-23,56.37271010773111,23977.6,24033.97271010773,10300,10160,10320,10155,0.0,10160,0,0
2504,2020-01-28,23336.925360273326,0.0,23336.925360273326,9865,9735,9865,9700,-1.0,9735,0,0
2505,2020-01-29,23336.925360273326,0.0,23336.925360273326,9800,9745,9800,9670,0.0,9745,0,0
2506,2020-01-30,23336.925360273326,0.0,23336.925360273326,9820,9730,9885,9690,0.0,9730,0,0
2507,2020-01-31,23336.925360273326,0.0,23336.925360273326,9785,9620,9785,9610,0.0,9620,0,0
2508,2020-02-03,23336.925360273326,0.0,23336.925360273326,9390,9535,9550,9310,0.0,9535,0,0
2509,2020-02-04,23336.925360273326,0.0,23336.925360273326,9625,9845,9845,9615,0.0,9845,0,0
2510,2020-02-05,23336.925360273326,0.0,23336.925360273326,9960,9995,10035,9920,0.0,9995,0,0
2511,2020-02-06,23336.925360273326,0.0,23336.925360273326,10035,10215,10260,10005,0.0,10215,0,0
2512,2020-02-07,23336.925360273326,0.0,23336.925360273326,10215,10170,10235,10105,0.0,10170,0,0
2513,2020-02-10,23336.925360273326,0.0,23336.925360273326,10095,10200,10205,10045,0.0,10200,0,0
2514,2020-02-11,97.92536027332608,23238.149999999998,23336.075360273324,10255,10515,10530,10255,1.0,10515,0,0
2515,2020-02-12,97.92536027332608,23160.8,23258.725360273325,10500,10480,10540,10420,0.0,10480,0,0
2516,2020-02-13,97.92536027332608,23028.2,23126.125360273327,10515,10420,10565,10415,0.0,10420,0,0
2517,2020-02-14,97.92536027332608,22995.05,23092.975360273325,10430,10405,10455,10385,0.0,10405,0,0
2518,2020-02-17,97.92536027332608,23094.5,23192.425360273326,10340,10450,10450,10275,0.0,10450,0,0
2519,2020-02-18,97.92536027332608,22917.7,23015.625360273327,10395,10370,10500,10360,0.0,10370,0,0
2520,2020-02-19,97.92536027332608,22641.45,22739.375360273327,10420,10245,10420,10205,0.0,10245,0,0
2521,2020-02-20,97.92536027332608,22763.0,22860.925360273326,10315,10300,10315,10185,0.0,10300,0,0
2522,2020-02-21,97.92536027332608,22254.7,22352.625360273327,10145,10070,10225,10070,0.0,10070,0,0
2523,2020-02-24,21832.484280474724,0.0,21832.484280474724,9835,9680,9835,9660,-1.0,9680,0,0
2524,2020-02-25,21832.484280474724,0.0,21832.484280474724,9620,9710,9710,9585,0.0,9710,0,0
2525,2020-02-26,21832.484280474724,0.0,21832.484280474724,9575,9630,9660,9510,0.0,9630,0,0
2526,2020-02-27,21832.484280474724,0.0,21832.484280474724,9640,9445,9640,9405,0.0,9445,0,0
2527,2020-02-28,21832.484280474724,0.0,21832.484280474724,9230,9075,9250,9045,0.0,9075,0,0
2528,2020-03-02,21832.484280474724,0.0,21832.484280474724,9140,9190,9265,9015,0.0,9190,0,0
2529,2020-03-03,21832.484280474724,0.0,21832.484280474724,9380,9270,9465,9230,0.0,9270,0,0
2530,2020-03-04,21832.484280474724,0.0,21832.484280474724,9235,9365,9410,9220,0.0,9365,0,0
2531,2020-03-05,21832.484280474724,0.0,21832.484280474724,9500,9465,9520,9410,0.0,9465,0,0
2532,2020-03-06,21832.484280474724,0.0,21832.484280474724,9365,9230,9365,9165,0.0,9230,0,0
2533,2020-03-09,21832.484280474724,0.0,21832.484280474724,8945,8695,8945,8695,0.0,8695,0,0
2534,2020-03-10,21832.484280474724,0.0,21832.484280474724,8630,8840,8850,8630,0.0,8840,0,0
2535,2020-03-11,21832.484280474724,0.0,21832.484280474724,8875,8705,8895,8615,0.0,8705,0,0
2536,2020-03-12,21832.484280474724,0.0,21832.484280474724,8645,8155,8645,8065,0.0,8155,0,0
2537,2020-03-13,21832.484280474724,0.0,21832.484280474724,7495,7815,7885,7375,0.0,7815,0,0
2538,2020-03-16,21832.484280474724,0.0,21832.484280474724,7890,7420,7890,7420,0.0,7420,0,0
2539,2020-03-17,21832.484280474724,0.0,21832.484280474724,7040,7355,7420,7040,0.0,7355,0,0
2540,2020-03-18,21832.484280474724,0.0,21832.484280474724,7365,6880,7365,6880,0.0,6880,0,0
2541,2020-03-19,21832.484280474724,0.0,21832.484280474724,6985,5875,6990,5800,0.0,5875,0,0
2542,2020-03-20,21832.484280474724,0.0,21832.484280474724,6090,6665,6665,6000,0.0,6665,0,0
2543,2020-03-23,21832.484280474724,0.0,21832.484280474724,6155,6290,6515,6125,0.0,6290,0,0
2544,2020-03-24,21832.484280474724,0.0,21832.484280474724,6545,6835,6835,6405,0.0,6835,0,0
2545,2020-03-25,21832.484280474724,0.0,21832.484280474724,7180,7565,7585,7065,0.0,7565,0,0
2546,2020-03-26,21832.484280474724,0.0,21832.484280474724,7600,7400,7785,7335,0.0,7400,0,0
2547,2020-03-27,21832.484280474724,0.0,21832.484280474724,7745,7580,7750,7320,0.0,7580,0,0
2548,2020-03-30,21832.484280474724,0.0,21832.484280474724,7320,7625,7665,7245,0.0,7625,0,0
2549,2020-03-31,21832.484280474724,0.0,21832.484280474724,7745,7750,7775,7570,0.0,7750,0,0
2550,2020-04-01,21832.484280474724,0.0,21832.484280474724,7705,7425,7800,7425,0.0,7425,0,0
2551,2020-04-02,21832.484280474724,0.0,21832.484280474724,7455,7755,7800,7300,0.0,7755,0,0
2552,2020-04-03,21832.484280474724,0.0,21832.484280474724,8030,7645,8075,7565,0.0,7645,0,0
2553,2020-04-06,21832.484280474724,0.0,21832.484280474724,7745,7955,7980,7675,0.0,7955,0,0
2554,2020-04-07,21832.484280474724,0.0,21832.484280474724,8125,8085,8165,7910,0.0,8085,0,0
2555,2020-04-08,21832.484280474724,0.0,21832.484280474724,8025,8095,8260,7980,0.0,8095,0,0
2556,2020-04-09,21832.484280474724,0.0,21832.484280474724,8290,8265,8290,8130,0.0,8265,0,0
2557,2020-04-10,69.6942804747232,21762.0,21831.694280474723,8230,8370,8370,8150,1.0,8370,0,0
2558,2020-04-13,69.6942804747232,21242.0,21311.694280474723,8340,8170,8340,8150,0.0,8170,0,0
2559,2020-04-14,69.6942804747232,21801.0,21870.694280474723,8270,8385,8410,8270,0.0,8385,0,0
2560,2020-04-16,69.6942804747232,22048.0,22117.694280474723,8255,8480,8525,8255,0.0,8480,0,0
2561,2020-04-17,69.6942804747232,22620.0,22689.694280474723,8570,8700,8835,8570,0.0,8700,0,0
2562,2020-04-20,69.6942804747232,22594.0,22663.694280474723,8740,8690,8870,8675,0.0,8690,0,0
2563,2020-04-21,69.6942804747232,22646.0,22715.694280474723,8670,8710,8780,8435,0.0,8710,0,0
2564,2020-04-22,69.6942804747232,22542.0,22611.694280474723,8525,8670,8670,8490,0.0,8670,0,0
2565,2020-04-23,69.6942804747232,23075.0,23144.694280474723,8775,8875,8925,8700,0.0,8875,0,0
2566,2020-04-24,69.6942804747232,22711.0,22780.694280474723,8910,8735,8915,8700,0.0,8735,0,0
2567,2020-04-27,69.6942804747232,23192.0,23261.694280474723,8765,8920,8945,8765,0.0,8920,0,0
2568,2020-04-28,69.6942804747232,22880.0,22949.694280474723,8855,8800,8855,8685,0.0,8800,0,0
2569,2020-04-29,69.6942804747232,23244.0,23313.694280474723,8840,8940,9040,8840,0.0,8940,0,0
2570,2020-05-04,69.6942804747232,22360.0,22429.694280474723,8765,8600,8765,8600,0.0,8600,0,0
2571,2020-05-06,69.6942804747232,22711.0,22780.694280474723,8745,8735,8795,8650,0.0,8735,0,0
2572,2020-05-07,69.6942804747232,22529.0,22598.694280474723,8635,8665,8715,8635,0.0,8665,0,0
2573,2020-05-08,69.6942804747232,22633.0,22702.694280474723,8705,8705,8765,8705,0.0,8705,0,0
2574,2020-05-11,69.6942804747232,22490.0,22559.694280474723,8770,8650,8815,8610,0.0,8650,0,0
2575,2020-05-12,69.6942804747232,22048.0,22117.694280474723,8650,8480,8650,8410,0.0,8480,0,0
2576,2020-05-13,69.6942804747232,22334.0,22403.694280474723,8370,8590,8620,8345,0.0,8590,0,0
2577,2020-05-14,69.6942804747232,22113.0,22182.694280474723,8555,8505,8580,8440,0.0,8505,0,0
2578,2020-05-15,69.6942804747232,22386.0,22455.694280474723,8620,8610,8660,8560,0.0,8610,0,0
2579,2020-05-18,69.6942804747232,22711.0,22780.694280474723,8685,8735,8740,8585,0.0,8735,0,0
2580,2020-05-19,69.6942804747232,23361.0,23430.694280474723,9000,8985,9015,8945,0.0,8985,0,0
2581,2020-05-20,69.6942804747232,23426.0,23495.694280474723,8935,9010,9015,8920,0.0,9010,0,0
2582,2020-05-21,69.6942804747232,24037.0,24106.694280474723,9130,9245,9360,9130,0.0,9245,0,0
2583,2020-05-22,69.6942804747232,23439.0,23508.694280474723,9245,9015,9250,8950,0.0,9015,0,0
2584,2020-05-25,69.6942804747232,23894.0,23963.694280474723,9065,9190,9200,8990,0.0,9190,0,0
2585,2020-05-26,69.6942804747232,25220.0,25289.694280474723,9305,9700,9745,9305,0.0,9700,0,0
2586,2020-05-27,69.6942804747232,25012.0,25081.694280474723,9735,9620,9870,9580,0.0,9620,0,0
2587,2020-05-28,69.6942804747232,24531.0,24600.694280474723,9635,9435,9650,9300,0.0,9435,0,0
2588,2020-05-29,69.6942804747232,24414.0,24483.694280474723,9390,9390,9455,9290,0.0,9390,0,0
2589,2020-06-01,69.6942804747232,24973.0,25042.694280474723,9500,9605,9605,9500,0.0,9605,0,0
2590,2020-06-02,69.6942804747232,25090.0,25159.694280474723,9605,9650,9670,9575,0.0,9650,0,0
2591,2020-06-03,69.6942804747232,25597.0,25666.694280474723,9765,9845,9845,9740,0.0,9845,0,0
2592,2020-06-04,69.6942804747232,25714.0,25783.694280474723,9950,9890,10035,9820,0.0,9890,0,0
2593,2020-06-05,69.6942804747232,26143.0,26212.694280474723,9920,10055,10055,9920,0.0,10055,0,0
2594,2020-06-08,69.6942804747232,26273.0,26342.694280474723,10275,10105,10300,10085,0.0,10105,0,0
2595,2020-06-09,69.6942804747232,26221.0,26290.694280474723,10175,10085,10270,9995,0.0,10085,0,0
2596,2020-06-10,69.6942804747232,26182.0,26251.694280474723,10035,10070,10130,10030,0.0,10070,0,0
2597,2020-06-11,69.6942804747232,26091.0,26160.694280474723,10065,10035,10185,9935,0.0,10035,0,0
2598,2020-06-12,69.6942804747232,25675.0,25744.694280474723,9475,9875,9895,9475,0.0,9875,0,0
2599,2020-06-15,69.6942804747232,24011.0,24080.694280474723,9775,9235,9815,9235,0.0,9235,0,0
2600,2020-06-16,69.6942804747232,26104.0,26173.694280474723,9565,10040,10040,9535,0.0,10040,0,0
2601,2020-06-17,69.6942804747232,26442.0,26511.694280474723,10025,10170,10300,9930,0.0,10170,0,0
2602,2020-06-18,69.6942804747232,26572.0,26641.694280474723,10155,10220,10250,10075,0.0,10220,0,0
2603,2020-06-19,69.6942804747232,27105.0,27174.694280474723,10345,10425,10450,10220,0.0,10425,0,0
2604,2020-06-22,69.6942804747232,27092.0,27161.694280474723,10430,10420,10525,10390,0.0,10420,0,0
2605,2020-06-23,69.6942804747232,27196.0,27265.694280474723,10575,10460,10660,10365,0.0,10460,0,0
2606,2020-06-24,69.6942804747232,27807.0,27876.694280474723,10545,10695,10695,10530,0.0,10695,0,0
2607,2020-06-25,69.6942804747232,27274.0,27343.694280474723,10520,10490,10650,10445,0.0,10490,0,0
2608,2020-06-26,69.6942804747232,27365.0,27434.694280474723,10615,10525,10685,10375,0.0,10525,0,0
2609,2020-06-29,69.6942804747232,26832.0,26901.694280474723,10345,10320,10430,10225,0.0,10320,0,0
2610,2020-06-30,69.6942804747232,26975.0,27044.694280474723,10475,10375,10525,10345,0.0,10375,0,0
2611,2020-07-01,69.6942804747232,26845.0,26914.694280474723,10465,10325,10510,10325,0.0,10325,0,0
2612,2020-07-02,69.6942804747232,27131.0,27200.694280474723,10440,10435,10440,10290,0.0,10435,0,0
2613,2020-07-03,69.6942804747232,27326.0,27395.694280474723,10540,10510,10585,10465,0.0,10510,0,0
2614,2020-07-06,69.6942804747232,27768.0,27837.694280474723,10565,10680,10680,10475,0.0,10680,0,0
2615,2020-07-07,69.6942804747232,27885.0,27954.694280474723,10850,10725,10930,10690,0.0,10725,0,0
2616,2020-07-08,69.6942804747232,27924.0,27993.694280474723,10760,10740,10760,10670,0.0,10740,0,0
2617,2020-07-09,69.6942804747232,28730.0,28799.694280474723,10780,11050,11125,10780,0.0,11050,0,0
2618,2020-07-10,69.6942804747232,28249.0,28318.694280474723,11035,10865,11035,10805,0.0,10865,0,0
2619,2020-07-13,69.6942804747232,29107.0,29176.694280474723,10985,11195,11195,10960,0.0,11195,0,0
2620,2020-07-14,69.6942804747232,28652.0,28721.694280474723,11070,11020,11120,10975,0.0,11020,0,0
2621,2020-07-15,69.6942804747232,28860.0,28929.694280474723,11150,11100,11205,10995,0.0,11100,0,0
2622,2020-07-16,69.6942804747232,28626.0,28695.694280474723,11210,11010,11210,10960,0.0,11010,0,0
2623,2020-07-17,69.6942804747232,28522.0,28591.694280474723,11030,10970,11050,10870,0.0,10970,0,0
2624,2020-07-20,69.6942804747232,28470.0,28539.694280474723,10965,10950,10975,10855,0.0,10950,0,0
2625,2020-07-21,69.6942804747232,29263.0,29332.694280474723,11100,11255,11320,11080,0.0,11255,0,0
2626,2020-07-22,69.6942804747232,30121.0,30190.694280474723,11320,11585,11615,11320,0.0,11585,0,0
2627,2020-07-23,69.6942804747232,29939.0,30008.694280474723,11740,11515,11740,11445,0.0,11515,0,0
2628,2020-07-24,69.6942804747232,29640.0,29709.694280474723,11340,11400,11490,11250,0.0,11400,0,0
2629,2020-07-27,69.6942804747232,29861.0,29930.694280474723,11365,11485,11640,11365,0.0,11485,0,0
2630,2020-07-28,69.6942804747232,29913.0,29982.694280474723,11510,11505,11585,11430,0.0,11505,0,0
2631,2020-07-29,69.6942804747232,29718.0,29787.694280474723,11500,11430,11565,11395,0.0,11430,0,0
2632,2020-07-30,69.6942804747232,29796.0,29865.694280474723,11470,11460,11550,11400,0.0,11460,0,0
2633,2020-07-31,69.6942804747232,30368.0,30437.694280474723,11525,11680,11805,11420,0.0,11680,0,0
2634,2020-08-03,69.6942804747232,31707.0,31776.694280474723,11795,12195,12250,11735,0.0,12195,0,0
2635,2020-08-04,69.6942804747232,32175.0,32244.694280474723,12340,12375,12440,12290,0.0,12375,0,0
2636,2020-08-05,69.6942804747232,33852.0,33921.69428047472,12460,13020,13060,12375,0.0,13020,0,0
2637,2020-08-06,69.6942804747232,34775.0,34844.69428047472,13080,13375,13500,13015,0.0,13375,0,0
2638,2020-08-07,69.6942804747232,36959.0,37028.69428047472,13450,14215,14215,13450,0.0,14215,0,0
2639,2020-08-10,69.6942804747232,37453.0,37522.69428047472,14285,14405,14500,14090,0.0,14405,0,0
2640,2020-08-11,69.6942804747232,38064.0,38133.69428047472,14400,14640,14840,14355,0.0,14640,0,0
2641,2020-08-12,69.6942804747232,37804.0,37873.69428047472,14640,14540,14785,14395,0.0,14540,0,0
2642,2020-08-13,69.6942804747232,37622.0,37691.69428047472,14760,14470,14945,14350,0.0,14470,0,0
2643,2020-08-14,69.6942804747232,36166.0,36235.69428047472,14455,13910,14465,13855,0.0,13910,0,0
2644,2020-08-18,69.6942804747232,34983.0,35052.69428047472,13885,13455,14060,13395,0.0,13455,0,0
2645,2020-08-19,69.6942804747232,35581.0,35650.69428047472,13640,13685,13725,13450,0.0,13685,0,0
2646,2020-08-20,69.6942804747232,34164.0,34233.69428047472,13560,13140,13750,13060,0.0,13140,0,0
2647,2020-08-21,69.6942804747232,35048.0,35117.69428047472,13265,13480,13600,13200,0.0,13480,0,0
2648,2020-08-24,69.6942804747232,35334.0,35403.69428047472,13345,13590,13645,13205,0.0,13590,0,0
2649,2020-08-25,69.6942804747232,36530.0,36599.69428047472,13810,14050,14050,13730,0.0,14050,0,0
2650,2020-08-26,69.6942804747232,37011.0,37080.69428047472,14100,14235,14360,13740,0.0,14235,0,0
2651,2020-08-27,69.6942804747232,36855.0,36924.69428047472,14345,14175,14520,14165,0.0,14175,0,0
2652,2020-08-28,69.6942804747232,36881.0,36950.69428047472,14195,14185,14395,14080,0.0,14185,0,0
2653,2020-08-31,69.6942804747232,36543.0,36612.69428047472,14235,14055,14380,13940,0.0,14055,0,0
2654,2020-09-01,69.6942804747232,36751.0,36820.69428047472,14050,14135,14205,13885,0.0,14135,0,0
2655,2020-09-02,69.6942804747232,36686.0,36755.69428047472,14180,14110,14230,13960,0.0,14110,0,0
2656,2020-09-03,69.6942804747232,37856.0,37925.69428047472,14300,14560,14640,14215,0.0,14560,0,0
2657,2020-09-04,69.6942804747232,37804.0,37873.69428047472,13930,14540,14560,13930,0.0,14540,0,0
2658,2020-09-07,69.6942804747232,37856.0,37925.69428047472,14550,14560,14645,14365,0.0,14560,0,0
2659,2020-09-08,69.6942804747232,37102.0,37171.69428047472,14600,14270,14705,14215,0.0,14270,0,0
2660,2020-09-09,69.6942804747232,36751.0,36820.69428047472,13865,14135,14200,13865,0.0,14135,0,0
2661,2020-09-10,69.6942804747232,37648.0,37717.69428047472,14305,14480,14480,14160,0.0,14480,0,0
2662,2020-09-11,69.6942804747232,37050.0,37119.69428047472,14280,14250,14370,14065,0.0,14250,0,0
2663,2020-09-14,69.6942804747232,37466.0,37535.69428047472,14210,14410,14490,14120,0.0,14410,0,0
2664,2020-09-15,69.6942804747232,37596.0,37665.69428047472,14465,14460,14545,14300,0.0,14460,0,0
2665,2020-09-16,69.6942804747232,36608.0,36677.69428047472,14390,14080,14515,14070,0.0,14080,0,0
2666,2020-09-17,69.6942804747232,35724.0,35793.69428047472,14045,13740,14180,13655,0.0,13740,0,0
2667,2020-09-18,69.6942804747232,36192.0,36261.69428047472,13790,13920,13975,13790,0.0,13920,0,0
2668,2020-09-21,69.6942804747232,35243.0,35312.69428047472,13855,13555,13915,13500,0.0,13555,0,0
2669,2020-09-22,35363.409683654725,0.0,35363.409683654725,13575,13260,13600,13155,-1.0,13260,0,0
2670,2020-09-23,35363.409683654725,0.0,35363.409683654725,13465,13075,13500,12750,0.0,13075,0,0
2671,2020-09-24,35363.409683654725,0.0,35363.409683654725,12840,12550,12975,12500,0.0,12550,0,0
2672,2020-09-25,35363.409683654725,0.0,35363.409683654725,12665,12680,12760,12490,0.0,12680,0,0
2673,2020-09-28,35363.409683654725,0.0,35363.409683654725,12780,12865,12890,12600,0.0,12865,0,0
2674,2020-09-29,35363.409683654725,0.0,35363.409683654725,13135,13115,13200,12925,0.0,13115,0,0
2675,2020-10-05,35363.409683654725,0.0,35363.409683654725,13190,13515,13515,13155,0.0,13515,0,0
2676,2020-10-06,35363.409683654725,0.0,35363.409683654725,13570,13625,13675,13525,0.0,13625,0,0
2677,2020-10-07,35363.409683654725,0.0,35363.409683654725,13495,13850,13850,13495,0.0,13850,0,0
2678,2020-10-08,35363.409683654725,0.0,35363.409683654725,13945,14310,14330,13915,0.0,14310,0,0
2679,2020-10-12,28.769683654725668,35333.350000000006,35362.11968365473,14305,14305,14390,14235,1.0,14305,0,0
2680,2020-10-13,28.769683654725668,34629.4,34658.16968365473,14335,14020,14370,14020,0.0,14020,0,0
2681,2020-10-14,28.769683654725668,33962.5,33991.269683654726,14020,13750,14020,13720,0.0,13750,0,0
2682,2020-10-15,28.769683654725668,34086.0,34114.769683654726,13775,13800,13895,13665,0.0,13800,0,0
2683,2020-10-16,28.769683654725668,33653.75,33682.519683654726,13805,13625,13825,13410,0.0,13625,0,0
2684,2020-10-19,33644.24617024153,0.0,33644.24617024153,13610,13365,13630,13365,-1.0,13365,0,0
2685,2020-10-20,33644.24617024153,0.0,33644.24617024153,13280,13525,13530,13185,0.0,13525,0,0
2686,2020-10-21,33644.24617024153,0.0,33644.24617024153,13625,13690,13690,13450,0.0,13690,0,0
2687,2020-10-22,33644.24617024153,0.0,33644.24617024153,13640,13565,13720,13495,0.0,13565,0,0
2688,2020-10-23,33644.24617024153,0.0,33644.24617024153,13665,13685,13745,13565,0.0,13685,0,0
2689,2020-10-26,33644.24617024153,0.0,33644.24617024153,13605,13400,13605,13355,0.0,13400,0,0
2690,2020-10-27,33644.24617024153,0.0,33644.24617024153,13310,13370,13450,13195,0.0,13370,0,0
2691,2020-10-28,33644.24617024153,0.0,33644.24617024153,13450,13630,13630,13395,0.0,13630,0,0
2692,2020-10-29,33644.24617024153,0.0,33644.24617024153,13395,13640,13650,13360,0.0,13640,0,0
2693,2020-10-30,33644.24617024153,0.0,33644.24617024153,13655,13170,13655,13160,0.0,13170,0,0
2694,2020-11-02,33644.24617024153,0.0,33644.24617024153,13145,13350,13350,13000,0.0,13350,0,0
2695,2020-11-03,33644.24617024153,0.0,33644.24617024153,13415,13875,13875,13415,0.0,13875,0,0
2696,2020-11-04,33644.24617024153,0.0,33644.24617024153,14100,13785,14125,13700,0.0,13785,0,0
2697,2020-11-05,75.72617024153442,33567.299999999996,33643.02617024153,14045,14345,14345,14015,1.0,14345,0,0
2698,2020-11-06,75.72617024153442,34140.6,34216.32617024153,14520,14590,14650,14410,0.0,14590,0,0
2699,2020-11-09,75.72617024153442,36024.299999999996,36100.02617024153,14890,15395,15400,14890,0.0,15395,0,0
2700,2020-11-10,75.72617024153442,35708.4,35784.126170241536,15460,15260,15545,15170,0.0,15260,0,0
2701,2020-11-11,75.72617024153442,35018.1,35093.82617024153,15260,14965,15345,14965,0.0,14965,0,0
2702,2020-11-12,75.72617024153442,35193.6,35269.32617024153,15035,15040,15195,14960,0.0,15040,0,0
2703,2020-11-13,75.72617024153442,35100.0,35175.726170241534,14935,15000,15020,14655,0.0,15000,0,0
2704,2020-11-16,75.72617024153442,35076.6,35152.32617024153,14925,14990,15010,14765,0.0,14990,0,0
2705,2020-11-17,75.72617024153442,35287.2,35362.92617024153,15120,15080,15140,14985,0.0,15080,0,0
2706,2020-11-18,75.72617024153442,35825.4,35901.126170241536,15100,15310,15315,15050,0.0,15310,0,0
2707,2020-11-19,75.72617024153442,35895.6,35971.32617024153,15305,15340,15350,15150,0.0,15340,0,0
2708,2020-11-20,75.72617024153442,36000.899999999994,36076.62617024153,15400,15385,15480,15335,0.0,15385,0,0
2709,2020-11-23,75.72617024153442,36293.399999999994,36369.12617024153,15420,15510,15600,15380,0.0,15510,0,0
2710,2020-11-24,75.72617024153442,37112.399999999994,37188.12617024153,15680,15860,15860,15680,0.0,15860,0,0
2711,2020-11-25,75.72617024153442,36855.0,36930.726170241534,16160,15750,16285,15615,0.0,15750,0,0
2712,2020-11-26,75.72617024153442,37533.6,37609.32617024153,15765,16040,16060,15695,0.0,16040,0,0
2713,2020-11-27,75.72617024153442,37954.799999999996,38030.52617024153,16010,16220,16240,15925,0.0,16220,0,0
2714,2020-11-30,75.72617024153442,37299.6,37375.32617024153,16335,15940,16335,15925,0.0,15940,0,0
2715,2020-12-01,75.72617024153442,37627.2,37702.92617024153,15930,16080,16110,15930,0.0,16080,0,0
2716,2020-12-02,75.72617024153442,38118.6,38194.32617024153,16120,16290,16340,16080,0.0,16290,0,0
2717,2020-12-03,75.72617024153442,37919.7,37995.42617024153,16385,16205,16385,16125,0.0,16205,0,0
2718,2020-12-04,75.72617024153442,37615.5,37691.226170241534,16355,16075,16355,16040,0.0,16075,0,0
2719,2020-12-07,75.72617024153442,37206.0,37281.726170241534,16060,15900,16110,15675,0.0,15900,0,0
2720,2020-12-08,75.72617024153442,36948.6,37024.32617024153,15915,15790,16050,15770,0.0,15790,0,0
2721,2020-12-09,75.72617024153442,37896.299999999996,37972.02617024153,15900,16195,16205,15900,0.0,16195,0,0
2722,2020-12-10,75.72617024153442,37954.799999999996,38030.52617024153,16060,16220,16290,15955,0.0,16220,0,0
2723,2020-12-11,75.72617024153442,37954.799999999996,38030.52617024153,16365,16220,16415,16195,0.0,16220,0,0
2724,2020-12-14,75.72617024153442,37463.399999999994,37539.12617024153,16205,16010,16215,15975,0.0,16010,0,0
2725,2020-12-15,75.72617024153442,37486.799999999996,37562.52617024153,16095,16020,16095,15900,0.0,16020,0,0
2726,2020-12-16,75.72617024153442,38376.0,38451.726170241534,16210,16400,16445,16200,0.0,16400,0,0
2727,2020-12-17,75.72617024153442,38680.2,38755.92617024153,16450,16530,16555,16270,0.0,16530,0,0
2728,2020-12-18,75.72617024153442,38399.399999999994,38475.12617024153,16590,16410,16600,16365,0.0,16410,0,0
2729,2020-12-21,75.72617024153442,38469.6,38545.32617024153,16425,16440,16515,16265,0.0,16440,0,0
2730,2020-12-22,75.72617024153442,37451.7,37527.42617024153,16390,16005,16390,16005,0.0,16005,0,0
2731,2020-12-23,75.72617024153442,37709.1,37784.82617024153,16135,16115,16185,15800,0.0,16115,0,0
2732,2020-12-24,75.72617024153442,38036.7,38112.42617024153,16110,16255,16370,16110,0.0,16255,0,0
2733,2020-12-28,75.72617024153442,37966.5,38042.226170241534,16320,16225,16345,16160,0.0,16225,0,0
2734,2020-12-29,75.72617024153442,38890.799999999996,38966.52617024153,16395,16620,16620,16365,0.0,16620,0,0
2735,2020-12-30,75.72617024153442,39569.399999999994,39645.12617024153,16670,16910,16940,16575,0.0,16910,0,0
2736,2021-01-04,75.72617024153442,42178.5,42254.226170241534,17315,18025,18060,17155,0.0,18025,0,0
2737,2021-01-05,75.72617024153442,43184.7,43260.42617024153,18010,18455,18500,17945,0.0,18455,0,0
2738,2021-01-06,75.72617024153442,43348.5,43424.226170241534,18905,18525,19245,18455,0.0,18525,0,0
2739,2021-01-07,75.72617024153442,45162.0,45237.726170241534,19015,19300,19405,18940,0.0,19300,0,0
2740,2021-01-08,75.72617024153442,46238.399999999994,46314.12617024153,19605,19760,19905,19500,0.0,19760,0,0
2741,2021-01-11,75.72617024153442,46062.899999999994,46138.62617024153,20005,19685,20595,19265,0.0,19685,0,0
2742,2021-01-12,75.72617024153442,45618.299999999996,45694.02617024153,19550,19495,19785,18930,0.0,19495,0,0
2743,2021-01-13,75.72617024153442,46039.5,46115.226170241534,19610,19675,19965,19470,0.0,19675,0,0
2744,2021-01-14,75.72617024153442,45910.799999999996,45986.52617024153,19685,19620,19920,19545,0.0,19620,0,0
2745,2021-01-15,75.72617024153442,45068.399999999994,45144.12617024153,19780,19260,19920,19260,0.0,19260,0,0
2746,2021-01-18,75.72617024153442,43968.6,44044.32617024153,18895,18790,19260,18605,0.0,18790,0,0
2747,2021-01-19,75.72617024153442,45630.0,45705.726170241534,18920,19500,19550,18780,0.0,19500,0,0
2748,2021-01-20,75.72617024153442,46332.0,46407.726170241534,19980,19800,19980,19275,0.0,19800,0,0
2749,2021-01-21,75.72617024153442,46835.1,46910.82617024153,20215,20015,20225,19925,0.0,20015,0,0
2750,2021-01-22,75.72617024153442,46729.799999999996,46805.52617024153,20015,19970,20255,19940,0.0,19970,0,0
2751,2021-01-25,75.72617024153442,47268.0,47343.726170241534,19970,20200,20200,19920,0.0,20200,0,0
2752,2021-01-26,75.72617024153442,47151.0,47226.726170241534,20290,20150,20400,20020,0.0,20150,0,0
2753,2021-01-27,75.72617024153442,46390.5,46466.226170241534,20165,19825,20380,19700,0.0,19825,0,0
2754,2021-01-28,75.72617024153442,46179.899999999994,46255.62617024153,19515,19735,19795,19270,0.0,19735,0,0
2755,2021-01-29,75.72617024153442,45068.399999999994,45144.12617024153,19950,19260,20120,19015,0.0,19260,0,0
2756,2021-02-01,75.72617024153442,47349.899999999994,47425.62617024153,19320,20235,20235,19020,0.0,20235,0,0
2757,2021-02-02,75.72617024153442,48285.899999999994,48361.62617024153,20440,20635,20795,20295,0.0,20635,0,0
2758,2021-02-03,75.72617024153442,48742.2,48817.92617024153,20945,20830,20945,20570,0.0,20830,0,0
2759,2021-02-04,75.72617024153442,48484.799999999996,48560.52617024153,20835,20720,20880,20575,0.0,20720,0,0
2760,2021-02-05,75.72617024153442,49140.0,49215.726170241534,20895,21000,21200,20660,0.0,21000,0,0
2761,2021-02-08,75.72617024153442,48449.7,48525.42617024153,20795,20705,20960,20540,0.0,20705,0,0
2762,2021-02-09,75.72617024153442,48204.0,48279.726170241534,20750,20600,21045,20600,0.0,20600,0,0
2763,2021-02-10,75.72617024153442,48941.1,49016.82617024153,20600,20915,20945,20370,0.0,20915,0,0
2764,2021-02-15,75.72617024153442,49163.399999999994,49239.12617024153,20985,21010,21095,20800,0.0,21010,0,0
2765,2021-02-16,75.72617024153442,49455.899999999994,49531.62617024153,21215,21135,21215,20885,0.0,21135,0,0
2766,2021-02-17,75.72617024153442,49221.899999999994,49297.62617024153,21250,21035,21250,20855,0.0,21035,0,0
2767,2021-02-18,75.72617024153442,48438.0,48513.726170241534,21035,20700,21155,20660,0.0,20700,0,0
2768,2021-02-19,75.72617024153442,48367.799999999996,48443.52617024153,20900,20670,20900,20175,0.0,20670,0,0
2769,2021-02-22,75.72617024153442,47279.7,47355.42617024153,20875,20205,20875,20150,0.0,20205,0,0
2770,2021-02-23,75.72617024153442,47057.399999999994,47133.12617024153,19960,20110,20355,19850,0.0,20110,0,0
2771,2021-02-24,75.72617024153442,44928.0,45003.726170241534,20240,19200,20240,19200,0.0,19200,0,0
2772,2021-02-25,75.72617024153442,46577.7,46653.42617024153,19875,19905,19920,19670,0.0,19905,0,0
2773,2021-02-26,45353.07819575753,0.0,45353.07819575753,19350,19215,19500,19025,-1.0,19215,0,0
2774,2021-03-02,45353.07819575753,0.0,45353.07819575753,19840,19500,20005,19320,0.0,19500,0,0
2775,2021-03-03,45353.07819575753,0.0,45353.07819575753,19475,19645,19645,19290,0.0,19645,0,0
2776,2021-03-04,45353.07819575753,0.0,45353.07819575753,19315,19410,19680,19225,0.0,19410,0,0
2777,2021-03-05,45353.07819575753,0.0,45353.07819575753,19165,19450,19575,19080,0.0,19450,0,0
2778,2021-03-08,45353.07819575753,0.0,45353.07819575753,19660,18895,19660,18895,0.0,18895,0,0
2779,2021-03-09,45353.07819575753,0.0,45353.07819575753,18865,18470,18865,18090,0.0,18470,0,0
2780,2021-03-10,45353.07819575753,0.0,45353.07819575753,19065,18350,19065,18300,0.0,18350,0,0
2781,2021-03-11,45353.07819575753,0.0,45353.07819575753,18360,18900,19005,18360,0.0,18900,0,0
2782,2021-03-12,45353.07819575753,0.0,45353.07819575753,19400,19320,19400,19105,0.0,19320,0,0
2783,2021-03-15,45353.07819575753,0.0,45353.07819575753,19220,19130,19305,19085,0.0,19130,0,0
2784,2021-03-16,45353.07819575753,0.0,45353.07819575753,18840,18715,18880,18605,0.0,18715,0,0
2785,2021-03-17,45353.07819575753,0.0,45353.07819575753,18715,18555,18715,18380,0.0,18555,0,0
2786,2021-03-18,45353.07819575753,0.0,45353.07819575753,18715,18550,18880,18520,0.0,18550,0,0
2787,2021-03-19,45353.07819575753,0.0,45353.07819575753,18265,18350,18430,18155,0.0,18350,0,0
2788,2021-03-22,45353.07819575753,0.0,45353.07819575753,18325,18200,18350,18025,0.0,18200,0,0
2789,2021-03-23,45353.07819575753,0.0,45353.07819575753,18200,17880,18385,17880,0.0,17880,0,0
2790,2021-03-24,45353.07819575753,0.0,45353.07819575753,17700,18005,18125,17690,0.0,18005,0,0
2791,2021-03-25,45353.07819575753,0.0,45353.07819575753,18175,18265,18400,18165,0.0,18265,0,0
2792,2021-03-26,45353.07819575753,0.0,45353.07819575753,18380,18500,18525,18280,0.0,18500,0,0
2793,2021-03-29,45353.07819575753,0.0,45353.07819575753,18615,18500,18770,18460,0.0,18500,0,0
2794,2021-03-30,45353.07819575753,0.0,45353.07819575753,18480,18800,18820,18410,0.0,18800,0,0
2795,2021-03-31,45353.07819575753,0.0,45353.07819575753,18910,18750,18965,18745,0.0,18750,0,0
2796,2021-04-01,45353.07819575753,0.0,45353.07819575753,19130,19210,19340,19060,0.0,19210,0,0
2797,2021-04-02,45353.07819575753,0.0,45353.07819575753,19500,19275,19500,19160,0.0,19275,0,0
2798,2021-04-05,45353.07819575753,0.0,45353.07819575753,19285,19010,19285,18985,0.0,19010,0,0
2799,2021-04-06,45353.07819575753,0.0,45353.07819575753,19190,18890,19190,18730,0.0,18890,0,0
2800,2021-04-07,45353.07819575753,0.0,45353.07819575753,18890,18950,19180,18890,0.0,18950,0,0
2801,2021-04-08,133.82819575753092,45217.6,45351.42819575753,18950,19160,19175,18860,1.0,19160,0,0
2802,2021-04-09,133.82819575753092,45123.2,45257.02819575753,19310,19120,19310,19065,0.0,19120,0,0
2803,2021-04-12,133.82819575753092,46350.399999999994,46484.228195757525,19680,19640,20025,19400,0.0,19640,0,0
2804,2021-04-13,133.82819575753092,47023.0,47156.82819575753,19825,19925,19990,19700,0.0,19925,0,0
2805,2021-04-14,133.82819575753092,47754.6,47888.42819575753,20125,20235,20235,19990,0.0,20235,0,0
2806,2021-04-15,133.82819575753092,47589.399999999994,47723.228195757525,20235,20165,20310,20100,0.0,20165,0,0
2807,2021-04-16,133.82819575753092,48073.2,48207.02819575753,20220,20370,20370,20220,0.0,20370,0,0
2808,2021-04-19,133.82819575753092,48285.6,48419.42819575753,20385,20460,20500,20315,0.0,20460,0,0
2809,2021-04-20,133.82819575753092,48356.399999999994,48490.228195757525,20460,20490,20500,20315,0.0,20490,0,0
2810,2021-04-21,133.82819575753092,47719.2,47853.02819575753,20450,20220,20450,20120,0.0,20220,0,0
2811,2021-04-22,133.82819575753092,48415.399999999994,48549.228195757525,20365,20515,20720,20365,0.0,20515,0,0
2812,2021-04-23,133.82819575753092,48639.6,48773.42819575753,20465,20610,20740,20300,0.0,20610,0,0
2813,2021-04-26,133.82819575753092,49253.2,49387.02819575753,20810,20870,20920,20630,0.0,20870,0,0
2814,2021-04-27,133.82819575753092,49489.2,49623.02819575753,20925,20970,21050,20835,0.0,20970,0,0
2815,2021-04-28,133.82819575753092,48498.0,48631.82819575753,21030,20550,21030,20475,0.0,20550,0,0
2816,2021-04-29,133.82819575753092,48852.0,48985.82819575753,20550,20700,20900,20405,0.0,20700,0,0
2817,2021-04-30,133.82819575753092,48214.799999999996,48348.62819575753,20795,20430,20795,20240,0.0,20430,0,0
2818,2021-05-03,133.82819575753092,46928.6,47062.42819575753,20420,19885,20430,19865,0.0,19885,0,0
2819,2021-05-04,133.82819575753092,48002.399999999994,48136.228195757525,19885,20340,20340,19770,0.0,20340,0,0
2820,2021-05-06,133.82819575753092,49335.799999999996,49469.62819575753,20340,20905,20905,20270,0.0,20905,0,0
2821,2021-05-07,133.82819575753092,49076.2,49210.02819575753,20945,20795,21045,20795,0.0,20795,0,0
2822,2021-05-10,133.82819575753092,49265.0,49398.82819575753,20880,20875,21100,20855,0.0,20875,0,0
2823,2021-05-11,133.82819575753092,48380.0,48513.82819575753,20830,20500,20860,20450,0.0,20500,0,0
2824,2021-05-12,133.82819575753092,46881.399999999994,47015.228195757525,20375,19865,20505,19720,0.0,19865,0,0
2825,2021-05-13,133.82819575753092,45902.0,46035.82819575753,19495,19450,19800,19325,0.0,19450,0,0
2826,2021-05-14,46246.54981605512,0.0,46246.54981605512,19540,19755,19800,19535,-1.0,19755,0,0
2827,2021-05-17,46246.54981605512,0.0,46246.54981605512,19950,19710,19950,19625,0.0,19710,0,0
2828,2021-05-18,46246.54981605512,0.0,46246.54981605512,19710,19965,20035,19710,0.0,19965,0,0
2829,2021-05-20,46246.54981605512,0.0,46246.54981605512,19995,20050,20155,19800,0.0,20050,0,0
2830,2021-05-21,46246.54981605512,0.0,46246.54981605512,20300,20020,20300,19870,0.0,20020,0,0
2831,2021-05-24,46246.54981605512,0.0,46246.54981605512,19975,19660,19975,19660,0.0,19660,0,0
2832,2021-05-25,46246.54981605512,0.0,46246.54981605512,19955,19815,19955,19790,0.0,19815,0,0
2833,2021-05-26,46246.54981605512,0.0,46246.54981605512,19930,19655,19930,19625,0.0,19655,0,0
2834,2021-05-27,46246.54981605512,0.0,46246.54981605512,19770,19590,19770,19390,0.0,19590,0,0
2835,2021-05-28,46246.54981605512,0.0,46246.54981605512,19590,19715,19780,19590,0.0,19715,0,0
2836,2021-05-31,46246.54981605512,0.0,46246.54981605512,19790,19410,19790,19325,0.0,19410,0,0
2837,2021-06-01,46246.54981605512,0.0,46246.54981605512,19510,19555,19705,19385,0.0,19555,0,0
2838,2021-06-02,46246.54981605512,0.0,46246.54981605512,19600,19655,19770,19585,0.0,19655,0,0
2839,2021-06-03,46246.54981605512,0.0,46246.54981605512,19655,19825,19825,19650,0.0,19825,0,0
2840,2021-06-04,46246.54981605512,0.0,46246.54981605512,19820,19725,19820,19640,0.0,19725,0,0
2841,2021-06-07,46246.54981605512,0.0,46246.54981605512,19790,19740,19890,19665,0.0,19740,0,0
2842,2021-06-08,46246.54981605512,0.0,46246.54981605512,19705,19485,19740,19450,0.0,19485,0,0
2843,2021-06-09,46246.54981605512,0.0,46246.54981605512,19535,19390,19575,19335,0.0,19390,0,0
2844,2021-06-10,46246.54981605512,0.0,46246.54981605512,19390,19365,19390,19205,0.0,19365,0,0
2845,2021-06-11,46246.54981605512,0.0,46246.54981605512,19390,19720,19725,19390,0.0,19720,0,0
2846,2021-06-14,46246.54981605512,0.0,46246.54981605512,19720,19700,19730,19610,0.0,19700,0,0
2847,2021-06-15,46246.54981605512,0.0,46246.54981605512,19900,19900,19960,19755,0.0,19900,0,0
2848,2021-06-16,46246.54981605512,0.0,46246.54981605512,19985,19805,19985,19780,0.0,19805,0,0
2849,2021-06-17,46246.54981605512,0.0,46246.54981605512,19795,19965,19985,19770,0.0,19965,0,0
2850,2021-06-18,46246.54981605512,0.0,46246.54981605512,19965,19800,20010,19800,0.0,19800,0,0
2851,2021-06-21,46246.54981605512,0.0,46246.54981605512,19695,19705,19750,19550,0.0,19705,0,0
2852,2021-06-22,158.06981605511828,46086.799999999996,46244.869816055114,19790,19865,19920,19790,1.0,19865,0,0
2853,2021-06-23,158.06981605511828,46249.2,46407.269816055115,19960,19935,19975,19750,0.0,19935,0,0
2854,2021-06-24,158.06981605511828,46353.6,46511.66981605512,19935,19980,20150,19910,0.0,19980,0,0
2855,2021-06-25,158.06981605511828,46748.0,46906.06981605512,20095,20150,20230,20055,0.0,20150,0,0
2856,2021-06-28,158.06981605511828,46643.6,46801.66981605512,20145,20105,20265,20070,0.0,20105,0,0
2857,2021-06-29,158.06981605511828,46632.0,46790.06981605512,20210,20100,20230,20060,0.0,20100,0,0
2858,2021-06-30,158.06981605511828,47084.399999999994,47242.46981605511,20160,20295,20350,20145,0.0,20295,0,0
2859,2021-07-01,158.06981605511828,46307.2,46465.269816055115,20350,19960,20450,19945,0.0,19960,0,0
2860,2021-07-02,158.06981605511828,46260.799999999996,46418.869816055114,19970,19940,20080,19930,0.0,19940,0,0
2861,2021-07-05,158.06981605511828,46516.0,46674.06981605512,19965,20050,20180,19965,0.0,20050,0,0
2862,2021-07-06,158.06981605511828,47038.0,47196.06981605512,20200,20275,20310,20160,0.0,20275,0,0
2863,2021-07-07,158.06981605511828,46817.6,46975.66981605512,20250,20180,20250,20010,0.0,20180,0,0
2864,2021-07-08,158.06981605511828,46168.0,46326.06981605512,20180,19900,20200,19855,0.0,19900,0,0
2865,2021-07-09,158.06981605511828,45785.2,45943.269816055115,19770,19735,19890,19495,0.0,19735,0,0
2866,2021-07-12,158.06981605511828,46144.799999999996,46302.869816055114,19835,19890,19910,19785,0.0,19890,0,0
2867,2021-07-13,158.06981605511828,46562.399999999994,46720.46981605511,19960,20070,20150,19930,0.0,20070,0,0
2868,2021-07-14,158.06981605511828,46748.0,46906.06981605512,20145,20150,20190,20045,0.0,20150,0,0
2869,2021-07-15,158.06981605511828,46643.6,46801.66981605512,20150,20105,20160,20085,0.0,20105,0,0
2870,2021-07-16,158.06981605511828,46469.6,46627.66981605512,20150,20030,20195,19980,0.0,20030,0,0
2871,2021-07-19,158.06981605511828,46365.2,46523.269816055115,20000,19985,20025,19885,0.0,19985,0,0
2872,2021-07-20,158.06981605511828,46098.399999999994,46256.46981605511,19720,19870,19910,19700,0.0,19870,0,0
2873,2021-07-21,158.06981605511828,46098.399999999994,46256.46981605511,20085,19870,20085,19870,0.0,19870,0,0
2874,2021-07-22,158.06981605511828,46713.2,46871.269816055115,20005,20135,20150,19980,0.0,20135,0,0
2875,2021-07-23,158.06981605511828,46922.0,47080.06981605512,20165,20225,20300,20160,0.0,20225,0,0
2876,2021-07-26,158.06981605511828,46759.6,46917.66981605512,20305,20155,20305,20100,0.0,20155,0,0
2877,2021-07-27,158.06981605511828,46887.2,47045.269816055115,20280,20210,20355,20155,0.0,20210,0,0
2878,2021-07-28,158.06981605511828,46643.6,46801.66981605512,20130,20105,20260,20010,0.0,20105,0,0
2879,2021-07-29,158.06981605511828,46678.399999999994,46836.46981605511,20250,20120,20290,20060,0.0,20120,0,0
2880,2021-07-30,158.06981605511828,46121.6,46279.66981605512,20135,19880,20150,19875,0.0,19880,0,0
2881,2021-08-02,158.06981605511828,46284.0,46442.06981605512,19885,19950,19990,19640,0.0,19950,0,0
2882,2021-08-03,46579.58019726791,0.0,46579.58019726791,20010,19930,20010,19875,-1.0,19930,0,0
2883,2021-08-04,46579.58019726791,0.0,46579.58019726791,19930,19845,19930,19545,0.0,19845,0,0
2884,2021-08-05,46579.58019726791,0.0,46579.58019726791,19855,19785,19940,19705,0.0,19785,0,0
2885,2021-08-06,46579.58019726791,0.0,46579.58019726791,19835,19715,19900,19690,0.0,19715,0,0
2886,2021-08-09,46579.58019726791,0.0,46579.58019726791,19715,19790,19845,19625,0.0,19790,0,0
2887,2021-08-10,46579.58019726791,0.0,46579.58019726791,19900,19900,19940,19750,0.0,19900,0,0
2888,2021-08-11,46579.58019726791,0.0,46579.58019726791,19970,19935,20150,19900,0.0,19935,0,0
2889,2021-08-12,46579.58019726791,0.0,46579.58019726791,20040,20100,20175,20010,0.0,20100,0,0
2890,2021-08-13,46579.58019726791,0.0,46579.58019726791,20160,20060,20300,19920,0.0,20060,0,0
2891,2021-08-17,46579.58019726791,0.0,46579.58019726791,19990,19595,20100,19580,0.0,19595,0,0
2892,2021-08-18,46579.58019726791,0.0,46579.58019726791,19550,19755,19795,19405,0.0,19755,0,0
2893,2021-08-19,46579.58019726791,0.0,46579.58019726791,19570,19250,19670,19195,0.0,19250,0,0
2894,2021-08-20,46579.58019726791,0.0,46579.58019726791,19315,19160,19460,19025,0.0,19160,0,0
2895,2021-08-23,46579.58019726791,0.0,46579.58019726791,19175,18870,19175,18870,0.0,18870,0,0
2896,2021-08-24,46579.58019726791,0.0,46579.58019726791,18975,19075,19250,18850,0.0,19075,0,0
2897,2021-08-25,46579.58019726791,0.0,46579.58019726791,19130,19405,19440,19130,0.0,19405,0,0
2898,2021-08-26,46579.58019726791,0.0,46579.58019726791,19455,19310,19535,19265,0.0,19310,0,0
2899,2021-08-27,46579.58019726791,0.0,46579.58019726791,19240,19405,19405,19150,0.0,19405,0,0
2900,2021-08-30,46579.58019726791,0.0,46579.58019726791,19605,19360,19605,19355,0.0,19360,0,0
2901,2021-08-31,46579.58019726791,0.0,46579.58019726791,19440,19695,19695,19345,0.0,19695,0,0
2902,2021-09-01,46579.58019726791,0.0,46579.58019726791,19640,19405,19755,19375,0.0,19405,0,0
2903,2021-09-02,46579.58019726791,0.0,46579.58019726791,19405,19315,19405,19205,0.0,19315,0,0
2904,2021-09-03,46579.58019726791,0.0,46579.58019726791,19340,19425,19450,19310,0.0,19425,0,0
2905,2021-09-06,46579.58019726791,0.0,46579.58019726791,19470,19805,19820,19450,0.0,19805,0,0
2906,2021-09-07,46579.58019726791,0.0,46579.58019726791,19925,20020,20045,19905,0.0,20020,0,0
2907,2021-09-08,148.14019726790866,46429.75,46577.89019726791,20020,20275,20275,19945,1.0,20275,0,0
2908,2021-09-09,148.14019726790866,46200.75,46348.89019726791,20270,20175,20340,20130,0.0,20175,0,0
2909,2021-09-10,148.14019726790866,46658.75,46806.89019726791,20175,20375,20420,20155,0.0,20375,0,0
2910,2021-09-13,148.14019726790866,47391.55,47539.69019726791,20375,20695,20695,20305,0.0,20695,0,0
2911,2021-09-14,148.14019726790866,47357.200000000004,47505.34019726791,20750,20680,20800,20600,0.0,20680,0,0
2912,2021-09-15,148.14019726790866,47185.450000000004,47333.59019726791,20690,20605,20690,20415,0.0,20605,0,0
2913,2021-09-16,148.14019726790866,47105.3,47253.44019726791,20700,20570,20820,20545,0.0,20570,0,0
2914,2021-09-17,148.14019726790866,46910.65,47058.79019726791,20570,20485,20615,20370,0.0,20485,0,0
2915,2021-09-23,148.14019726790866,47780.85,47928.99019726791,20255,20865,20865,20255,0.0,20865,0,0
2916,2021-09-24,148.14019726790866,47906.8,48054.94019726791,20995,20920,21100,20830,0.0,20920,0,0
2917,2021-09-27,148.14019726790866,48456.4,48604.54019726791,20935,21160,21160,20935,0.0,21160,0,0
2918,2021-09-28,148.14019726790866,49040.35,49188.49019726791,21315,21415,21535,21180,0.0,21415,0,0
2919,2021-09-29,148.14019726790866,49006.0,49154.14019726791,21030,21400,21420,20915,0.0,21400,0,0
2920,2021-09-30,148.14019726790866,48433.5,48581.64019726791,21235,21150,21235,20925,0.0,21150,0,0
2921,2021-10-01,148.14019726790866,47689.25,47837.39019726791,21055,20825,21085,20810,0.0,20825,0,0
2922,2021-10-05,148.14019726790866,47299.950000000004,47448.09019726791,20750,20655,20885,20340,0.0,20655,0,0
2923,2021-10-06,148.14019726790866,46120.6,46268.74019726791,20815,20140,20955,20080,0.0,20140,0,0
2924,2021-10-07,148.14019726790866,45903.05,46051.19019726791,20220,20045,20230,19535,0.0,20045,0,0
2925,2021-10-08,148.14019726790866,46109.15,46257.29019726791,20280,20135,20340,20050,0.0,20135,0,0
2926,2021-10-12,148.14019726790866,47208.35,47356.49019726791,20240,20615,20640,20240,0.0,20615,0,0
2927,2021-10-13,148.14019726790866,47815.200000000004,47963.34019726791,20615,20880,20895,20560,0.0,20880,0,0
2928,2021-10-14,148.14019726790866,48410.6,48558.74019726791,21120,21140,21170,20985,0.0,21140,0,0
2929,2021-10-15,148.14019726790866,48376.25,48524.39019726791,21140,21125,21275,21030,0.0,21125,0,0
2930,2021-10-18,148.14019726790866,48193.05,48341.19019726791,21105,21045,21275,21030,0.0,21045,0,0
2931,2021-10-19,148.14019726790866,48215.950000000004,48364.09019726791,21205,21055,21375,21030,0.0,21055,0,0
2932,2021-10-20,148.14019726790866,47780.85,47928.99019726791,21270,20865,21270,20865,0.0,20865,0,0
2933,2021-10-21,148.14019726790866,47116.75,47264.89019726791,20865,20575,20865,20520,0.0,20575,0,0
2934,2021-10-22,148.14019726790866,47002.25,47150.39019726791,20575,20525,20650,20420,0.0,20525,0,0
2935,2021-10-25,148.14019726790866,47357.200000000004,47505.34019726791,20450,20680,20690,20150,0.0,20680,0,0
2936,2021-10-26,148.14019726790866,47368.65,47516.79019726791,20850,20685,20965,20655,0.0,20685,0,0
2937,2021-10-27,148.14019726790866,46716.0,46864.14019726791,20630,20400,20700,20315,0.0,20400,0,0
2938,2021-10-28,46873.8895049977,0.0,46873.8895049977,20405,20200,20435,20195,-1.0,20200,0,0
2939,2021-10-29,46873.8895049977,0.0,46873.8895049977,20230,20015,20280,20010,0.0,20015,0,0
2940,2021-11-01,46873.8895049977,0.0,46873.8895049977,20085,19765,20090,19660,0.0,19765,0,0
2941,2021-11-02,46873.8895049977,0.0,46873.8895049977,19885,19955,20110,19885,0.0,19955,0,0
2942,2021-11-03,46873.8895049977,0.0,46873.8895049977,19945,19695,19945,19635,0.0,19695,0,0
2943,2021-11-04,46873.8895049977,0.0,46873.8895049977,19880,19550,19910,19480,0.0,19550,0,0
2944,2021-11-05,46873.8895049977,0.0,46873.8895049977,19670,19325,19670,19220,0.0,19325,0,0
2945,2021-11-08,46873.8895049977,0.0,46873.8895049977,19485,19365,19485,19120,0.0,19365,0,0
2946,2021-11-09,46873.8895049977,0.0,46873.8895049977,19365,19270,19380,19125,0.0,19270,0,0
2947,2021-11-10,46873.8895049977,0.0,46873.8895049977,19155,18680,19155,18625,0.0,18680,0,0
2948,2021-11-11,46873.8895049977,0.0,46873.8895049977,18560,18845,18880,18560,0.0,18845,0,0
2949,2021-11-12,46873.8895049977,0.0,46873.8895049977,19050,19300,19350,18995,0.0,19300,0,0
2950,2021-11-15,46873.8895049977,0.0,46873.8895049977,19385,19340,19385,19070,0.0,19340,0,0
2951,2021-11-16,46873.8895049977,0.0,46873.8895049977,19310,19180,19380,19145,0.0,19180,0,0
2952,2021-11-17,46873.8895049977,0.0,46873.8895049977,19305,18880,19305,18835,0.0,18880,0,0
2953,2021-11-18,46873.8895049977,0.0,46873.8895049977,18905,18935,18955,18645,0.0,18935,0,0
2954,2021-11-19,46873.8895049977,0.0,46873.8895049977,18970,18855,19050,18790,0.0,18855,0,0
2955,2021-11-22,46873.8895049977,0.0,46873.8895049977,18815,18875,18890,18670,0.0,18875,0,0
2956,2021-11-23,46873.8895049977,0.0,46873.8895049977,18875,18720,18955,18720,0.0,18720,0,0
2957,2021-11-24,46873.8895049977,0.0,46873.8895049977,18760,18930,18930,18760,0.0,18930,0,0
2958,2021-11-25,46873.8895049977,0.0,46873.8895049977,18930,18815,18930,18800,0.0,18815,0,0
2959,2021-11-26,46873.8895049977,0.0,46873.8895049977,18765,18290,18765,18255,0.0,18290,0,0
2960,2021-11-29,46873.8895049977,0.0,46873.8895049977,17745,18125,18220,17745,0.0,18125,0,0
2961,2021-11-30,46873.8895049977,0.0,46873.8895049977,18180,17555,18280,17545,0.0,17555,0,0
2962,2021-12-01,46873.8895049977,0.0,46873.8895049977,17710,18120,18120,17425,0.0,18120,0,0
2963,2021-12-02,46873.8895049977,0.0,46873.8895049977,17915,18170,18230,17895,0.0,18170,0,0
2964,2021-12-03,46873.8895049977,0.0,46873.8895049977,18190,18450,18495,18150,0.0,18450,0,0
2965,2021-12-06,46873.8895049977,0.0,46873.8895049977,18425,18575,18650,18200,0.0,18575,0,0
2966,2021-12-07,46873.8895049977,0.0,46873.8895049977,18695,18475,18725,18400,0.0,18475,0,0
2967,2021-12-08,46873.8895049977,0.0,46873.8895049977,18680,18805,18995,18680,0.0,18805,0,0
2968,2021-12-09,46873.8895049977,0.0,46873.8895049977,18920,18905,18990,18825,0.0,18905,0,0
2969,2021-12-10,46873.8895049977,0.0,46873.8895049977,18790,18870,18915,18695,0.0,18870,0,0
2970,2021-12-13,46873.8895049977,0.0,46873.8895049977,18895,18835,19010,18800,0.0,18835,0,0
2971,2021-12-14,46873.8895049977,0.0,46873.8895049977,18600,18505,18655,18415,0.0,18505,0,0
2972,2021-12-15,46873.8895049977,0.0,46873.8895049977,18420,18320,18470,18230,0.0,18320,0,0
2973,2021-12-16,46873.8895049977,0.0,46873.8895049977,18475,18650,18750,18475,0.0,18650,0,0
2974,2021-12-17,46873.8895049977,0.0,46873.8895049977,18535,18650,18830,18515,0.0,18650,0,0
2975,2021-12-20,46873.8895049977,0.0,46873.8895049977,18630,18150,18630,18130,0.0,18150,0,0
2976,2021-12-21,46873.8895049977,0.0,46873.8895049977,18225,18070,18225,17805,0.0,18070,0,0
2977,2021-12-22,46873.8895049977,0.0,46873.8895049977,18160,17845,18245,17840,0.0,17845,0,0
2978,2021-12-23,46873.8895049977,0.0,46873.8895049977,18025,18030,18100,17960,0.0,18030,0,0
2979,2021-12-24,46873.8895049977,0.0,46873.8895049977,18120,18235,18300,18120,0.0,18235,0,0
2980,2021-12-27,46873.8895049977,0.0,46873.8895049977,18245,18180,18380,18180,0.0,18180,0,0
2981,2021-12-28,46873.8895049977,0.0,46873.8895049977,18255,18400,18415,18140,0.0,18400,0,0
2982,2021-12-29,46873.8895049977,0.0,46873.8895049977,18520,18650,18685,18430,0.0,18650,0,0
2983,2021-12-30,46873.8895049977,0.0,46873.8895049977,18650,18555,18650,18430,0.0,18555,0,0
2984,2022-01-03,46873.8895049977,0.0,46873.8895049977,18565,18500,18670,18390,0.0,18500,0,0
2985,2022-01-04,46873.8895049977,0.0,46873.8895049977,18580,18785,18810,18580,0.0,18785,0,0
2986,2022-01-05,135.98950499769853,46736.2,46872.189504997696,18805,18620,18860,18600,1.0,18620,0,0
2987,2022-01-06,135.98950499769853,46485.2,46621.189504997696,18340,18520,18705,18340,0.0,18520,0,0
2988,2022-01-07,135.98950499769853,47878.24999999999,48014.23950499769,18770,19075,19075,18645,0.0,19075,0,0
2989,2022-01-10,135.98950499769853,47401.35,47537.3395049977,19030,18885,19090,18720,0.0,18885,0,0
2990,2022-01-11,135.98950499769853,46836.6,46972.5895049977,18860,18660,18900,18445,0.0,18660,0,0
2991,2022-01-12,135.98950499769853,48819.49999999999,48955.48950499769,18880,19450,19450,18880,0.0,19450,0,0
2992,2022-01-13,135.98950499769853,48643.799999999996,48779.789504997694,19535,19380,19585,19355,0.0,19380,0,0
2993,2022-01-14,135.98950499769853,47752.74999999999,47888.73950499769,19305,19025,19305,18990,0.0,19025,0,0
2994,2022-01-17,135.98950499769853,47187.99999999999,47323.98950499769,19015,18800,19165,18700,0.0,18800,0,0
2995,2022-01-18,135.98950499769853,46886.799999999996,47022.789504997694,18910,18680,19035,18675,0.0,18680,0,0
2996,2022-01-19,135.98950499769853,46020.85,46156.8395049977,18520,18335,18750,18200,0.0,18335,0,0
2997,2022-01-20,135.98950499769853,46811.49999999999,46947.48950499769,18330,18650,18655,18330,0.0,18650,0,0
2998,2022-01-21,46632.04717288869,0.0,46632.04717288869,18525,18285,18525,18130,-1.0,18285,0,0
2999,2022-01-24,46632.04717288869,0.0,46632.04717288869,18120,17810,18155,17710,0.0,17810,0,0
3000,2022-01-25,46632.04717288869,0.0,46632.04717288869,17785,17135,17820,17005,0.0,17135,0,0
3001,2022-01-26,46632.04717288869,0.0,46632.04717288869,17280,17055,17410,17055,0.0,17055,0,0
3002,2022-01-27,46632.04717288869,0.0,46632.04717288869,17070,16145,17230,16145,0.0,16145,0,0
3003,2022-01-28,46632.04717288869,0.0,46632.04717288869,16130,16380,16435,15730,0.0,16380,0,0
3004,2022-02-03,46632.04717288869,0.0,46632.04717288869,16765,16725,16900,16660,0.0,16725,0,0
3005,2022-02-04,46632.04717288869,0.0,46632.04717288869,16725,17100,17100,16720,0.0,17100,0,0
3006,2022-02-07,46632.04717288869,0.0,46632.04717288869,17190,16820,17190,16725,0.0,16820,0,0
3007,2022-02-08,46632.04717288869,0.0,46632.04717288869,16890,16655,17045,16505,0.0,16655,0,0
3008,2022-02-09,46632.04717288869,0.0,46632.04717288869,16765,16945,16950,16670,0.0,16945,0,0
3009,2022-02-10,46632.04717288869,0.0,46632.04717288869,17025,17070,17135,16985,0.0,17070,0,0
3010,2022-02-11,46632.04717288869,0.0,46632.04717288869,16750,16720,16930,16685,0.0,16720,0,0
3011,2022-02-14,46632.04717288869,0.0,46632.04717288869,16485,16415,16605,16305,0.0,16415,0,0
3012,2022-02-15,46632.04717288869,0.0,46632.04717288869,16425,16060,16440,16020,0.0,16060,0,0
3013,2022-02-16,46632.04717288869,0.0,46632.04717288869,16395,16585,16620,16335,0.0,16585,0,0
3014,2022-02-17,46632.04717288869,0.0,46632.04717288869,16630,16615,16915,16430,0.0,16615,0,0
3015,2022-02-18,46632.04717288869,0.0,46632.04717288869,16360,16660,16750,16360,0.0,16660,0,0
3016,2022-02-21,46632.04717288869,0.0,46632.04717288869,16365,16550,16585,16235,0.0,16550,0,0
3017,2022-02-22,46632.04717288869,0.0,46632.04717288869,16255,16160,16370,16105,0.0,16160,0,0
3018,2022-02-23,46632.04717288869,0.0,46632.04717288869,16250,16325,16370,16200,0.0,16325,0,0
3019,2022-02-24,46632.04717288869,0.0,46632.04717288869,16105,15785,16220,15740,0.0,15785,0,0
3020,2022-02-25,46632.04717288869,0.0,46632.04717288869,16015,16185,16215,15995,0.0,16185,0,0
3021,2022-02-28,46632.04717288869,0.0,46632.04717288869,16145,16345,16345,16060,0.0,16345,0,0
3022,2022-03-02,46632.04717288869,0.0,46632.04717288869,16435,16610,16650,16400,0.0,16610,0,0
3023,2022-03-03,46632.04717288869,0.0,46632.04717288869,16850,16735,16885,16665,0.0,16735,0,0
3024,2022-03-04,46632.04717288869,0.0,46632.04717288869,16680,16470,16680,16410,0.0,16470,0,0
3025,2022-03-07,46632.04717288869,0.0,46632.04717288869,16360,16060,16370,15950,0.0,16060,0,0
3026,2022-03-08,46632.04717288869,0.0,46632.04717288869,15825,15695,16030,15695,0.0,15695,0,0
3027,2022-03-10,46632.04717288869,0.0,46632.04717288869,16000,15885,16040,15785,0.0,15885,0,0
3028,2022-03-11,46632.04717288869,0.0,46632.04717288869,15885,15615,15910,15520,0.0,15615,0,0
3029,2022-03-14,46632.04717288869,0.0,46632.04717288869,15590,15400,15590,15375,0.0,15400,0,0
3030,2022-03-15,46632.04717288869,0.0,46632.04717288869,15265,15040,15300,15030,0.0,15040,0,0
3031,2022-03-16,46632.04717288869,0.0,46632.04717288869,15255,15435,15435,15185,0.0,15435,0,0
3032,2022-03-17,46632.04717288869,0.0,46632.04717288869,15760,15820,15880,15760,0.0,15820,0,0
3033,2022-03-18,46632.04717288869,0.0,46632.04717288869,15900,16000,16000,15820,0.0,16000,0,0
3034,2022-03-21,46632.04717288869,0.0,46632.04717288869,16075,16110,16235,16060,0.0,16110,0,0
3035,2022-03-22,46632.04717288869,0.0,46632.04717288869,16140,16245,16300,16140,0.0,16245,0,0
3036,2022-03-23,46632.04717288869,0.0,46632.04717288869,16405,16430,16460,16290,0.0,16430,0,0
3037,2022-03-24,46632.04717288869,0.0,46632.04717288869,16430,16545,16575,16370,0.0,16545,0,0
3038,2022-03-25,46632.04717288869,0.0,46632.04717288869,16680,16505,16680,16445,0.0,16505,0,0
3039,2022-03-28,68.657172888692,46561.700000000004,46630.3571728887,16495,16570,16590,16340,1.0,16570,0,0
3040,2022-03-29,68.657172888692,46716.25,46784.90717288869,16620,16625,16725,16580,0.0,16625,0,0
3041,2022-03-30,68.657172888692,46688.15,46756.80717288869,16710,16615,16730,16580,0.0,16615,0,0
3042,2022-03-31,68.657172888692,47685.700000000004,47754.3571728887,16615,16970,16975,16615,0.0,16970,0,0
3043,2022-04-01,68.657172888692,47292.3,47360.957172888695,16895,16830,17020,16785,0.0,16830,0,0
3044,2022-04-04,68.657172888692,47685.700000000004,47754.3571728887,16780,16970,16975,16700,0.0,16970,0,0
3045,2022-04-05,68.657172888692,47840.25,47908.90717288869,17150,17025,17150,17010,0.0,17025,0,0
3046,2022-04-06,68.657172888692,47123.700000000004,47192.3571728887,16840,16770,16915,16750,0.0,16770,0,0
3047,2022-04-07,68.657172888692,46126.15,46194.80717288869,16590,16415,16595,16415,0.0,16415,0,0
3048,2022-04-08,68.657172888692,47011.3,47079.957172888695,16450,16730,16735,16450,0.0,16730,0,0
3049,2022-04-11,68.657172888692,46646.0,46714.65717288869,16585,16600,16860,16535,0.0,16600,0,0
3050,2022-04-12,68.657172888692,46013.75,46082.40717288869,16350,16375,16415,16215,0.0,16375,0,0
3051,2022-04-13,68.657172888692,46800.55,46869.207172888695,16405,16655,16655,16375,0.0,16655,0,0
3052,2022-04-14,68.657172888692,46955.1,47023.75717288869,16650,16710,16750,16615,0.0,16710,0,0
3053,2022-04-15,68.657172888692,46336.9,46405.55717288869,16515,16490,16580,16435,0.0,16490,0,0
3054,2022-04-18,68.657172888692,46280.700000000004,46349.3571728887,16430,16470,16490,16385,0.0,16470,0,0
3055,2022-04-19,68.657172888692,46688.15,46756.80717288869,16505,16615,16620,16505,0.0,16615,0,0
3056,2022-04-20,68.657172888692,46631.950000000004,46700.6071728887,16615,16595,16645,16465,0.0,16595,0,0
3057,2022-04-21,68.657172888692,47053.450000000004,47122.1071728887,16640,16745,16805,16610,0.0,16745,0,0
3058,2022-04-22,68.657172888692,46477.4,46546.05717288869,16560,16540,16595,16470,0.0,16540,0,0
3059,2022-04-25,68.657172888692,45788.950000000004,45857.6071728887,16210,16295,16405,16210,0.0,16295,0,0
3060,2022-04-26,46010.48501326269,0.0,46010.48501326269,16350,16210,16390,16210,-1.0,16210,0,0
3061,2022-04-27,46010.48501326269,0.0,46010.48501326269,15825,16050,16050,15805,0.0,16050,0,0
3062,2022-04-28,46010.48501326269,0.0,46010.48501326269,15975,16085,16145,15840,0.0,16085,0,0
3063,2022-04-29,46010.48501326269,0.0,46010.48501326269,16210,16245,16405,16170,0.0,16245,0,0
3064,2022-05-02,46010.48501326269,0.0,46010.48501326269,16030,16295,16295,16030,0.0,16295,0,0
3065,2022-05-03,46010.48501326269,0.0,46010.48501326269,16270,16275,16380,16245,0.0,16275,0,0
3066,2022-05-04,46010.48501326269,0.0,46010.48501326269,16305,16390,16495,16305,0.0,16390,0,0
3067,2022-05-06,46010.48501326269,0.0,46010.48501326269,16270,16390,16420,16215,0.0,16390,0,0
3068,2022-05-09,46010.48501326269,0.0,46010.48501326269,16295,16020,16315,16000,0.0,16020,0,0
3069,2022-05-10,46010.48501326269,0.0,46010.48501326269,15665,15825,15890,15530,0.0,15825,0,0
3070,2022-05-11,46010.48501326269,0.0,46010.48501326269,15795,15920,15925,15740,0.0,15920,0,0
3071,2022-05-12,46010.48501326269,0.0,46010.48501326269,15800,15550,15915,15515,0.0,15550,0,0
3072,2022-05-13,46010.48501326269,0.0,46010.48501326269,15735,16025,16025,15735,0.0,16025,0,0
3073,2022-05-16,46010.48501326269,0.0,46010.48501326269,16135,15990,16250,15945,0.0,15990,0,0
3074,2022-05-17,46010.48501326269,0.0,46010.48501326269,15990,16295,16295,15990,0.0,16295,0,0
3075,2022-05-18,46010.48501326269,0.0,46010.48501326269,16460,16380,16575,16345,0.0,16380,0,0
3076,2022-05-19,46010.48501326269,0.0,46010.48501326269,15925,16200,16290,15925,0.0,16200,0,0
3077,2022-05-20,113.81501326269063,45895.0,46008.81501326269,16365,16750,16750,16365,1.0,16750,0,0
3078,2022-05-23,113.81501326269063,45566.200000000004,45680.015013262695,16780,16630,16835,16575,0.0,16630,0,0
3079,2022-05-24,113.81501326269063,44483.9,44597.71501326269,16590,16235,16645,16235,0.0,16235,0,0
3080,2022-05-25,113.81501326269063,44826.4,44940.21501326269,16405,16360,16530,16330,0.0,16360,0,0
3081,2022-05-26,113.81501326269063,45552.5,45666.31501326269,16445,16625,16775,16445,0.0,16625,0,0
3082,2022-05-27,113.81501326269063,46155.3,46269.11501326269,16795,16845,16980,16775,0.0,16845,0,0
3083,2022-05-30,113.81501326269063,46895.100000000006,47008.9150132627,17025,17115,17150,16930,0.0,17115,0,0
3084,2022-05-31,113.81501326269063,47950.00000000001,48063.8150132627,17135,17500,17500,17135,0.0,17500,0,0
3085,2022-06-02,113.81501326269063,47470.50000000001,47584.3150132627,17470,17325,17500,17270,0.0,17325,0,0
3086,2022-06-03,113.81501326269063,48319.9,48433.71501326269,17470,17635,17670,17450,0.0,17635,0,0
3087,2022-06-07,113.81501326269063,47895.200000000004,48009.015013262695,17690,17480,17750,17435,0.0,17480,0,0
3088,2022-06-08,113.81501326269063,48333.600000000006,48447.4150132627,17615,17640,17735,17535,0.0,17640,0,0
3089,2022-06-09,113.81501326269063,48799.4,48913.21501326269,17645,17810,17815,17600,0.0,17810,0,0
3090,2022-06-10,113.81501326269063,48676.100000000006,48789.9150132627,17680,17765,17785,17580,0.0,17765,0,0
3091,2022-06-13,113.81501326269063,46977.3,47091.11501326269,17355,17145,17465,17110,0.0,17145,0,0
3092,2022-06-14,113.81501326269063,46443.0,46556.81501326269,16845,16950,17065,16690,0.0,16950,0,0
3093,2022-06-15,113.81501326269063,45374.4,45488.21501326269,16925,16560,16925,16480,0.0,16560,0,0
3094,2022-06-16,113.81501326269063,45593.600000000006,45707.4150132627,16785,16640,16955,16590,0.0,16640,0,0
3095,2022-06-17,113.81501326269063,45908.700000000004,46022.515013262695,16285,16755,16870,16200,0.0,16755,0,0
3096,2022-06-20,113.81501326269063,44881.200000000004,44995.015013262695,16775,16380,16815,16280,0.0,16380,0,0
3097,2022-06-21,45459.16456385069,0.0,45459.16456385069,16550,16335,16600,16310,-1.0,16335,0,0
3098,2022-06-22,45459.16456385069,0.0,45459.16456385069,16500,15665,16500,15665,0.0,15665,0,0
3099,2022-06-23,45459.16456385069,0.0,45459.16456385069,15665,15250,15845,15250,0.0,15250,0,0
3100,2022-06-24,45459.16456385069,0.0,45459.16456385069,15285,15560,15605,15185,0.0,15560,0,0
3101,2022-06-27,45459.16456385069,0.0,45459.16456385069,15620,15715,15740,15480,0.0,15715,0,0
3102,2022-06-28,45459.16456385069,0.0,45459.16456385069,15775,16040,16090,15750,0.0,16040,0,0
3103,2022-06-29,45459.16456385069,0.0,45459.16456385069,15815,15700,15965,15670,0.0,15700,0,0
3104,2022-06-30,45459.16456385069,0.0,45459.16456385069,15695,15120,15695,15120,0.0,15120,0,0
3105,2022-07-01,45459.16456385069,0.0,45459.16456385069,15145,14785,15325,14695,0.0,14785,0,0
3106,2022-07-04,45459.16456385069,0.0,45459.16456385069,14795,14565,14800,14355,0.0,14565,0,0
3107,2022-07-05,45459.16456385069,0.0,45459.16456385069,14630,14985,15005,14610,0.0,14985,0,0
3108,2022-07-06,45459.16456385069,0.0,45459.16456385069,14665,14250,14665,14220,0.0,14250,0,0
3109,2022-07-07,45459.16456385069,0.0,45459.16456385069,14370,14480,14570,14315,0.0,14480,0,0
3110,2022-07-08,45459.16456385069,0.0,45459.16456385069,14830,14620,14875,14620,0.0,14620,0,0
3111,2022-07-11,45459.16456385069,0.0,45459.16456385069,14620,14315,14620,14240,0.0,14315,0,0
3112,2022-07-12,45459.16456385069,0.0,45459.16456385069,14245,13975,14260,13885,0.0,13975,0,0
3113,2022-07-13,45459.16456385069,0.0,45459.16456385069,13945,14045,14045,13755,0.0,14045,0,0
3114,2022-07-14,45459.16456385069,0.0,45459.16456385069,14035,14215,14300,13970,0.0,14215,0,0
3115,2022-07-15,45459.16456385069,0.0,45459.16456385069,14230,14000,14230,13800,0.0,14000,0,0
3116,2022-07-18,45459.16456385069,0.0,45459.16456385069,14130,14200,14205,13950,0.0,14200,0,0
3117,2022-07-19,45459.16456385069,0.0,45459.16456385069,14260,14390,14390,14260,0.0,14390,0,0
3118,2022-07-20,45459.16456385069,0.0,45459.16456385069,14630,14600,14715,14505,0.0,14600,0,0
3119,2022-07-21,45459.16456385069,0.0,45459.16456385069,14635,14835,14855,14620,0.0,14835,0,0
3120,2022-07-22,45459.16456385069,0.0,45459.16456385069,14795,14695,14945,14660,0.0,14695,0,0
3121,2022-07-25,45459.16456385069,0.0,45459.16456385069,14615,14760,14810,14560,0.0,14760,0,0
3122,2022-07-26,45459.16456385069,0.0,45459.16456385069,14760,14890,14900,14630,0.0,14890,0,0
3123,2022-07-27,45459.16456385069,0.0,45459.16456385069,14870,14855,14875,14760,0.0,14855,0,0
3124,2022-07-28,45459.16456385069,0.0,45459.16456385069,15095,15310,15310,14910,0.0,15310,0,0
3125,2022-07-29,124.51456385068741,45333.0,45457.51456385069,15425,15525,15580,15425,1.0,15525,0,0
3126,2022-08-01,124.51456385068741,45858.6,45983.114563850686,15660,15705,15860,15605,0.0,15705,0,0
3127,2022-08-02,124.51456385068741,45333.0,45457.51456385069,15705,15525,15705,15440,0.0,15525,0,0
3128,2022-08-03,124.51456385068741,45712.6,45837.114563850686,15510,15655,15655,15390,0.0,15655,0,0
3129,2022-08-04,124.51456385068741,45274.6,45399.114563850686,15690,15505,15690,15470,0.0,15505,0,0
3130,2022-08-05,124.51456385068741,46311.2,46435.714563850684,15540,15860,15910,15540,0.0,15860,0,0
3131,2022-08-08,124.51456385068741,46822.2,46946.714563850684,15850,16035,16035,15770,0.0,16035,0,0
3132,2022-08-09,124.51456385068741,46968.2,47092.714563850684,16105,16085,16165,15945,0.0,16085,0,0
3133,2022-08-10,124.51456385068741,46603.2,46727.714563850684,16045,15960,16190,15940,0.0,15960,0,0
3134,2022-08-11,124.51456385068741,47742.0,47866.51456385069,16145,16350,16375,16145,0.0,16350,0,0
3135,2022-08-12,124.51456385068741,48063.2,48187.714563850684,16360,16460,16465,16280,0.0,16460,0,0
3136,2022-08-16,124.51456385068741,48559.6,48684.114563850686,16540,16630,16790,16505,0.0,16630,0,0
3137,2022-08-17,124.51456385068741,48428.2,48552.714563850684,16635,16585,16805,16535,0.0,16585,0,0
3138,2022-08-18,124.51456385068741,48369.799999999996,48494.31456385068,16480,16565,16605,16445,0.0,16565,0,0
3139,2022-08-19,124.51456385068741,47493.799999999996,47618.31456385068,16600,16265,16650,16265,0.0,16265,0,0
3140,2022-08-22,124.51456385068741,47187.2,47311.714563850684,16135,16160,16315,16015,0.0,16160,0,0
3141,2022-08-23,124.51456385068741,46939.0,47063.51456385069,16085,16075,16235,16030,0.0,16075,0,0
3142,2022-08-24,124.51456385068741,47581.4,47705.91456385069,16185,16295,16385,16055,0.0,16295,0,0
3143,2022-08-25,124.51456385068741,47785.799999999996,47910.31456385068,16405,16365,16410,16280,0.0,16365,0,0
3144,2022-08-26,124.51456385068741,47727.4,47851.91456385069,16385,16345,16540,16345,0.0,16345,0,0
3145,2022-08-29,124.51456385068741,46588.6,46713.114563850686,15865,15955,16080,15865,0.0,15955,0,0
3146,2022-08-30,124.51456385068741,46939.0,47063.51456385069,16145,16075,16180,15880,0.0,16075,0,0
3147,2022-08-31,124.51456385068741,47026.6,47151.114563850686,15855,16105,16145,15745,0.0,16105,0,0
3148,2022-09-01,124.51456385068741,45712.6,45837.114563850686,15960,15655,15960,15655,0.0,15655,0,0
3149,2022-09-02,124.51456385068741,45522.799999999996,45647.31456385068,15750,15590,15750,15525,0.0,15590,0,0
3150,2022-09-05,45645.65771602188,0.0,45645.65771602188,15590,15600,15760,15525,-1.0,15600,0,0
3151,2022-09-06,45645.65771602188,0.0,45645.65771602188,15675,15885,15925,15675,0.0,15885,0,0
3152,2022-09-07,45645.65771602188,0.0,45645.65771602188,15795,15680,15795,15630,0.0,15680,0,0
3153,2022-09-08,45645.65771602188,0.0,45645.65771602188,15785,15955,15960,15785,0.0,15955,0,0
3154,2022-09-13,51.74771602187684,45592.25,45643.99771602188,16200,16225,16225,16015,1.0,16225,0,0
3155,2022-09-14,51.74771602187684,45044.3,45096.04771602188,15770,16030,16095,15770,0.0,16030,0,0
3156,2022-09-15,51.74771602187684,45423.65,45475.39771602188,16060,16165,16270,16060,0.0,16165,0,0
3157,2022-09-16,44855.56697686368,0.0,44855.56697686368,15945,15625,15955,15580,-1.0,15625,0,0
3158,2022-09-19,44855.56697686368,0.0,44855.56697686368,15620,15370,15660,15310,0.0,15370,0,0
3159,2022-09-20,44855.56697686368,0.0,44855.56697686368,15445,15340,15575,15295,0.0,15340,0,0
3160,2022-09-21,44855.56697686368,0.0,44855.56697686368,15235,15220,15305,15130,0.0,15220,0,0
3161,2022-09-22,44855.56697686368,0.0,44855.56697686368,15000,15250,15250,14920,0.0,15250,0,0
3162,2022-09-23,44855.56697686368,0.0,44855.56697686368,15190,14715,15190,14625,0.0,14715,0,0
3163,2022-09-26,44855.56697686368,0.0,44855.56697686368,14370,13940,14370,13905,0.0,13940,0,0
3164,2022-09-27,44855.56697686368,0.0,44855.56697686368,13895,13900,13965,13640,0.0,13900,0,0
3165,2022-09-28,44855.56697686368,0.0,44855.56697686368,13785,13375,13840,13305,0.0,13375,0,0
3166,2022-09-29,44855.56697686368,0.0,44855.56697686368,13585,13340,13775,13340,0.0,13340,0,0
3167,2022-09-30,44855.56697686368,0.0,44855.56697686368,13220,13205,13395,13145,0.0,13205,0,0
3168,2022-10-04,44855.56697686368,0.0,44855.56697686368,13465,13755,13755,13450,0.0,13755,0,0
3169,2022-10-05,44855.56697686368,0.0,44855.56697686368,14005,13835,14050,13720,0.0,13835,0,0
3170,2022-10-06,44855.56697686368,0.0,44855.56697686368,13920,14045,14085,13825,0.0,14045,0,0
3171,2022-10-07,44855.56697686368,0.0,44855.56697686368,13840,14110,14220,13840,0.0,14110,0,0
3172,2022-10-11,44855.56697686368,0.0,44855.56697686368,13800,13910,13915,13780,0.0,13910,0,0
3173,2022-10-12,44855.56697686368,0.0,44855.56697686368,13785,14125,14125,13730,0.0,14125,0,0
3174,2022-10-13,44855.56697686368,0.0,44855.56697686368,14105,13680,14105,13680,0.0,13680,0,0
3175,2022-10-14,44855.56697686368,0.0,44855.56697686368,13910,14070,14200,13910,0.0,14070,0,0
3176,2022-10-17,44855.56697686368,0.0,44855.56697686368,13770,14195,14195,13760,0.0,14195,0,0
3177,2022-10-18,44855.56697686368,0.0,44855.56697686368,14420,14600,14600,14310,0.0,14600,0,0
3178,2022-10-19,44855.56697686368,0.0,44855.56697686368,14460,14610,14805,14430,0.0,14610,0,0
3179,2022-10-20,44855.56697686368,0.0,44855.56697686368,14535,14240,14535,14100,0.0,14240,0,0
3180,2022-10-21,44855.56697686368,0.0,44855.56697686368,14260,14115,14270,14015,0.0,14115,0,0
3181,2022-10-24,44855.56697686368,0.0,44855.56697686368,14340,14130,14440,14095,0.0,14130,0,0
3182,2022-10-25,44855.56697686368,0.0,44855.56697686368,14095,13860,14095,13825,0.0,13860,0,0
3183,2022-10-26,44855.56697686368,0.0,44855.56697686368,13910,13935,14070,13880,0.0,13935,0,0
3184,2022-10-27,44855.56697686368,0.0,44855.56697686368,14065,14615,14615,14065,0.0,14615,0,0
3185,2022-10-28,44855.56697686368,0.0,44855.56697686368,14505,14570,14775,14505,0.0,14570,0,0
3186,2022-10-31,44855.56697686368,0.0,44855.56697686368,14805,14655,14805,14510,0.0,14655,0,0
3187,2022-11-01,90.33697686367668,44763.6,44853.936976863675,14750,15330,15370,14750,1.0,15330,0,0
3188,2022-11-02,90.33697686367668,44617.6,44707.936976863675,15305,15280,15530,15190,0.0,15280,0,0
3189,2022-11-03,90.33697686367668,44938.799999999996,45029.13697686367,14960,15390,15465,14960,0.0,15390,0,0
3190,2022-11-04,90.33697686367668,44690.6,44780.936976863675,15345,15305,15400,15160,0.0,15305,0,0
3191,2022-11-07,90.33697686367668,45449.799999999996,45540.13697686367,15385,15565,15565,15375,0.0,15565,0,0
3192,2022-11-08,90.33697686367668,45537.4,45627.73697686368,15610,15595,15715,15335,0.0,15595,0,0
3193,2022-11-09,90.33697686367668,46194.4,46284.73697686368,15620,15820,15820,15550,0.0,15820,0,0
3194,2022-11-10,90.33697686367668,45493.6,45583.936976863675,15575,15580,15840,15575,0.0,15580,0,0
3195,2022-11-11,90.33697686367668,46939.0,47029.33697686368,16140,16075,16160,15900,0.0,16075,0,0
3196,2022-11-14,90.33697686367668,47070.4,47160.73697686368,16160,16120,16340,16120,0.0,16120,0,0
3197,2022-11-15,90.33697686367668,47026.6,47116.936976863675,16170,16105,16215,16000,0.0,16105,0,0
3198,2022-11-16,90.33697686367668,46836.799999999996,46927.13697686367,16065,16040,16070,15785,0.0,16040,0,0
3199,2022-11-17,90.33697686367668,45960.799999999996,46051.13697686367,15960,15740,15995,15740,0.0,15740,0,0
3200,2022-11-18,90.33697686367668,45785.6,45875.936976863675,15740,15680,15960,15665,0.0,15680,0,0
3201,2022-11-21,90.33697686367668,45289.2,45379.536976863674,15655,15510,15655,15385,0.0,15510,0,0
3202,2022-11-22,90.33697686367668,44982.6,45072.936976863675,15435,15405,15685,15380,0.0,15405,0,0
3203,2022-11-23,90.33697686367668,45712.6,45802.936976863675,15530,15655,15735,15510,0.0,15655,0,0
3204,2022-11-24,90.33697686367668,46632.4,46722.73697686368,15825,15970,15970,15755,0.0,15970,0,0
3205,2022-11-25,90.33697686367668,46778.4,46868.73697686368,15970,16020,16150,15930,0.0,16020,0,0
3206,2022-11-28,90.33697686367668,46136.0,46226.33697686368,15980,15800,15995,15770,0.0,15800,0,0
3207,2022-11-29,90.33697686367668,46617.799999999996,46708.13697686367,15750,15965,15990,15690,0.0,15965,0,0
3208,2022-11-30,90.33697686367668,46982.799999999996,47073.13697686367,15890,16090,16115,15750,0.0,16090,0,0
3209,2022-12-01,90.33697686367668,46778.4,46868.73697686368,16310,16020,16340,16015,0.0,16020,0,0
3210,2022-12-02,90.33697686367668,45873.2,45963.536976863674,16015,15710,16015,15710,0.0,15710,0,0
3211,2022-12-05,90.33697686367668,45654.2,45744.536976863674,15710,15635,15765,15570,0.0,15635,0,0
3212,2022-12-06,90.33697686367668,44938.799999999996,45029.13697686367,15460,15390,15590,15330,0.0,15390,0,0
3213,2022-12-07,90.33697686367668,44530.0,44620.33697686368,15245,15250,15445,15245,0.0,15250,0,0
3214,2022-12-08,44501.92051403647,0.0,44501.92051403647,15210,15145,15265,15025,-1.0,15145,0,0
3215,2022-12-09,44501.92051403647,0.0,44501.92051403647,15190,14890,15190,14845,0.0,14890,0,0
3216,2022-12-12,44501.92051403647,0.0,44501.92051403647,14790,14925,14945,14785,0.0,14925,0,0
3217,2022-12-13,44501.92051403647,0.0,44501.92051403647,14925,14890,15000,14820,0.0,14890,0,0
3218,2022-12-14,44501.92051403647,0.0,44501.92051403647,14995,15270,15270,14990,0.0,15270,0,0
3219,2022-12-15,44501.92051403647,0.0,44501.92051403647,15140,15030,15275,15020,0.0,15030,0,0
3220,2022-12-16,44501.92051403647,0.0,44501.92051403647,14750,14955,14960,14735,0.0,14955,0,0
3221,2022-12-19,44501.92051403647,0.0,44501.92051403647,14885,14850,14900,14770,0.0,14850,0,0
3222,2022-12-20,44501.92051403647,0.0,44501.92051403647,14800,14645,14820,14600,0.0,14645,0,0
3223,2022-12-21,44501.92051403647,0.0,44501.92051403647,14695,14560,14705,14545,0.0,14560,0,0
3224,2022-12-22,44501.92051403647,0.0,44501.92051403647,14595,14795,14830,14595,0.0,14795,0,0
3225,2022-12-23,44501.92051403647,0.0,44501.92051403647,14645,14465,14665,14440,0.0,14465,0,0
3226,2022-12-26,44501.92051403647,0.0,44501.92051403647,14470,14595,14615,14400,0.0,14595,0,0
3227,2022-12-27,44501.92051403647,0.0,44501.92051403647,14595,14685,14750,14565,0.0,14685,0,0
3228,2022-12-28,44501.92051403647,0.0,44501.92051403647,14685,14430,14685,14410,0.0,14430,0,0
3229,2022-12-29,44501.92051403647,0.0,44501.92051403647,14430,14140,14430,14105,0.0,14140,0,0
3230,2023-01-02,44501.92051403647,0.0,44501.92051403647,14140,14050,14380,14040,0.0,14050,0,0
3231,2023-01-03,44501.92051403647,0.0,44501.92051403647,14145,14015,14145,13725,0.0,14015,0,0
3232,2023-01-04,44501.92051403647,0.0,44501.92051403647,13940,13960,14020,13650,0.0,13960,0,0
3233,2023-01-05,44501.92051403647,0.0,44501.92051403647,14095,13820,14095,13760,0.0,13820,0,0
3234,2023-01-06,44501.92051403647,0.0,44501.92051403647,13805,14040,14075,13680,0.0,14040,0,0
3235,2023-01-09,44501.92051403647,0.0,44501.92051403647,14110,14490,14500,14110,0.0,14490,0,0
3236,2023-01-10,44501.92051403647,0.0,44501.92051403647,14455,14530,14670,14455,0.0,14530,0,0
3237,2023-01-11,44501.92051403647,0.0,44501.92051403647,14535,14810,14850,14535,0.0,14810,0,0
3238,2023-01-12,44501.92051403647,0.0,44501.92051403647,14940,14965,14990,14885,0.0,14965,0,0
3239,2023-01-13,44501.92051403647,0.0,44501.92051403647,14935,15050,15130,14935,0.0,15050,0,0
3240,2023-01-16,132.31051403647143,44368.0,44500.31051403647,15145,15040,15150,14980,1.0,15040,0,0
3241,2023-01-17,132.31051403647143,43955.0,44087.31051403647,14970,14900,15090,14865,0.0,14900,0,0
3242,2023-01-18,132.31051403647143,43571.5,43703.81051403647,14940,14770,14940,14735,0.0,14770,0,0
3243,2023-01-19,132.31051403647143,43822.25,43954.56051403647,14700,14855,14860,14700,0.0,14855,0,0
3244,2023-01-20,132.31051403647143,44087.75,44220.06051403647,14780,14945,14950,14740,0.0,14945,0,0
3245,2023-01-25,132.31051403647143,44987.5,45119.81051403647,15065,15250,15290,15065,0.0,15250,0,0
3246,2023-01-26,132.31051403647143,46049.5,46181.81051403647,15150,15610,15610,15140,0.0,15610,0,0
3247,2023-01-27,132.31051403647143,46270.75,46403.06051403647,15670,15685,15800,15525,0.0,15685,0,0
3248,2023-01-30,132.31051403647143,45695.5,45827.81051403647,15620,15490,15765,15425,0.0,15490,0,0
3249,2023-01-31,132.31051403647143,45636.5,45768.81051403647,15360,15470,15595,15360,0.0,15470,0,0
3250,2023-02-01,132.31051403647143,46285.5,46417.81051403647,15420,15690,15690,15420,0.0,15690,0,0
3251,2023-02-02,132.31051403647143,46595.25,46727.56051403647,15795,15795,15950,15720,0.0,15795,0,0
3252,2023-02-03,132.31051403647143,46359.25,46491.56051403647,15630,15715,15730,15565,0.0,15715,0,0
3253,2023-02-06,132.31051403647143,46256.0,46388.31051403647,15510,15680,15855,15510,0.0,15680,0,0
3254,2023-02-07,132.31051403647143,46787.0,46919.31051403647,15590,15860,15970,15590,0.0,15860,0,0
3255,2023-02-08,132.31051403647143,46816.5,46948.81051403647,15885,15870,15965,15850,0.0,15870,0,0
3256,2023-02-09,132.31051403647143,47436.0,47568.31051403647,15835,16080,16170,15790,0.0,16080,0,0
3257,2023-02-10,132.31051403647143,46934.5,47066.81051403647,15945,15910,16030,15855,0.0,15910,0,0
3258,2023-02-13,132.31051403647143,47244.25,47376.56051403647,15910,16015,16080,15875,0.0,16015,0,0
3259,2023-02-14,132.31051403647143,47185.25,47317.56051403647,16025,15995,16100,15875,0.0,15995,0,0
3260,2023-02-15,132.31051403647143,46359.25,46491.56051403647,15995,15715,15995,15685,0.0,15715,0,0
3261,2023-02-16,132.31051403647143,48276.75,48409.06051403647,15965,16365,16395,15875,0.0,16365,0,0
3262,2023-02-17,132.31051403647143,47613.0,47745.31051403647,16195,16140,16345,16100,0.0,16140,0,0
3263,2023-02-20,132.31051403647143,47450.75,47583.06051403647,16140,16085,16140,15895,0.0,16085,0,0
3264,2023-02-21,132.31051403647143,48630.75,48763.06051403647,16070,16485,16485,16070,0.0,16485,0,0
3265,2023-02-22,132.31051403647143,47465.5,47597.81051403647,16160,16090,16330,16020,0.0,16090,0,0
3266,2023-02-23,132.31051403647143,47362.25,47494.56051403647,16040,16055,16175,15880,0.0,16055,0,0
3267,2023-02-24,132.31051403647143,47052.5,47184.81051403647,16055,15950,16200,15950,0.0,15950,0,0
3268,2023-02-27,132.31051403647143,47126.25,47258.56051403647,15805,15975,16020,15720,0.0,15975,0,0
3269,2023-02-28,132.31051403647143,47436.0,47568.31051403647,15955,16080,16210,15955,0.0,16080,0,0
3270,2023-03-02,132.31051403647143,48217.75,48350.06051403647,16160,16345,16500,16160,0.0,16345,0,0
3271,2023-03-03,132.31051403647143,49383.0,49515.31051403647,16440,16740,16740,16440,0.0,16740,0,0
3272,2023-03-06,132.31051403647143,50135.25,50267.56051403647,16935,16995,17000,16740,0.0,16995,0,0
3273,2023-03-07,132.31051403647143,50341.75,50474.06051403647,16995,17065,17270,16895,0.0,17065,0,0
3274,2023-03-08,132.31051403647143,49574.75,49707.06051403647,16775,16805,16985,16730,0.0,16805,0,0
3275,2023-03-09,132.31051403647143,48999.5,49131.81051403647,16830,16610,16895,16485,0.0,16610,0,0
3276,2023-03-10,132.31051403647143,48483.25,48615.56051403647,16430,16435,16560,16215,0.0,16435,0,0
3277,2023-03-13,132.31051403647143,49692.75,49825.06051403647,16340,16845,16845,16340,0.0,16845,0,0
3278,2023-03-14,132.31051403647143,48512.75,48645.06051403647,16685,16445,16835,16350,0.0,16445,0,0
3279,2023-03-15,132.31051403647143,49869.75,50002.06051403647,16730,16905,17000,16685,0.0,16905,0,0
3280,2023-03-16,132.31051403647143,49545.25,49677.56051403647,16905,16795,16905,16550,0.0,16795,0,0
3281,2023-03-17,132.31051403647143,48512.75,48645.06051403647,17075,16445,17075,16370,0.0,16445,0,0
3282,2023-03-20,132.31051403647143,48306.25,48438.56051403647,16245,16375,16615,16190,0.0,16375,0,0
3283,2023-03-21,132.31051403647143,48498.0,48630.31051403647,16435,16440,16520,16345,0.0,16440,0,0
3284,2023-03-22,132.31051403647143,49678.0,49810.31051403647,16575,16840,16865,16575,0.0,16840,0,0
3285,2023-03-23,132.31051403647143,49781.25,49913.56051403647,16675,16875,17165,16635,0.0,16875,0,0
3286,2023-03-24,132.31051403647143,49397.75,49530.06051403647,16970,16745,17000,16540,0.0,16745,0,0
3287,2023-03-27,132.31051403647143,49692.75,49825.06051403647,16760,16845,16970,16730,0.0,16845,0,0
3288,2023-03-28,132.31051403647143,49943.5,50075.81051403647,16845,16930,16960,16695,0.0,16930,0,0
3289,2023-03-29,132.31051403647143,51403.75,51536.06051403647,16930,17425,17425,16930,0.0,17425,0,0
3290,2023-03-30,132.31051403647143,52451.0,52583.31051403647,17425,17780,17945,17335,0.0,17780,0,0
3291,2023-03-31,132.31051403647143,52701.75,52834.06051403647,17695,17865,17950,17645,0.0,17865,0,0
3292,2023-04-03,132.31051403647143,52539.5,52671.81051403647,17960,17810,18000,17770,0.0,17810,0,0
3293,2023-04-04,132.31051403647143,52362.5,52494.81051403647,17985,17750,18220,17720,0.0,17750,0,0
3294,2023-04-05,132.31051403647143,52982.0,53114.31051403647,17725,17960,17965,17725,0.0,17960,0,0
3295,2023-04-06,132.31051403647143,52362.5,52494.81051403647,17805,17750,17960,17690,0.0,17750,0,0
3296,2023-04-07,132.31051403647143,53852.25,53984.56051403647,17755,18255,18255,17750,0.0,18255,0,0
3297,2023-04-10,132.31051403647143,57082.5,57214.81051403647,18395,19350,19490,18395,0.0,19350,0,0
3298,2023-04-11,132.31051403647143,58734.5,58866.81051403647,19650,19910,20110,19370,0.0,19910,0,0
3299,2023-04-12,132.31051403647143,55873.0,56005.31051403647,19775,18940,19850,18910,0.0,18940,0,0
3300,2023-04-13,132.31051403647143,55740.25,55872.56051403647,18630,18895,19175,18345,0.0,18895,0,0
3301,2023-04-14,132.31051403647143,56079.5,56211.81051403647,19110,19010,19245,18735,0.0,19010,0,0
3302,2023-04-17,132.31051403647143,56168.0,56300.31051403647,18885,19040,19150,18010,0.0,19040,0,0
3303,2023-04-18,132.31051403647143,56699.0,56831.31051403647,19120,19220,19250,18940,0.0,19220,0,0
3304,2023-04-19,132.31051403647143,55858.25,55990.56051403647,19245,18935,19245,18935,0.0,18935,0,0
3305,2023-04-20,132.31051403647143,55091.25,55223.56051403647,18750,18675,18970,18615,0.0,18675,0,0
3306,2023-04-21,132.31051403647143,54103.0,54235.31051403647,18645,18340,18645,18225,0.0,18340,0,0
3307,2023-04-24,132.31051403647143,54132.5,54264.81051403647,18225,18350,18600,18225,0.0,18350,0,0
3308,2023-04-25,132.31051403647143,53055.75,53188.06051403647,18360,17985,18460,17785,0.0,17985,0,0
3309,2023-04-26,132.31051403647143,52554.25,52686.56051403647,17900,17815,18100,17810,0.0,17815,0,0
3310,2023-04-27,132.31051403647143,53527.75,53660.06051403647,17600,18145,18200,17470,0.0,18145,0,0
3311,2023-04-28,132.31051403647143,53409.75,53542.06051403647,18395,18105,18585,17945,0.0,18105,0,0
3312,2023-05-02,132.31051403647143,54058.75,54191.06051403647,18230,18325,18550,18170,0.0,18325,0,0
3313,2023-05-03,132.31051403647143,52495.25,52627.56051403647,18320,17795,18320,17795,0.0,17795,0,0
3314,2023-05-04,52625.64989691747,0.0,52625.64989691747,17795,17930,18010,17650,-1.0,17930,0,0
3315,2023-05-08,52625.64989691747,0.0,52625.64989691747,18045,17830,18225,17830,0.0,17830,0,0
3316,2023-05-09,52625.64989691747,0.0,52625.64989691747,17830,17665,17920,17455,0.0,17665,0,0
3317,2023-05-10,52625.64989691747,0.0,52625.64989691747,17595,17355,17675,17215,0.0,17355,0,0
3318,2023-05-11,52625.64989691747,0.0,52625.64989691747,17360,17095,17570,17030,0.0,17095,0,0
3319,2023-05-12,52625.64989691747,0.0,52625.64989691747,17025,16955,17095,16905,0.0,16955,0,0
3320,2023-05-15,52625.64989691747,0.0,52625.64989691747,16865,16805,16865,16595,0.0,16805,0,0
3321,2023-05-16,52625.64989691747,0.0,52625.64989691747,16995,16975,17130,16860,0.0,16975,0,0
3322,2023-05-17,52625.64989691747,0.0,52625.64989691747,16975,17340,17380,16930,0.0,17340,0,0
3323,2023-05-18,52625.64989691747,0.0,52625.64989691747,17380,17315,17450,17270,0.0,17315,0,0
3324,2023-05-19,52625.64989691747,0.0,52625.64989691747,17300,17080,17450,17080,0.0,17080,0,0
3325,2023-05-22,52625.64989691747,0.0,52625.64989691747,17005,17395,17460,17005,0.0,17395,0,0
3326,2023-05-23,52625.64989691747,0.0,52625.64989691747,17425,17585,17840,17425,0.0,17585,0,0
3327,2023-05-24,52625.64989691747,0.0,52625.64989691747,17590,17620,17685,17525,0.0,17620,0,0
3328,2023-05-25,52625.64989691747,0.0,52625.64989691747,17635,17385,17635,17365,0.0,17385,0,0
3329,2023-05-26,52625.64989691747,0.0,52625.64989691747,17385,17255,17435,17130,0.0,17255,0,0
3330,2023-05-30,52625.64989691747,0.0,52625.64989691747,17305,17360,17445,17235,0.0,17360,0,0
3331,2023-05-31,52625.64989691747,0.0,52625.64989691747,17270,17265,17485,17265,0.0,17265,0,0
3332,2023-06-01,52625.64989691747,0.0,52625.64989691747,17285,17350,17490,17275,0.0,17350,0,0
3333,2023-06-02,52625.64989691747,0.0,52625.64989691747,17340,17830,17835,17340,0.0,17830,0,0
3334,2023-06-05,52625.64989691747,0.0,52625.64989691747,17865,17985,18040,17860,0.0,17985,0,0
3335,2023-06-07,157.63989691746974,52466.1,52623.73989691747,17985,18605,18640,17985,1.0,18605,0,0
3336,2023-06-08,157.63989691746974,52198.2,52355.83989691747,18520,18510,18850,18410,0.0,18510,0,0
3337,2023-06-09,157.63989691746974,52860.899999999994,53018.539896917464,18700,18745,18835,18610,0.0,18745,0,0
3338,2023-06-12,157.63989691746974,52846.799999999996,53004.439896917465,18750,18740,18900,18690,0.0,18740,0,0
3339,2023-06-13,157.63989691746974,53213.399999999994,53371.039896917464,18825,18870,18980,18710,0.0,18870,0,0
3340,2023-06-14,157.63989691746974,51648.299999999996,51805.939896917465,18940,18315,19165,18265,0.0,18315,0,0
3341,2023-06-15,157.63989691746974,51902.1,52059.73989691747,18410,18405,18675,18200,0.0,18405,0,0
3342,2023-06-16,157.63989691746974,52832.7,52990.33989691747,18475,18735,18735,18415,0.0,18735,0,0
3343,2023-06-19,157.63989691746974,53580.0,53737.63989691747,18660,19000,19035,18570,0.0,19000,0,0
3344,2023-06-20,157.63989691746974,53283.899999999994,53441.539896917464,18880,18895,19195,18845,0.0,18895,0,0
3345,2023-06-21,157.63989691746974,52409.7,52567.33989691747,18815,18585,18885,18565,0.0,18585,0,0
3346,2023-06-22,157.63989691746974,52734.0,52891.63989691747,18460,18700,18720,18435,0.0,18700,0,0
3347,2023-06-23,157.63989691746974,51972.6,52130.23989691747,18700,18430,18840,18430,0.0,18430,0,0
3348,2023-06-26,157.63989691746974,51521.399999999994,51679.039896917464,18350,18270,18360,18245,0.0,18270,0,0
3349,2023-06-27,157.63989691746974,50971.5,51129.13989691747,18175,18075,18265,17950,0.0,18075,0,0
3350,2023-06-28,157.63989691746974,49335.899999999994,49493.539896917464,18145,17495,18145,17495,0.0,17495,0,0
3351,2023-06-29,49759.634517012666,0.0,49759.634517012666,17590,17410,17765,17410,-1.0,17410,0,0
3352,2023-06-30,49759.634517012666,0.0,49759.634517012666,17430,17755,17820,17405,0.0,17755,0,0
3353,2023-07-03,49759.634517012666,0.0,49759.634517012666,17885,18705,18810,17885,0.0,18705,0,0
3354,2023-07-04,46.624517012664,49711.2,49757.82451701266,18900,18480,18900,18325,1.0,18480,0,0
3355,2023-07-05,46.624517012664,50303.0,50349.624517012664,18480,18700,18815,18420,0.0,18700,0,0
3356,2023-07-06,46.624517012664,49442.2,49488.82451701266,18650,18380,18740,18365,0.0,18380,0,0
3357,2023-07-07,46.624517012664,49630.5,49677.124517012664,18430,18450,18475,18180,0.0,18450,0,0
3358,2023-07-10,46.624517012664,49536.35,49582.97451701266,18645,18415,18645,18295,0.0,18415,0,0
3359,2023-07-11,46.624517012664,50034.0,50080.624517012664,18395,18600,18675,18395,0.0,18600,0,0
3360,2023-07-12,46.624517012664,49657.4,49704.024517012665,18490,18460,18690,18390,0.0,18460,0,0
3361,2023-07-13,46.624517012664,50424.049999999996,50470.67451701266,18355,18745,18995,18355,0.0,18745,0,0
3362,2023-07-14,46.624517012664,51002.4,51049.024517012665,18795,18960,18960,18700,0.0,18960,0,0
3363,2023-07-17,46.624517012664,50841.0,50887.624517012664,18925,18900,19005,18830,0.0,18900,0,0
3364,2023-07-18,46.624517012664,52777.799999999996,52824.42451701266,19015,19620,19700,19015,0.0,19620,0,0
3365,2023-07-19,46.624517012664,52643.299999999996,52689.92451701266,19575,19570,19620,19360,0.0,19570,0,0
3366,2023-07-20,46.624517012664,52683.65,52730.274517012665,19570,19585,19810,19400,0.0,19585,0,0
3367,2023-07-21,46.624517012664,53383.049999999996,53429.67451701266,19105,19845,20055,19105,0.0,19845,0,0
3368,2023-07-24,46.624517012664,54808.75,54855.374517012664,19860,20375,20500,19845,0.0,20375,0,0
3369,2023-07-25,46.624517012664,56705.2,56751.82451701266,20415,21080,21220,20235,0.0,21080,0,0
3370,2023-07-26,46.624517012664,55440.9,55487.524517012665,21170,20610,22840,20115,0.0,20610,0,0
3371,2023-07-27,46.624517012664,50437.5,50484.124517012664,20385,18750,20530,18660,0.0,18750,0,0
3372,2023-07-28,46.624517012664,51849.75,51896.374517012664,18320,19275,19350,18320,0.0,19275,0,0
3373,2023-07-31,46.624517012664,54338.0,54384.624517012664,19655,20200,20350,19655,0.0,20200,0,0
3374,2023-08-01,46.624517012664,54902.9,54949.524517012665,20765,20410,21075,20025,0.0,20410,0,0
3375,2023-08-02,46.624517012664,52791.25,52837.874517012664,19950,19625,20485,19625,0.0,19625,0,0
3376,2023-08-03,46.624517012664,54136.25,54182.874517012664,19980,20125,20125,19525,0.0,20125,0,0
3377,2023-08-04,46.624517012664,53692.4,53739.024517012665,20350,19960,20350,19960,0.0,19960,0,0
3378,2023-08-07,46.624517012664,51257.95,51304.57451701266,19825,19055,19825,18880,0.0,19055,0,0
3379,2023-08-08,46.624517012664,51190.7,51237.32451701266,19055,19030,19285,18920,0.0,19030,0,0
3380,2023-08-09,46.624517012664,51984.25,52030.874517012664,18890,19325,19560,18890,0.0,19325,0,0
3381,2023-08-10,46.624517012664,52455.0,52501.624517012664,19220,19500,19670,19220,0.0,19500,0,0
3382,2023-08-11,46.624517012664,52199.45,52246.07451701266,19535,19405,19640,19295,0.0,19405,0,0
3383,2023-08-14,52190.37662393526,0.0,52190.37662393526,19385,18860,19385,18680,-1.0,18860,0,0
3384,2023-08-16,52190.37662393526,0.0,52190.37662393526,18680,18095,18775,18060,0.0,18095,0,0
3385,2023-08-17,52190.37662393526,0.0,52190.37662393526,17810,18405,18440,17750,0.0,18405,0,0
3386,2023-08-18,52190.37662393526,0.0,52190.37662393526,18115,18125,18350,18035,0.0,18125,0,0
3387,2023-08-21,52190.37662393526,0.0,52190.37662393526,18250,18570,18675,18125,0.0,18570,0,0
3388,2023-08-22,52190.37662393526,0.0,52190.37662393526,18795,18970,19105,18795,0.0,18970,0,0
3389,2023-08-23,52190.37662393526,0.0,52190.37662393526,18970,18635,18975,18490,0.0,18635,0,0
3390,2023-08-24,52190.37662393526,0.0,52190.37662393526,18705,18765,18970,18625,0.0,18765,0,0
3391,2023-08-25,52190.37662393526,0.0,52190.37662393526,18460,18720,18790,18435,0.0,18720,0,0
3392,2023-08-28,52190.37662393526,0.0,52190.37662393526,18830,18955,19020,18830,0.0,18955,0,0
3393,2023-08-29,52190.37662393526,0.0,52190.37662393526,18955,18830,18975,18735,0.0,18830,0,0
3394,2023-08-30,52190.37662393526,0.0,52190.37662393526,19075,19110,19230,19060,0.0,19110,0,0
3395,2023-08-31,52190.37662393526,0.0,52190.37662393526,19110,19115,19295,18830,0.0,19115,0,0
3396,2023-09-01,52190.37662393526,0.0,52190.37662393526,18990,18670,18990,18670,0.0,18670,0,0
3397,2023-09-04,52190.37662393526,0.0,52190.37662393526,18500,18640,18835,18485,0.0,18640,0,0
3398,2023-09-05,52190.37662393526,0.0,52190.37662393526,18670,18545,18765,18400,0.0,18545,0,0
3399,2023-09-06,52190.37662393526,0.0,52190.37662393526,18755,18260,18755,18210,0.0,18260,0,0
3400,2023-09-07,52190.37662393526,0.0,52190.37662393526,18050,17855,18255,17810,0.0,17855,0,0
3401,2023-09-08,52190.37662393526,0.0,52190.37662393526,17800,17875,17950,17660,0.0,17875,0,0
3402,2023-09-11,52190.37662393526,0.0,52190.37662393526,17825,17730,17890,17710,0.0,17730,0,0
3403,2023-09-12,52190.37662393526,0.0,52190.37662393526,17755,17465,17755,17340,0.0,17465,0,0
3404,2023-09-13,52190.37662393526,0.0,52190.37662393526,17185,16970,17450,16970,0.0,16970,0,0
3405,2023-09-14,52190.37662393526,0.0,52190.37662393526,16970,17250,17310,16970,0.0,17250,0,0
3406,2023-09-15,52190.37662393526,0.0,52190.37662393526,17175,17425,17560,17175,0.0,17425,0,0
3407,2023-09-18,52190.37662393526,0.0,52190.37662393526,17305,17500,17600,17305,0.0,17500,0,0
3408,2023-09-19,52190.37662393526,0.0,52190.37662393526,17410,17340,17525,17325,0.0,17340,0,0
3409,2023-09-20,52190.37662393526,0.0,52190.37662393526,17400,17500,17535,17295,0.0,17500,0,0
3410,2023-09-21,52190.37662393526,0.0,52190.37662393526,17495,17140,17500,17080,0.0,17140,0,0
3411,2023-09-22,52190.37662393526,0.0,52190.37662393526,17025,16985,17050,16775,0.0,16985,0,0
3412,2023-09-25,52190.37662393526,0.0,52190.37662393526,16850,16575,17125,16510,0.0,16575,0,0
3413,2023-09-26,52190.37662393526,0.0,52190.37662393526,16455,16400,16745,16395,0.0,16400,0,0
3414,2023-09-27,52190.37662393526,0.0,52190.37662393526,16035,16500,16565,16035,0.0,16500,0,0
3415,2023-10-04,52190.37662393526,0.0,52190.37662393526,16210,15680,16240,15670,0.0,15680,0,0
3416,2023-10-05,52190.37662393526,0.0,52190.37662393526,15965,15610,16050,15600,0.0,15610,0,0
3417,2023-10-06,52190.37662393526,0.0,52190.37662393526,15675,15700,15800,15595,0.0,15700,0,0
3418,2023-10-10,52190.37662393526,0.0,52190.37662393526,16010,15330,16010,15260,0.0,15330,0,0
3419,2023-10-11,52190.37662393526,0.0,52190.37662393526,15700,16010,16085,15630,0.0,16010,0,0
3420,2023-10-12,52190.37662393526,0.0,52190.37662393526,16020,16430,16545,16020,0.0,16430,0,0
3421,2023-10-13,52190.37662393526,0.0,52190.37662393526,16230,16115,16320,16095,0.0,16115,0,0
3422,2023-10-16,52190.37662393526,0.0,52190.37662393526,15855,16070,16070,15780,0.0,16070,0,0
3423,2023-10-17,52190.37662393526,0.0,52190.37662393526,16120,16125,16395,16120,0.0,16125,0,0
3424,2023-10-18,52190.37662393526,0.0,52190.37662393526,15995,15970,16085,15930,0.0,15970,0,0
3425,2023-10-19,52190.37662393526,0.0,52190.37662393526,15645,15560,15705,15505,0.0,15560,0,0
3426,2023-10-20,52190.37662393526,0.0,52190.37662393526,15300,15000,15315,14940,0.0,15000,0,0
3427,2023-10-23,52190.37662393526,0.0,52190.37662393526,14970,14805,15015,14740,0.0,14805,0,0
3428,2023-10-24,52190.37662393526,0.0,52190.37662393526,14860,15100,15100,14360,0.0,15100,0,0
3429,2023-10-25,52190.37662393526,0.0,52190.37662393526,15150,14585,15150,14585,0.0,14585,0,0
3430,2023-10-26,52190.37662393526,0.0,52190.37662393526,14200,13750,14205,13670,0.0,13750,0,0
3431,2023-10-27,52190.37662393526,0.0,52190.37662393526,13800,13955,14240,13760,0.0,13955,0,0
3432,2023-10-30,52190.37662393526,0.0,52190.37662393526,13730,14365,14405,13730,0.0,14365,0,0
3433,2023-10-31,52190.37662393526,0.0,52190.37662393526,14320,13905,14320,13830,0.0,13905,0,0
3434,2023-11-01,52190.37662393526,0.0,52190.37662393526,14120,13820,14240,13765,0.0,13820,0,0
3435,2023-11-02,52190.37662393526,0.0,52190.37662393526,13995,14460,14460,13995,0.0,14460,0,0
3436,2023-11-03,52190.37662393526,0.0,52190.37662393526,14745,14705,14865,14540,0.0,14705,0,0
3437,2023-11-06,52190.37662393526,0.0,52190.37662393526,15500,16505,16530,15330,0.0,16505,0,0
3438,2023-11-07,52190.37662393526,0.0,52190.37662393526,16480,16100,16740,15640,0.0,16100,0,0
3439,2023-11-08,52190.37662393526,0.0,52190.37662393526,15855,15425,16165,15390,0.0,15425,0,0
3440,2023-11-09,52190.37662393526,0.0,52190.37662393526,15330,15305,15480,15095,0.0,15305,0,0
3441,2023-11-10,52190.37662393526,0.0,52190.37662393526,15000,14840,15020,14785,0.0,14840,0,0
3442,2023-11-13,52190.37662393526,0.0,52190.37662393526,15140,14800,15140,14755,0.0,14800,0,0
3443,2023-11-14,52190.37662393526,0.0,52190.37662393526,15105,15220,15310,15000,0.0,15220,0,0
3444,2023-11-15,52190.37662393526,0.0,52190.37662393526,15725,15575,15945,15420,0.0,15575,0,0
3445,2023-11-16,52190.37662393526,0.0,52190.37662393526,15645,15420,15645,15415,0.0,15420,0,0
3446,2023-11-17,52190.37662393526,0.0,52190.37662393526,15340,15230,15340,15135,0.0,15230,0,0
3447,2023-11-20,7.376623935262614,52181.1,52188.47662393526,15345,15670,15700,15275,1.0,15670,0,0
3448,2023-11-21,7.376623935262614,52547.4,52554.776623935264,16140,15780,16140,15530,0.0,15780,0,0
3449,2023-11-22,7.376623935262614,52347.6,52354.97662393526,15740,15720,15740,15555,0.0,15720,0,0
3450,2023-11-23,7.376623935262614,52630.65,52638.026623935264,15720,15805,15915,15695,0.0,15805,0,0
3451,2023-11-24,7.376623935262614,52214.4,52221.776623935264,15675,15680,15945,15675,0.0,15680,0,0
3452,2023-11-27,7.376623935262614,52031.25,52038.62662393526,15660,15625,15910,15615,0.0,15625,0,0
3453,2023-11-28,7.376623935262614,52580.700000000004,52588.07662393527,15700,15790,16000,15700,0.0,15790,0,0
3454,2023-11-29,7.376623935262614,52747.200000000004,52754.57662393527,15770,15840,15890,15610,0.0,15840,0,0
3455,2023-11-30,7.376623935262614,53280.0,53287.37662393526,15840,16000,16000,15840,0.0,16000,0,0
3456,2023-12-01,7.376623935262614,52330.950000000004,52338.32662393527,16000,15715,16000,15635,0.0,15715,0,0
3457,2023-12-04,7.376623935262614,51465.15,51472.526623935264,15815,15455,15815,15405,0.0,15455,0,0
3458,2023-12-05,7.376623935262614,51132.15,51139.526623935264,15455,15355,15525,15260,0.0,15355,0,0
3459,2023-12-06,7.376623935262614,51032.25,51039.62662393526,15355,15325,15450,15295,0.0,15325,0,0
3460,2023-12-07,7.376623935262614,50849.1,50856.47662393526,15355,15270,15355,15085,0.0,15270,0,0
3461,2023-12-08,7.376623935262614,51748.200000000004,51755.57662393527,15255,15540,15540,15255,0.0,15540,0,0
3462,2023-12-11,7.376623935262614,51565.05,51572.426623935266,15435,15485,15580,15385,0.0,15485,0,0
3463,2023-12-12,7.376623935262614,51431.85,51439.22662393526,15335,15445,15525,15335,0.0,15445,0,0
3464,2023-12-13,50837.97652608506,0.0,50837.97652608506,15265,15110,15430,15050,-1.0,15110,0,0
3465,2023-12-14,50837.97652608506,0.0,50837.97652608506,15210,15170,15360,15165,0.0,15170,0,0
3466,2023-12-15,50837.97652608506,0.0,50837.97652608506,15290,15665,15820,15290,0.0,15665,0,0
3467,2023-12-18,35.62652608506323,50800.5,50836.12652608506,15740,15975,16060,15695,1.0,15975,0,0
3468,2023-12-19,35.62652608506323,51229.8,51265.426526085066,15895,16110,16110,15860,0.0,16110,0,0
3469,2023-12-20,35.62652608506323,51897.600000000006,51933.22652608507,16320,16320,16320,16165,0.0,16320,0,0
3470,2023-12-21,35.62652608506323,51134.4,51170.026526085065,16265,16080,16265,15945,0.0,16080,0,0
3471,2023-12-22,35.62652608506323,50355.3,50390.926526085066,16250,15835,16250,15830,0.0,15835,0,0
3472,2023-12-26,35.62652608506323,49862.4,49898.026526085065,15835,15680,15835,15610,0.0,15680,0,0
3473,2023-12-27,35.62652608506323,50323.5,50359.12652608506,15660,15825,15940,15660,0.0,15825,0,0
3474,2023-12-28,35.62652608506323,50800.5,50836.12652608506,15825,15975,16005,15795,0.0,15975,0,0
3475,2024-01-02,35.62652608506323,50577.9,50613.526526085065,16000,15905,16000,15825,0.0,15905,0,0
3476,2024-01-03,35.62652608506323,49433.100000000006,49468.72652608507,15730,15545,15730,15545,0.0,15545,0,0
3477,2024-01-04,35.62652608506323,49496.700000000004,49532.32652608507,15315,15565,15650,15270,0.0,15565,0,0
3478,2024-01-05,35.62652608506323,49703.4,49739.026526085065,15465,15630,15760,15465,0.0,15630,0,0
3479,2024-01-08,35.62652608506323,49242.3,49277.926526085066,15610,15485,15675,15480,0.0,15485,0,0
3480,2024-01-09,49498.726201584665,0.0,49498.726201584665,15555,15480,15765,15480,-1.0,15480,0,0
3481,2024-01-10,49498.726201584665,0.0,49498.726201584665,15575,15345,15575,15290,0.0,15345,0,0
3482,2024-01-11,49498.726201584665,0.0,49498.726201584665,15300,15280,15450,15280,0.0,15280,0,0
3483,2024-01-12,49498.726201584665,0.0,49498.726201584665,15335,15085,15335,15060,0.0,15085,0,0
3484,2024-01-15,49498.726201584665,0.0,49498.726201584665,15180,14935,15180,14915,0.0,14935,0,0
3485,2024-01-16,49498.726201584665,0.0,49498.726201584665,15020,14815,15035,14815,0.0,14815,0,0
3486,2024-01-17,49498.726201584665,0.0,49498.726201584665,14815,14300,14815,14300,0.0,14300,0,0
3487,2024-01-18,49498.726201584665,0.0,49498.726201584665,14335,14265,14465,14200,0.0,14265,0,0
3488,2024-01-19,49498.726201584665,0.0,49498.726201584665,14300,14000,14405,13925,0.0,14000,0,0
3489,2024-01-22,49498.726201584665,0.0,49498.726201584665,14100,13510,14100,13505,0.0,13510,0,0
3490,2024-01-23,49498.726201584665,0.0,49498.726201584665,13535,13615,13715,13440,0.0,13615,0,0
3491,2024-01-24,49498.726201584665,0.0,49498.726201584665,13745,13780,13855,13515,0.0,13780,0,0
3492,2024-01-25,49498.726201584665,0.0,49498.726201584665,13825,13830,13855,13545,0.0,13830,0,0
3493,2024-01-26,49498.726201584665,0.0,49498.726201584665,13735,14105,14185,13690,0.0,14105,0,0
3494,2024-01-29,49498.726201584665,0.0,49498.726201584665,14080,14275,14305,14070,0.0,14275,0,0
3495,2024-01-30,49498.726201584665,0.0,49498.726201584665,14280,14195,14575,14165,0.0,14195,0,0
3496,2024-01-31,49498.726201584665,0.0,49498.726201584665,14065,14080,14270,14065,0.0,14080,0,0
3497,2024-02-01,49498.726201584665,0.0,49498.726201584665,14010,14435,14435,13940,0.0,14435,0,0
3498,2024-02-02,49498.726201584665,0.0,49498.726201584665,14365,14720,14770,14365,0.0,14720,0,0
3499,2024-02-05,49498.726201584665,0.0,49498.726201584665,14600,14690,14830,14460,0.0,14690,0,0
3500,2024-02-06,49498.726201584665,0.0,49498.726201584665,14510,14530,14690,14500,0.0,14530,0,0
3501,2024-02-07,49498.726201584665,0.0,49498.726201584665,14810,14815,15100,14635,0.0,14815,0,0
3502,2024-02-08,49498.726201584665,0.0,49498.726201584665,15110,15110,15180,14960,0.0,15110,0,0
3503,2024-02-13,102.12620158466598,49394.8,49496.92620158467,15160,15340,15475,15160,1.0,15340,0,0
3504,2024-02-14,102.12620158466598,48927.9,49030.02620158467,14935,15195,15250,14900,0.0,15195,0,0
3505,2024-02-15,102.12620158466598,49797.3,49899.42620158467,15245,15465,15485,15245,0.0,15465,0,0
3506,2024-02-16,102.12620158466598,50682.8,50784.92620158467,15560,15740,15870,15560,0.0,15740,0,0
3507,2024-02-19,102.12620158466598,51037.0,51139.126201584666,15740,15850,15955,15740,0.0,15850,0,0
3508,2024-02-20,102.12620158466598,50940.4,51042.52620158467,15850,15820,15850,15575,0.0,15820,0,0
3509,2024-02-21,102.12620158466598,50892.100000000006,50994.22620158467,15590,15805,15875,15590,0.0,15805,0,0
3510,2024-02-22,102.12620158466598,49974.4,50076.52620158467,15715,15520,15885,15520,0.0,15520,0,0
3511,2024-02-23,102.12620158466598,49475.3,49577.42620158467,15410,15365,15505,15300,0.0,15365,0,0
3512,2024-02-26,102.12620158466598,49330.4,49432.52620158467,15425,15320,15425,15225,0.0,15320,0,0
3513,2024-02-27,102.12620158466598,48783.0,48885.126201584666,15300,15150,15515,15150,0.0,15150,0,0
3514,2024-02-28,102.12620158466598,49346.5,49448.626201584666,15215,15325,15505,15215,0.0,15325,0,0
3515,2024-02-29,102.12620158466598,49121.100000000006,49223.22620158467,15195,15255,15325,15185,0.0,15255,0,0
3516,2024-03-04,102.12620158466598,49620.200000000004,49722.32620158467,15260,15410,15560,15260,0.0,15410,0,0
3517,2024-03-05,102.12620158466598,49427.0,49529.126201584666,15205,15350,15555,15205,0.0,15350,0,0
3518,2024-03-06,102.12620158466598,49121.100000000006,49223.22620158467,15240,15255,15485,15190,0.0,15255,0,0
3519,2024-03-07,102.12620158466598,49105.0,49207.126201584666,15255,15250,15400,15145,0.0,15250,0,0
3520,2024-03-08,102.12620158466598,49523.600000000006,49625.72620158467,15355,15380,15550,15260,0.0,15380,0,0
3521,2024-03-11,102.12620158466598,49266.0,49368.126201584666,15230,15300,15440,15230,0.0,15300,0,0
3522,2024-03-12,102.12620158466598,50296.4,50398.52620158467,15325,15620,15620,15325,0.0,15620,0,0
3523,2024-03-13,102.12620158466598,49942.200000000004,50044.32620158467,15575,15510,15700,15470,0.0,15510,0,0
3524,2024-03-14,102.12620158466598,49942.200000000004,50044.32620158467,15605,15510,15605,15450,0.0,15510,0,0
3525,2024-03-15,102.12620158466598,49459.200000000004,49561.32620158467,15540,15360,15540,15300,0.0,15360,0,0
3526,2024-03-18,102.12620158466598,50634.5,50736.626201584666,15365,15725,15745,15365,0.0,15725,0,0
3527,2024-03-19,102.12620158466598,50393.0,50495.126201584666,15725,15650,15750,15540,0.0,15650,0,0
3528,2024-03-20,102.12620158466598,50103.200000000004,50205.32620158467,15660,15560,15685,15520,0.0,15560,0,0
3529,2024-03-21,102.12620158466598,50280.3,50382.42620158467,15795,15615,15795,15565,0.0,15615,0,0
3530,2024-03-22,102.12620158466598,50521.8,50623.92620158467,15695,15690,15815,15610,0.0,15690,0,0
3531,2024-03-25,102.12620158466598,50843.8,50945.92620158467,15580,15790,15805,15580,0.0,15790,0,0
3532,2024-03-26,102.12620158466598,50554.0,50656.126201584666,15790,15700,15880,15630,0.0,15700,0,0
3533,2024-03-27,102.12620158466598,50618.4,50720.52620158467,15700,15720,15840,15610,0.0,15720,0,0
3534,2024-03-28,102.12620158466598,50554.0,50656.126201584666,15780,15700,15845,15630,0.0,15700,0,0
3535,2024-03-29,102.12620158466598,50006.600000000006,50108.72620158467,15510,15530,15725,15480,0.0,15530,0,0
3536,2024-04-01,102.12620158466598,50215.9,50318.02620158467,15520,15595,15690,15520,0.0,15595,0,0
3537,2024-04-02,102.12620158466598,49845.600000000006,49947.72620158467,15660,15480,15660,15405,0.0,15480,0,0
3538,2024-04-03,102.12620158466598,49008.4,49110.52620158467,15375,15220,15375,15195,0.0,15220,0,0
3539,2024-04-04,48947.74835161427,0.0,48947.74835161427,15170,15300,15465,15160,-1.0,15300,0,0
3540,2024-04-05,48947.74835161427,0.0,48947.74835161427,15070,15265,15355,15070,0.0,15265,0,0
3541,2024-04-08,48947.74835161427,0.0,48947.74835161427,15075,15060,15165,14905,0.0,15060,0,0
3542,2024-04-09,48947.74835161427,0.0,48947.74835161427,14945,15000,15215,14945,0.0,15000,0,0
3543,2024-04-11,48947.74835161427,0.0,48947.74835161427,14890,14795,14925,14745,0.0,14795,0,0
3544,2024-04-12,48947.74835161427,0.0,48947.74835161427,14795,14635,14805,14630,0.0,14635,0,0
3545,2024-04-15,48947.74835161427,0.0,48947.74835161427,14540,14290,14560,14290,0.0,14290,0,0
3546,2024-04-16,48947.74835161427,0.0,48947.74835161427,14250,14095,14250,14030,0.0,14095,0,0
3547,2024-04-17,48947.74835161427,0.0,48947.74835161427,14045,13885,14180,13875,0.0,13885,0,0
3548,2024-04-18,48947.74835161427,0.0,48947.74835161427,13920,14125,14150,13920,0.0,14125,0,0
3549,2024-04-19,48947.74835161427,0.0,48947.74835161427,14030,13830,14030,13770,0.0,13830,0,0
3550,2024-04-22,48947.74835161427,0.0,48947.74835161427,13900,14030,14070,13890,0.0,14030,0,0
3551,2024-04-23,48947.74835161427,0.0,48947.74835161427,14115,13985,14115,13935,0.0,13985,0,0
3552,2024-04-24,48947.74835161427,0.0,48947.74835161427,14215,14185,14255,14115,0.0,14185,0,0
3553,2024-04-25,48947.74835161427,0.0,48947.74835161427,14285,14120,14285,14050,0.0,14120,0,0
3554,2024-04-26,48947.74835161427,0.0,48947.74835161427,14170,14035,14170,13950,0.0,14035,0,0
3555,2024-04-29,48947.74835161427,0.0,48947.74835161427,14035,14500,14530,14035,0.0,14500,0,0
3556,2024-04-30,48947.74835161427,0.0,48947.74835161427,14600,14425,14600,14395,0.0,14425,0,0
3557,2024-05-02,48947.74835161427,0.0,48947.74835161427,14380,14255,14420,14225,0.0,14255,0,0
3558,2024-05-03,48947.74835161427,0.0,48947.74835161427,14340,14250,14380,14185,0.0,14250,0,0
3559,2024-05-07,48947.74835161427,0.0,48947.74835161427,14370,14335,14390,14250,0.0,14335,0,0
3560,2024-05-08,48947.74835161427,0.0,48947.74835161427,14365,14500,14500,14260,0.0,14500,0,0
3561,2024-05-09,48947.74835161427,0.0,48947.74835161427,14510,14425,14520,14380,0.0,14425,0,0
3562,2024-05-10,48947.74835161427,0.0,48947.74835161427,14460,14325,14485,14250,0.0,14325,0,0
3563,2024-05-13,48947.74835161427,0.0,48947.74835161427,14430,14150,14430,14150,0.0,14150,0,0
3564,2024-05-14,48947.74835161427,0.0,48947.74835161427,14195,14355,14440,14195,0.0,14355,0,0
3565,2024-05-16,48947.74835161427,0.0,48947.74835161427,14600,14455,14600,14420,0.0,14455,0,0
3566,2024-05-17,48947.74835161427,0.0,48947.74835161427,14395,14330,14430,14275,0.0,14330,0,0
3567,2024-05-20,48947.74835161427,0.0,48947.74835161427,14425,14410,14485,14400,0.0,14410,0,0
3568,2024-05-21,48947.74835161427,0.0,48947.74835161427,14400,14125,14400,14125,0.0,14125,0,0
3569,2024-05-22,48947.74835161427,0.0,48947.74835161427,14220,14220,14285,14195,0.0,14220,0,0
3570,2024-05-23,48947.74835161427,0.0,48947.74835161427,14165,14255,14395,14155,0.0,14255,0,0
3571,2024-05-24,48947.74835161427,0.0,48947.74835161427,14065,14000,14150,14000,0.0,14000,0,0
3572,2024-05-27,48947.74835161427,0.0,48947.74835161427,14140,14300,14375,14070,0.0,14300,0,0
3573,2024-05-28,48947.74835161427,0.0,48947.74835161427,14300,14180,14365,14180,0.0,14180,0,0
3574,2024-05-29,48947.74835161427,0.0,48947.74835161427,14090,13765,14090,13750,0.0,13765,0,0
3575,2024-05-30,48947.74835161427,0.0,48947.74835161427,13730,13605,13765,13540,0.0,13605,0,0
3576,2024-05-31,48947.74835161427,0.0,48947.74835161427,13540,13815,13850,13540,0.0,13815,0,0
3577,2024-06-03,48947.74835161427,0.0,48947.74835161427,13935,13965,14120,13900,0.0,13965,0,0
3578,2024-06-04,48947.74835161427,0.0,48947.74835161427,13790,13905,14050,13790,0.0,13905,0,0
3579,2024-06-05,48947.74835161427,0.0,48947.74835161427,13900,14130,14210,13900,0.0,14130,0,0
3580,2024-06-07,48947.74835161427,0.0,48947.74835161427,14170,14285,14330,14095,0.0,14285,0,0
3581,2024-06-10,48947.74835161427,0.0,48947.74835161427,14225,14190,14330,14140,0.0,14190,0,0
3582,2024-06-11,48947.74835161427,0.0,48947.74835161427,14210,14455,14570,14210,0.0,14455,0,0
3583,2024-06-12,54.26835161426425,48891.7,48945.96835161426,14400,14465,14555,14380,1.0,14465,0,0
3584,2024-06-13,54.26835161426425,48553.7,48607.96835161426,14555,14365,14555,14360,0.0,14365,0,0
3585,2024-06-14,54.26835161426425,48232.6,48286.86835161426,14355,14270,14360,14055,0.0,14270,0,0
3586,2024-06-17,54.26835161426425,47539.7,47593.96835161426,14180,14065,14260,14060,0.0,14065,0,0
3587,2024-06-18,47710.53379104626,0.0,47710.53379104626,14100,13835,14180,13790,-1.0,13835,0,0
3588,2024-06-19,47710.53379104626,0.0,47710.53379104626,13885,13995,14045,13835,0.0,13995,0,0
3589,2024-06-20,47710.53379104626,0.0,47710.53379104626,14085,14180,14365,14085,0.0,14180,0,0
3590,2024-06-21,47710.53379104626,0.0,47710.53379104626,14180,13965,14205,13930,0.0,13965,0,0
3591,2024-06-24,47710.53379104626,0.0,47710.53379104626,13905,13670,13905,13655,0.0,13670,0,0
3592,2024-06-25,47710.53379104626,0.0,47710.53379104626,13735,13605,13800,13600,0.0,13605,0,0
3593,2024-06-26,47710.53379104626,0.0,47710.53379104626,13580,13510,13615,13465,0.0,13510,0,0
3594,2024-06-27,47710.53379104626,0.0,47710.53379104626,13445,13440,13545,13385,0.0,13440,0,0
3595,2024-06-28,47710.53379104626,0.0,47710.53379104626,13455,13690,13830,13455,0.0,13690,0,0
3596,2024-07-01,47710.53379104626,0.0,47710.53379104626,13580,13780,13780,13510,0.0,13780,0,0
3597,2024-07-02,47710.53379104626,0.0,47710.53379104626,13695,13515,13710,13505,0.0,13515,0,0
3598,2024-07-03,47710.53379104626,0.0,47710.53379104626,13655,13735,13850,13615,0.0,13735,0,0
3599,2024-07-04,47710.53379104626,0.0,47710.53379104626,13810,13890,13935,13760,0.0,13890,0,0
3600,2024-07-05,47710.53379104626,0.0,47710.53379104626,13850,13785,13920,13725,0.0,13785,0,0
3601,2024-07-08,47710.53379104626,0.0,47710.53379104626,13810,13925,14010,13740,0.0,13925,0,0
3602,2024-07-09,47710.53379104626,0.0,47710.53379104626,13940,13890,14010,13840,0.0,13890,0,0
3603,2024-07-10,47710.53379104626,0.0,47710.53379104626,13870,13680,13870,13680,0.0,13680,0,0
3604,2024-07-11,47710.53379104626,0.0,47710.53379104626,13800,13780,13905,13730,0.0,13780,0,0
3605,2024-07-12,47710.53379104626,0.0,47710.53379104626,13800,13795,13895,13700,0.0,13795,0,0
3606,2024-07-15,47710.53379104626,0.0,47710.53379104626,13860,13750,13860,13700,0.0,13750,0,0
3607,2024-07-16,47710.53379104626,0.0,47710.53379104626,13715,13435,13715,13430,0.0,13435,0,0
3608,2024-07-17,47710.53379104626,0.0,47710.53379104626,13445,13410,13585,13390,0.0,13410,0,0
3609,2024-07-18,47710.53379104626,0.0,47710.53379104626,13415,13310,13445,13235,0.0,13310,0,0
3610,2024-07-19,47710.53379104626,0.0,47710.53379104626,13325,13330,13330,13130,0.0,13330,0,0
3611,2024-07-22,47710.53379104626,0.0,47710.53379104626,13400,12950,13400,12885,0.0,12950,0,0
3612,2024-07-23,47710.53379104626,0.0,47710.53379104626,13005,12780,13055,12780,0.0,12780,0,0
3613,2024-07-24,47710.53379104626,0.0,47710.53379104626,12675,12640,12895,12640,0.0,12640,0,0
3614,2024-07-25,47710.53379104626,0.0,47710.53379104626,12580,12670,12700,12360,0.0,12670,0,0
3615,2024-07-26,47710.53379104626,0.0,47710.53379104626,12765,12510,12765,12470,0.0,12510,0,0
3616,2024-07-29,47710.53379104626,0.0,47710.53379104626,12500,12585,12625,12445,0.0,12585,0,0
3617,2024-07-30,47710.53379104626,0.0,47710.53379104626,12500,12485,12625,12460,0.0,12485,0,0
3618,2024-07-31,47710.53379104626,0.0,47710.53379104626,12520,12475,12520,12380,0.0,12475,0,0
3619,2024-08-01,47710.53379104626,0.0,47710.53379104626,12520,12760,12810,12520,0.0,12760,0,0
3620,2024-08-02,47710.53379104626,0.0,47710.53379104626,12550,12350,12575,12315,0.0,12350,0,0
3621,2024-08-05,47710.53379104626,0.0,47710.53379104626,12200,11020,12200,10765,0.0,11020,0,0
3622,2024-08-06,47710.53379104626,0.0,47710.53379104626,11340,11775,11865,11270,0.0,11775,0,0
3623,2024-08-07,47710.53379104626,0.0,47710.53379104626,11635,11660,11865,11610,0.0,11660,0,0
3624,2024-08-08,47710.53379104626,0.0,47710.53379104626,11405,11310,11510,11310,0.0,11310,0,0
3625,2024-08-09,47710.53379104626,0.0,47710.53379104626,11545,11750,11800,11545,0.0,11750,0,0
3626,2024-08-12,47710.53379104626,0.0,47710.53379104626,11800,11895,11960,11800,0.0,11895,0,0
3627,2024-08-13,47710.53379104626,0.0,47710.53379104626,11870,11890,11940,11735,0.0,11890,0,0
3628,2024-08-14,47710.53379104626,0.0,47710.53379104626,12015,12120,12125,12005,0.0,12120,0,0
3629,2024-08-16,47710.53379104626,0.0,47710.53379104626,12285,12120,12350,12120,0.0,12120,0,0
3630,2024-08-19,47710.53379104626,0.0,47710.53379104626,12110,11865,12230,11865,0.0,11865,0,0
3631,2024-08-20,47710.53379104626,0.0,47710.53379104626,11980,12070,12110,11865,0.0,12070,0,0
3632,2024-08-21,47710.53379104626,0.0,47710.53379104626,12025,12140,12220,12025,0.0,12140,0,0
3633,2024-08-22,47710.53379104626,0.0,47710.53379104626,12170,12275,12360,12170,0.0,12275,0,0
3634,2024-08-23,47710.53379104626,0.0,47710.53379104626,12205,12150,12220,12050,0.0,12150,0,0
3635,2024-08-26,47710.53379104626,0.0,47710.53379104626,12220,12125,12285,12080,0.0,12125,0,0
3636,2024-08-27,47710.53379104626,0.0,47710.53379104626,12195,12185,12230,12075,0.0,12185,0,0
3637,2024-08-28,47710.53379104626,0.0,47710.53379104626,12210,11870,12210,11870,0.0,11870,0,0
3638,2024-08-29,47710.53379104626,0.0,47710.53379104626,11775,12040,12080,11770,0.0,12040,0,0
3639,2024-08-30,47710.53379104626,0.0,47710.53379104626,12080,12090,12130,12000,0.0,12090,0,0
3640,2024-09-02,47710.53379104626,0.0,47710.53379104626,12180,12350,12400,12130,0.0,12350,0,0
3641,2024-09-03,47710.53379104626,0.0,47710.53379104626,12385,12285,12445,12270,0.0,12285,0,0
3642,2024-09-04,47710.53379104626,0.0,47710.53379104626,11875,11870,12025,11835,0.0,11870,0,0
3643,2024-09-05,47710.53379104626,0.0,47710.53379104626,11930,11745,11995,11660,0.0,11745,0,0
3644,2024-09-06,47710.53379104626,0.0,47710.53379104626,11740,11365,11760,11350,0.0,11365,0,0
3645,2024-09-09,47710.53379104626,0.0,47710.53379104626,11165,11260,11315,11070,0.0,11260,0,0
3646,2024-09-10,47710.53379104626,0.0,47710.53379104626,11305,11180,11435,11180,0.0,11180,0,0
3647,2024-09-11,47710.53379104626,0.0,47710.53379104626,11230,11455,11480,11230,0.0,11455,0,0
3648,2024-09-12,47710.53379104626,0.0,47710.53379104626,11595,11715,11715,11510,0.0,11715,0,0
3649,2024-09-13,47710.53379104626,0.0,47710.53379104626,11750,11630,11750,11500,0.0,11630,0,0
3650,2024-09-19,47710.53379104626,0.0,47710.53379104626,11735,11600,11830,11470,0.0,11600,0,0
3651,2024-09-20,47710.53379104626,0.0,47710.53379104626,11780,11550,11805,11550,0.0,11550,0,0
3652,2024-09-23,47710.53379104626,0.0,47710.53379104626,11615,11775,11775,11615,0.0,11775,0,0
3653,2024-09-24,47710.53379104626,0.0,47710.53379104626,11790,12435,12435,11790,0.0,12435,0,0
3654,2024-09-25,25.293791046264232,47683.5,47708.793791046264,12580,12450,12670,12415,1.0,12450,0,0
3655,2024-09-26,25.293791046264232,48832.5,48857.793791046264,12445,12750,12750,12445,0.0,12750,0,0
3656,2024-09-27,25.293791046264232,48909.1,48934.39379104626,12710,12770,12925,12645,0.0,12770,0,0
3657,2024-09-30,25.293791046264232,47989.9,48015.193791046266,12885,12530,12900,12515,0.0,12530,0,0
3658,2024-10-02,25.293791046264232,47606.9,47632.193791046266,12435,12430,12615,12350,0.0,12430,0,0
3659,2024-10-04,25.293791046264232,47530.3,47555.59379104627,12430,12410,12500,12335,0.0,12410,0,0
3660,2024-10-07,25.293791046264232,48641.0,48666.293791046264,12410,12700,12740,12330,0.0,12700,0,0
3661,2024-10-08,25.293791046264232,48009.05,48034.34379104627,12640,12535,12665,12490,0.0,12535,0,0
3662,2024-10-10,25.293791046264232,48449.5,48474.793791046264,12620,12650,12700,12485,0.0,12650,0,0
3663,2024-10-11,25.293791046264232,47645.200000000004,47670.49379104627,12605,12440,12695,12355,0.0,12440,0,0
3664,2024-10-14,25.293791046264232,47396.25,47421.543791046264,12425,12375,12425,12260,0.0,12375,0,0
3665,2024-10-15,25.293791046264232,46591.950000000004,46617.24379104627,12345,12165,12400,12030,0.0,12165,0,0
3666,2024-10-16,25.293791046264232,45864.25,45889.543791046264,12165,11975,12165,11940,0.0,11975,0,0
3667,2024-10-17,25.293791046264232,45481.25,45506.543791046264,11980,11875,12055,11875,0.0,11875,0,0
3668,2024-10-18,45447.440546421465,0.0,45447.440546421465,11860,11735,11925,11690,-1.0,11735,0,0
3669,2024-10-21,45447.440546421465,0.0,45447.440546421465,11755,11810,11915,11755,0.0,11810,0,0
3670,2024-10-22,45447.440546421465,0.0,45447.440546421465,11735,11485,11770,11485,0.0,11485,0,0
3671,2024-10-23,45447.440546421465,0.0,45447.440546421465,11520,11665,11735,11410,0.0,11665,0,0
3672,2024-10-24,45447.440546421465,0.0,45447.440546421465,11705,11630,11770,11605,0.0,11630,0,0
3673,2024-10-25,45447.440546421465,0.0,45447.440546421465,11735,11555,11765,11510,0.0,11555,0,0
3674,2024-10-28,45447.440546421465,0.0,45447.440546421465,11595,12005,12010,11595,0.0,12005,0,0
3675,2024-10-29,45447.440546421465,0.0,45447.440546421465,11940,11790,11940,11645,0.0,11790,0,0
3676,2024-10-30,45447.440546421465,0.0,45447.440546421465,11670,11625,11755,11595,0.0,11625,0,0
3677,2024-10-31,45447.440546421465,0.0,45447.440546421465,11565,11655,11695,11450,0.0,11655,0,0
3678,2024-11-01,45447.440546421465,0.0,45447.440546421465,11465,11600,11760,11465,0.0,11600,0,0
3679,2024-11-04,45447.440546421465,0.0,45447.440546421465,11600,11695,11720,11525,0.0,11695,0,0
3680,2024-11-05,45447.440546421465,0.0,45447.440546421465,11630,11660,11770,11535,0.0,11660,0,0
3681,2024-11-06,45447.440546421465,0.0,45447.440546421465,11630,11225,11650,11180,0.0,11225,0,0
3682,2024-11-07,45447.440546421465,0.0,45447.440546421465,11110,11050,11240,10850,0.0,11050,0,0
3683,2024-11-08,45447.440546421465,0.0,45447.440546421465,11015,10970,11200,10935,0.0,10970,0,0
3684,2024-11-11,45447.440546421465,0.0,45447.440546421465,10965,10705,10965,10630,0.0,10705,0,0
3685,2024-11-12,45447.440546421465,0.0,45447.440546421465,10670,10565,10730,10505,0.0,10565,0,0
3686,2024-11-13,45447.440546421465,0.0,45447.440546421465,10345,10195,10485,10170,0.0,10195,0,0
3687,2024-11-14,45447.440546421465,0.0,45447.440546421465,10220,9985,10230,9910,0.0,9985,0,0
3688,2024-11-15,45447.440546421465,0.0,45447.440546421465,9835,9800,9920,9495,0.0,9800,0,0
3689,2024-11-18,45447.440546421465,0.0,45447.440546421465,9635,10025,10065,9635,0.0,10025,0,0
3690,2024-11-19,45447.440546421465,0.0,45447.440546421465,10050,10195,10195,9945,0.0,10195,0,0
3691,2024-11-20,45447.440546421465,0.0,45447.440546421465,10145,10220,10295,10085,0.0,10220,0,0
3692,2024-11-21,45447.440546421465,0.0,45447.440546421465,10220,10345,10420,10170,0.0,10345,0,0
3693,2024-11-22,45447.440546421465,0.0,45447.440546421465,10345,10385,10540,10345,0.0,10385,0,0
3694,2024-11-25,45447.440546421465,0.0,45447.440546421465,10385,10595,10675,10385,0.0,10595,0,0
3695,2024-11-26,45447.440546421465,0.0,45447.440546421465,10535,10495,10635,10470,0.0,10495,0,0
3696,2024-11-27,45447.440546421465,0.0,45447.440546421465,10470,10275,10520,10260,0.0,10275,0,0
3697,2024-11-28,45447.440546421465,0.0,45447.440546421465,10385,10440,10490,10310,0.0,10440,0,0
3698,2024-11-29,45447.440546421465,0.0,45447.440546421465,10425,10025,10425,10000,0.0,10025,0,0
3699,2024-12-02,45447.440546421465,0.0,45447.440546421465,10070,9970,10215,9945,0.0,9970,0,0
3700,2024-12-03,45447.440546421465,0.0,45447.440546421465,10070,10280,10295,10070,0.0,10280,0,0
3701,2024-12-04,45447.440546421465,0.0,45447.440546421465,10065,10035,10205,9940,0.0,10035,0,0
3702,2024-12-05,45447.440546421465,0.0,45447.440546421465,10070,9730,10070,9730,0.0,9730,0,0
3703,2024-12-06,45447.440546421465,0.0,45447.440546421465,9705,9755,9865,9540,0.0,9755,0,0
3704,2024-12-09,45447.440546421465,0.0,45447.440546421465,9590,9215,9590,9215,0.0,9215,0,0
3705,2024-12-10,45447.440546421465,0.0,45447.440546421465,9270,9805,9845,9270,0.0,9805,0,0
3706,2024-12-11,45447.440546421465,0.0,45447.440546421465,9850,9900,9935,9790,0.0,9900,0,0
3707,2024-12-12,45447.440546421465,0.0,45447.440546421465,9915,10035,10035,9815,0.0,10035,0,0
3708,2024-12-13,45447.440546421465,0.0,45447.440546421465,9945,9990,10060,9885,0.0,9990,0,0
3709,2024-12-16,45447.440546421465,0.0,45447.440546421465,10045,10095,10220,10030,0.0,10095,0,0
3710,2024-12-17,45447.440546421465,0.0,45447.440546421465,10155,9905,10155,9845,0.0,9905,0,0
3711,2024-12-18,45447.440546421465,0.0,45447.440546421465,10010,9985,10010,9900,0.0,9985,0,0
3712,2024-12-19,45447.440546421465,0.0,45447.440546421465,9795,9805,9865,9700,0.0,9805,0,0
3713,2024-12-20,45447.440546421465,0.0,45447.440546421465,9755,9645,9850,9595,0.0,9645,0,0
3714,2024-12-23,45447.440546421465,0.0,45447.440546421465,9745,9775,9835,9560,0.0,9775,0,0
3715,2024-12-24,45447.440546421465,0.0,45447.440546421465,9795,9670,9840,9645,0.0,9670,0,0
3716,2024-12-26,45447.440546421465,0.0,45447.440546421465,9750,9585,9750,9570,0.0,9585,0,0
3717,2024-12-27,45447.440546421465,0.0,45447.440546421465,9565,9440,9630,9380,0.0,9440,0,0
3718,2024-12-30,45447.440546421465,0.0,45447.440546421465,9440,9545,9650,9425,0.0,9545,0,0
3719,2025-01-02,45447.440546421465,0.0,45447.440546421465,9575,9515,9600,9425,0.0,9515,0,0
3720,2025-01-03,45447.440546421465,0.0,45447.440546421465,9515,10020,10040,9515,0.0,10020,0,0
3721,2025-01-06,45447.440546421465,0.0,45447.440546421465,10040,10090,10185,9975,0.0,10090,0,0
3722,2025-01-07,45447.440546421465,0.0,45447.440546421465,10180,10175,10290,10145,0.0,10175,0,0
3723,2025-01-08,44.84054642146657,45400.950000000004,45445.79054642147,10130,10295,10335,10105,1.0,10295,0,0
3724,2025-01-09,44.84054642146657,45952.200000000004,45997.04054642147,10400,10420,10480,10255,0.0,10420,0,0
3725,2025-01-10,44.84054642146657,45555.3,45600.14054642147,10440,10330,10460,10310,0.0,10330,0,0
3726,2025-01-13,44.84054642146657,45136.35,45181.190546421465,10350,10235,10355,10205,0.0,10235,0,0
3727,2025-01-14,44.84054642146657,45665.55,45710.39054642147,10330,10355,10425,10255,0.0,10355,0,0
3728,2025-01-15,44.84054642146657,45246.6,45291.440546421465,10435,10260,10490,10260,0.0,10260,0,0
3729,2025-01-16,44.84054642146657,46128.6,46173.440546421465,10370,10460,10510,10370,0.0,10460,0,0
3730,2025-01-17,44.84054642146657,46768.05,46812.89054642147,10480,10605,10605,10450,0.0,10605,0,0
3731,2025-01-20,44.84054642146657,47032.65,47077.49054642147,10695,10665,10765,10580,0.0,10665,0,0
3732,2025-01-21,44.84054642146657,46018.35,46063.190546421465,10700,10435,10700,10335,0.0,10435,0,0
3733,2025-01-22,44.84054642146657,46260.9,46305.74054642147,10485,10490,10580,10410,0.0,10490,0,0
3734,2025-01-23,44.84054642146657,45268.65,45313.49054642147,10540,10265,10540,10260,0.0,10265,0,0
3735,2025-01-24,44.84054642146657,45378.9,45423.74054642147,10350,10290,10350,10240,0.0,10290,0,0
3736,2025-01-31,44.84054642146657,44982.0,45026.84054642147,10375,10200,10375,10165,0.0,10200,0,0
