,Day,Cash,Portfolio,Total,Open,Close,High,Low,Signal,Target price,Tag,MDD
0,2023-01-17,10000.0,0.0,10000.0,61200,61000,61500,60600,0.0,61000,0,0
1,2023-01-18,10000.0,0.0,10000.0,60700,60400,61000,59900,0.0,60400,0,0
2,2023-01-19,10000.0,0.0,10000.0,60500,61500,61500,60400,0.0,61500,0,0
3,2023-01-20,10000.0,0.0,10000.0,62100,61800,62300,61100,0.0,61800,0,0
4,2023-01-25,10000.0,0.0,10000.0,63500,63400,63700,63000,0.0,63400,0,0
5,2023-01-26,10000.0,0.0,10000.0,63800,63900,63900,63300,0.0,63900,0,0
6,2023-01-27,10000.0,0.0,10000.0,64400,64600,65000,63900,0.0,64600,0,0
7,2023-01-30,10000.0,0.0,10000.0,64900,63300,64900,63100,0.0,63300,0,0
8,2023-01-31,10000.0,0.0,10000.0,63500,61000,63700,61000,0.0,61000,0,0
9,2023-02-01,10000.0,0.0,10000.0,62600,61800,62700,61000,0.0,61800,0,0
10,2023-02-02,10000.0,0.0,10000.0,63200,63500,63900,62600,0.0,63500,0,0
11,2023-02-03,10000.0,0.0,10000.0,63900,63800,64000,63000,0.0,63800,0,0
12,2023-02-06,10000.0,0.0,10000.0,62800,61600,63000,61600,0.0,61600,0,0
13,2023-02-07,10000.0,0.0,10000.0,61900,61900,62500,61600,0.0,61900,0,0
14,2023-02-08,10000.0,0.0,10000.0,62800,63100,63300,62400,0.0,63100,0,0
15,2023-02-09,10000.0,0.0,10000.0,63000,63000,63300,62300,0.0,63000,0,0
16,2023-02-10,10000.0,0.0,10000.0,62600,62800,63000,62400,0.0,62800,0,0
17,2023-02-13,10000.0,0.0,10000.0,62900,62900,63000,62300,0.0,62900,0,0
18,2023-02-14,10000.0,0.0,10000.0,63600,63200,63900,63200,0.0,63200,0,0
19,2023-02-15,10000.0,0.0,10000.0,63900,62200,63900,62000,0.0,62200,0,0
20,2023-02-16,10000.0,0.0,10000.0,62500,63700,63700,62400,0.0,63700,0,0
21,2023-02-17,10000.0,0.0,10000.0,62900,62600,63300,62400,0.0,62600,0,0
22,2023-02-20,10000.0,0.0,10000.0,62900,62700,63000,61800,0.0,62700,0,0
23,2023-02-21,10000.0,0.0,10000.0,62700,62100,62800,62000,-1.0,62100,0,0
24,2023-02-22,10000.0,0.0,10000.0,61500,61100,61800,61000,0.0,61100,0,0
25,2023-02-23,10000.0,0.0,10000.0,61700,62000,62500,61500,0.0,62000,0,0
26,2023-02-24,10000.0,0.0,10000.0,62300,61300,62600,61300,0.0,61300,0,0
27,2023-02-27,10000.0,0.0,10000.0,60800,60500,60800,60200,0.0,60500,0,0
28,2023-02-28,10000.0,0.0,10000.0,60800,60600,61400,60500,0.0,60600,0,0
29,2023-03-02,10000.0,0.0,10000.0,60900,60800,61800,60500,0.0,60800,0,0
30,2023-03-03,10000.0,0.0,10000.0,61000,60500,61200,60500,0.0,60500,0,0
31,2023-03-06,10000.0,0.0,10000.0,61100,61500,61600,60800,0.0,61500,0,0
32,2023-03-07,10000.0,0.0,10000.0,61400,60700,61400,60700,0.0,60700,0,0
33,2023-03-08,10000.0,0.0,10000.0,60100,60300,60500,59900,0.0,60300,0,0
34,2023-03-09,10000.0,0.0,10000.0,60500,60100,60800,59900,0.0,60100,0,0
35,2023-03-10,10000.0,0.0,10000.0,59500,59500,59700,59100,0.0,59500,0,0
36,2023-03-13,10000.0,0.0,10000.0,59900,60000,60200,59300,0.0,60000,0,0
37,2023-03-14,10000.0,0.0,10000.0,59400,59000,59500,59000,0.0,59000,0,0
38,2023-03-15,10000.0,0.0,10000.0,60000,59800,60300,59600,0.0,59800,0,0
39,2023-03-16,10000.0,0.0,10000.0,59200,59900,60200,59100,0.0,59900,0,0
40,2023-03-17,10000.0,0.0,10000.0,60800,61300,61300,60600,0.0,61300,0,0
41,2023-03-20,10000.0,0.0,10000.0,61100,60200,61200,60200,0.0,60200,0,0
42,2023-03-21,10000.0,0.0,10000.0,60500,60300,60700,60100,0.0,60300,0,0
43,2023-03-22,223.63999999999942,9776.0,9999.64,61000,61100,61200,60500,1.0,61100,0,0
44,2023-03-23,223.63999999999942,9968.0,10191.64,60600,62300,62300,60600,0.0,62300,0,0
45,2023-03-24,223.63999999999942,10080.0,10303.64,62700,63000,63300,62300,0.0,63000,0,0
46,2023-03-27,223.63999999999942,9936.0,10159.64,62600,62100,62800,62000,0.0,62100,0,0
47,2023-03-28,223.63999999999942,10064.0,10287.64,62400,62900,62900,62100,0.0,62900,0,0
48,2023-03-29,223.63999999999942,10032.0,10255.64,62500,62700,62700,62200,0.0,62700,0,0
49,2023-03-30,223.63999999999942,10112.0,10335.64,63700,63200,63700,63100,0.0,63200,0,0
50,2023-03-31,223.63999999999942,10240.0,10463.64,64000,64000,64000,63700,0.0,64000,0,0
51,2023-04-03,223.63999999999942,10096.0,10319.64,64000,63100,64000,63000,0.0,63100,0,0
52,2023-04-04,223.63999999999942,10176.0,10399.64,63400,63600,63800,62800,0.0,63600,0,0
53,2023-04-05,223.63999999999942,10224.0,10447.64,63700,63900,64000,63400,0.0,63900,0,0
54,2023-04-06,223.63999999999942,9968.0,10191.64,63500,62300,63600,62300,0.0,62300,0,0
55,2023-04-07,223.63999999999942,10400.0,10623.64,63800,65000,65200,63800,0.0,65000,0,0
56,2023-04-10,223.63999999999942,10512.0,10735.64,64800,65700,66300,64700,0.0,65700,0,0
57,2023-04-11,223.63999999999942,10544.0,10767.64,66200,65900,66200,65400,0.0,65900,0,0
58,2023-04-12,223.63999999999942,10560.0,10783.64,65800,66000,66200,65300,0.0,66000,0,0
59,2023-04-13,223.63999999999942,10576.0,10799.64,65600,66100,66100,65400,0.0,66100,0,0
60,2023-04-14,223.63999999999942,10416.0,10639.64,66600,65100,66600,65000,0.0,65100,0,0
61,2023-04-17,223.63999999999942,10448.0,10671.64,65000,65300,65600,64700,0.0,65300,0,0
62,2023-04-18,223.63999999999942,10496.0,10719.64,65900,65600,66000,64800,0.0,65600,0,0
63,2023-04-19,223.63999999999942,10480.0,10703.64,65500,65500,65800,65300,0.0,65500,0,0
64,2023-04-20,223.63999999999942,10448.0,10671.64,65100,65300,65300,64600,0.0,65300,0,0
65,2023-04-21,223.63999999999942,10512.0,10735.64,65800,65700,65900,65400,0.0,65700,0,0
66,2023-04-24,223.63999999999942,10432.0,10655.64,65300,65200,65700,64800,0.0,65200,0,0
67,2023-04-25,223.63999999999942,10176.0,10399.64,65300,63600,65400,63400,0.0,63600,0,0
68,2023-04-26,10398.549634304,0.0,10398.549634304,63600,64100,64300,63300,-1.0,64100,0,0
69,2023-04-27,10398.549634304,0.0,10398.549634304,64100,64600,65000,63300,0.0,64600,0,0
70,2023-04-28,573.1896343039989,9825.0,10398.189634303999,65200,65500,65900,65000,1.0,65500,0,0
71,2023-05-02,573.1896343039989,9855.0,10428.189634303999,66000,65700,66300,65100,0.0,65700,0,0
72,2023-05-03,573.1896343039989,9810.0,10383.189634303999,65100,65400,65600,64900,0.0,65400,0,0
73,2023-05-04,573.1896343039989,9765.0,10338.189634303999,65600,65100,65700,64700,0.0,65100,0,0
74,2023-05-08,573.1896343039989,9885.0,10458.189634303999,66300,65900,66300,65400,0.0,65900,0,0
75,2023-05-09,573.1896343039989,9795.0,10368.189634303999,65800,65300,65800,65100,0.0,65300,0,0
76,2023-05-10,573.1896343039989,9690.0,10263.189634303999,65500,64600,65500,64300,0.0,64600,0,0
77,2023-05-11,10277.836411123999,0.0,10277.836411123999,64700,64200,65100,64200,-1.0,64200,0,0
78,2023-05-12,10277.836411123999,0.0,10277.836411123999,63700,64100,64600,63600,0.0,64100,0,0
79,2023-05-15,10277.836411123999,0.0,10277.836411123999,64100,64500,64600,63900,0.0,64500,0,0
80,2023-05-16,10277.836411123999,0.0,10277.836411123999,65800,65400,65900,65300,0.0,65400,0,0
81,2023-05-17,10277.836411123999,0.0,10277.836411123999,65900,65000,65900,64800,0.0,65000,0,0
82,2023-05-18,347.47641112399833,9930.0,10277.476411123998,66000,66200,66200,65700,1.0,66200,0,0
83,2023-05-19,347.47641112399833,10260.0,10607.476411123998,67800,68400,68400,67500,0.0,68400,0,0
84,2023-05-22,347.47641112399833,10275.0,10622.476411123998,68400,68500,69000,68000,0.0,68500,0,0
85,2023-05-23,347.47641112399833,10260.0,10607.476411123998,68500,68400,68700,68100,0.0,68400,0,0
86,2023-05-24,347.47641112399833,10275.0,10622.476411123998,68100,68500,68700,68000,0.0,68500,0,0
87,2023-05-25,347.47641112399833,10320.0,10667.476411123998,69900,68800,70000,68700,0.0,68800,0,0
88,2023-05-26,347.47641112399833,10545.0,10892.476411123998,69800,70300,70400,69500,0.0,70300,0,0
89,2023-05-30,347.47641112399833,10845.0,11192.476411123998,71300,72300,72300,71200,0.0,72300,0,0
90,2023-05-31,347.47641112399833,10710.0,11057.476411123998,72400,71400,72500,71000,0.0,71400,0,0
91,2023-06-01,347.47641112399833,10635.0,10982.476411123998,70900,70900,71600,70600,0.0,70900,0,0
92,2023-06-02,347.47641112399833,10830.0,11177.476411123998,71700,72200,72200,71600,0.0,72200,0,0
93,2023-06-05,347.47641112399833,10755.0,11102.476411123998,72700,71700,72700,71400,0.0,71700,0,0
94,2023-06-07,347.47641112399833,10650.0,10997.476411123998,71300,71000,71600,70800,0.0,71000,0,0
95,2023-06-08,347.47641112399833,10635.0,10982.476411123998,70400,70900,70900,70000,0.0,70900,0,0
96,2023-06-09,347.47641112399833,10800.0,11147.476411123998,71100,72000,72300,70800,0.0,72000,0,0
97,2023-06-12,347.47641112399833,10650.0,10997.476411123998,72100,71000,72400,70800,0.0,71000,0,0
98,2023-06-13,347.47641112399833,10800.0,11147.476411123998,71700,72000,72200,71600,0.0,72000,0,0
99,2023-06-14,347.47641112399833,10785.0,11132.476411123998,72100,71900,72200,71100,0.0,71900,0,0
100,2023-06-15,347.47641112399833,10725.0,11072.476411123998,72100,71500,72300,71300,0.0,71500,0,0
101,2023-06-16,347.47641112399833,10770.0,11117.476411123998,71800,71800,71900,70900,0.0,71800,0,0
102,2023-06-19,347.47641112399833,10680.0,11027.476411123998,71300,71200,71700,70900,0.0,71200,0,0
103,2023-06-20,347.47641112399833,10710.0,11057.476411123998,70700,71400,71400,70400,0.0,71400,0,0
104,2023-06-21,347.47641112399833,10575.0,10922.476411123998,70700,70500,71200,70400,0.0,70500,0,0
105,2023-06-22,347.47641112399833,10695.0,11042.476411123998,70200,71300,71500,70100,0.0,71300,0,0
106,2023-06-23,347.47641112399833,10740.0,11087.476411123998,72000,71600,72200,71600,0.0,71600,0,0
107,2023-06-26,347.47641112399833,10860.0,11207.476411123998,71700,72400,72500,71500,0.0,72400,0,0
108,2023-06-27,347.47641112399833,10890.0,11237.476411123998,72500,72600,72600,72000,0.0,72600,0,0
109,2023-06-28,347.47641112399833,10905.0,11252.476411123998,72600,72700,72700,72000,0.0,72700,0,0
110,2023-06-29,347.47641112399833,10860.0,11207.476411123998,73100,72400,73400,72400,0.0,72400,0,0
111,2023-06-30,347.47641112399833,10830.0,11177.476411123998,72500,72200,72700,71700,0.0,72200,0,0
112,2023-07-03,347.47641112399833,10950.0,11297.476411123998,72700,73000,73200,72600,0.0,73000,0,0
113,2023-07-04,347.47641112399833,10950.0,11297.476411123998,73400,73000,73600,72900,0.0,73000,0,0
114,2023-07-05,347.47641112399833,10800.0,11147.476411123998,73000,72000,73300,71900,0.0,72000,0,0
115,2023-07-06,347.47641112399833,10740.0,11087.476411123998,71900,71600,72400,71500,0.0,71600,0,0
116,2023-07-07,11010.765247783998,0.0,11010.765247783998,71100,69900,71400,69800,-1.0,69900,0,0
117,2023-07-10,11010.765247783998,0.0,11010.765247783998,70000,69500,70400,69200,0.0,69500,0,0
118,2023-07-11,11010.765247783998,0.0,11010.765247783998,70200,71500,71500,70100,0.0,71500,0,0
119,2023-07-12,11010.765247783998,0.0,11010.765247783998,71200,71900,72000,71100,0.0,71900,0,0
120,2023-07-13,11010.765247783998,0.0,11010.765247783998,72400,71900,72600,71900,0.0,71900,0,0
121,2023-07-14,0.3652477839987114,11010.0,11010.365247783999,72500,73400,73400,72400,1.0,73400,0,0
122,2023-07-17,0.3652477839987114,10995.0,10995.365247783999,73200,73300,73500,72800,0.0,73300,0,0
123,2023-07-18,0.3652477839987114,10800.0,10800.365247783999,73200,72000,73500,72000,0.0,72000,0,0
124,2023-07-19,0.3652477839987114,10755.0,10755.365247783999,72700,71700,72800,71300,0.0,71700,0,0
125,2023-07-20,10664.977084443999,0.0,10664.977084443999,71100,71000,71500,70800,-1.0,71000,0,0
126,2023-07-21,10664.977084443999,0.0,10664.977084443999,70400,70300,70400,69400,0.0,70300,0,0
127,2023-07-24,10664.977084443999,0.0,10664.977084443999,70100,70400,70900,69900,0.0,70400,0,0
128,2023-07-25,10664.977084443999,0.0,10664.977084443999,70000,70000,70500,69800,0.0,70000,0,0
129,2023-07-26,10664.977084443999,0.0,10664.977084443999,69800,69800,70600,68100,0.0,69800,0,0
130,2023-07-27,10664.977084443999,0.0,10664.977084443999,69900,71700,71700,69300,0.0,71700,0,0
131,2023-07-28,10664.977084443999,0.0,10664.977084443999,71800,70600,72400,70100,0.0,70600,0,0
132,2023-07-31,10664.977084443999,0.0,10664.977084443999,70900,69800,71000,69800,0.0,69800,0,0
133,2023-08-01,10664.977084443999,0.0,10664.977084443999,70100,71100,71200,70000,0.0,71100,0,0
134,2023-08-02,10664.977084443999,0.0,10664.977084443999,70700,69900,71000,69800,0.0,69900,0,0
135,2023-08-03,10664.977084443999,0.0,10664.977084443999,69900,68800,70200,68500,0.0,68800,0,0
136,2023-08-04,10664.977084443999,0.0,10664.977084443999,68800,68300,69100,68200,0.0,68300,0,0
137,2023-08-07,10664.977084443999,0.0,10664.977084443999,67700,68500,69200,67600,0.0,68500,0,0
138,2023-08-08,10664.977084443999,0.0,10664.977084443999,69000,67600,69100,67400,0.0,67600,0,0
139,2023-08-09,10664.977084443999,0.0,10664.977084443999,68000,68900,69600,67900,0.0,68900,0,0
140,2023-08-10,10664.977084443999,0.0,10664.977084443999,68300,68000,68500,67800,0.0,68000,0,0
141,2023-08-11,10664.977084443999,0.0,10664.977084443999,68400,67500,68800,67500,0.0,67500,0,0
142,2023-08-14,10664.977084443999,0.0,10664.977084443999,67500,67300,67900,66900,0.0,67300,0,0
143,2023-08-16,10664.977084443999,0.0,10664.977084443999,66700,67000,67100,66300,0.0,67000,0,0
144,2023-08-17,10664.977084443999,0.0,10664.977084443999,66300,66700,66800,66000,0.0,66700,0,0
145,2023-08-18,10664.977084443999,0.0,10664.977084443999,66000,66300,66700,65800,0.0,66300,0,0
146,2023-08-21,10664.977084443999,0.0,10664.977084443999,66600,66600,67100,66300,0.0,66600,0,0
147,2023-08-22,10664.977084443999,0.0,10664.977084443999,67200,66600,67700,66300,0.0,66600,0,0
148,2023-08-23,10664.977084443999,0.0,10664.977084443999,66700,67100,67100,66400,0.0,67100,0,0
149,2023-08-24,10664.977084443999,0.0,10664.977084443999,68300,68200,68700,67900,0.0,68200,0,0
150,2023-08-25,10664.977084443999,0.0,10664.977084443999,67100,67100,67400,66900,0.0,67100,0,0
151,2023-08-28,10664.977084443999,0.0,10664.977084443999,66800,66800,67000,66500,0.0,66800,0,0
152,2023-08-29,10664.977084443999,0.0,10664.977084443999,66900,66800,67200,66600,0.0,66800,0,0
153,2023-08-30,10664.977084443999,0.0,10664.977084443999,67300,67100,67700,67100,0.0,67100,0,0
154,2023-08-31,10664.977084443999,0.0,10664.977084443999,67100,66900,67200,66400,0.0,66900,0,0
155,2023-09-01,14.587084443999629,10650.0,10664.587084444,66800,71000,71000,66700,1.0,71000,0,0
156,2023-09-04,14.587084443999629,10680.0,10694.587084444,72900,71200,72900,70700,0.0,71200,0,0
157,2023-09-05,14.587084443999629,10605.0,10619.587084444,70900,70700,71500,70200,0.0,70700,0,0
158,2023-09-06,14.587084443999629,10500.0,10514.587084444,70700,70000,70800,69700,0.0,70000,0,0
159,2023-09-07,14.587084443999629,10560.0,10574.587084444,70000,70400,70600,69600,0.0,70400,0,0
160,2023-09-08,14.587084443999629,10545.0,10559.587084444,70200,70300,70300,69600,0.0,70300,0,0
161,2023-09-11,14.587084443999629,10620.0,10634.587084444,70400,70800,70800,70000,0.0,70800,0,0
162,2023-09-12,14.587084443999629,10575.0,10589.587084444,70800,70500,71000,70400,0.0,70500,0,0
163,2023-09-13,14.587084443999629,10635.0,10649.587084444,71100,70900,71600,70300,0.0,70900,0,0
164,2023-09-14,14.587084443999629,10755.0,10769.587084444,71200,71700,71800,70800,0.0,71700,0,0
165,2023-09-15,14.587084443999629,10800.0,10814.587084444,71700,72000,72300,71400,0.0,72000,0,0
166,2023-09-18,14.587084443999629,10530.0,10544.587084444,71300,70200,71700,70200,0.0,70200,0,0
167,2023-09-19,14.587084443999629,10470.0,10484.587084444,70400,69800,70800,69600,0.0,69800,0,0
168,2023-09-20,14.587084443999629,10440.0,10454.587084444,70000,69600,70300,69500,0.0,69600,0,0
169,2023-09-21,10394.209293963999,0.0,10394.209293963999,69200,68900,69800,68800,-1.0,68900,0,0
170,2023-09-22,10394.209293963999,0.0,10394.209293963999,68300,68800,68900,68300,0.0,68800,0,0
171,2023-09-25,10394.209293963999,0.0,10394.209293963999,68500,69400,69700,68500,0.0,69400,0,0
172,2023-09-26,10394.209293963999,0.0,10394.209293963999,70000,68600,70000,68400,0.0,68600,0,0
173,2023-09-27,10394.209293963999,0.0,10394.209293963999,68600,68400,69100,68200,0.0,68400,0,0
174,2023-10-04,10394.209293963999,0.0,10394.209293963999,67400,67500,67700,66700,0.0,67500,0,0
175,2023-10-05,10394.209293963999,0.0,10394.209293963999,67300,66700,67400,66700,0.0,66700,0,0
176,2023-10-06,10394.209293963999,0.0,10394.209293963999,67100,66000,67300,66000,0.0,66000,0,0
177,2023-10-10,10394.209293963999,0.0,10394.209293963999,66200,66400,67600,66200,0.0,66400,0,0
178,2023-10-11,10394.209293963999,0.0,10394.209293963999,68600,68200,69400,67900,0.0,68200,0,0
179,2023-10-12,10394.209293963999,0.0,10394.209293963999,68600,68900,69700,68200,0.0,68900,0,0
180,2023-10-13,10394.209293963999,0.0,10394.209293963999,68000,68000,68500,67700,0.0,68000,0,0
181,2023-10-16,10394.209293963999,0.0,10394.209293963999,67900,67300,68500,66800,0.0,67300,0,0
182,2023-10-17,10394.209293963999,0.0,10394.209293963999,67700,69400,69900,67400,0.0,69400,0,0
183,2023-10-18,523.8492939639982,9870.000000000002,10393.849293964,68900,70500,70500,68800,1.0,70500,0,0
184,2023-10-19,523.8492939639982,9730.000000000002,10253.849293964,69700,69500,70000,69400,0.0,69500,0,0
185,2023-10-20,523.8492939639982,9632.000000000002,10155.849293964,68900,68800,69200,68100,0.0,68800,0,0
186,2023-10-23,523.8492939639982,9576.000000000002,10099.849293964,68700,68400,69100,68200,0.0,68400,0,0
187,2023-10-24,523.8492939639982,9590.000000000002,10113.849293964,68700,68500,68800,67700,0.0,68500,0,0
188,2023-10-25,10155.498727692,0.0,10155.498727692,68800,68000,68800,67900,-1.0,68000,0,0
189,2023-10-26,10155.498727692,0.0,10155.498727692,67000,66700,67900,66700,0.0,66700,0,0
190,2023-10-27,10155.498727692,0.0,10155.498727692,67100,67300,67300,66700,0.0,67300,0,0
191,2023-10-30,10155.498727692,0.0,10155.498727692,66800,67300,67800,66700,0.0,67300,0,0
192,2023-10-31,10155.498727692,0.0,10155.498727692,67600,66900,68300,66900,0.0,66900,0,0
193,2023-11-01,10155.498727692,0.0,10155.498727692,67500,68600,68900,67300,0.0,68600,0,0
194,2023-11-02,397.1387276919995,9758.000000000002,10155.138727692001,70000,69700,70000,69400,1.0,69700,0,0
195,2023-11-03,397.1387276919995,9744.000000000002,10141.138727692001,69700,69600,70200,69500,0.0,69600,0,0
196,2023-11-06,397.1387276919995,9926.000000000002,10323.138727692001,69800,70900,70900,69300,0.0,70900,0,0
197,2023-11-07,397.1387276919995,9926.000000000002,10323.138727692001,70600,70900,70900,70000,0.0,70900,0,0
198,2023-11-08,397.1387276919995,9786.000000000002,10183.138727692001,71300,69900,71400,69700,0.0,69900,0,0
199,2023-11-09,397.1387276919995,9842.000000000002,10239.138727692001,69900,70300,70800,69600,0.0,70300,0,0
200,2023-11-10,397.1387276919995,9870.000000000002,10267.138727692001,70000,70500,70500,69500,0.0,70500,0,0
201,2023-11-13,397.1387276919995,9856.000000000002,10253.138727692001,71300,70400,71300,70300,0.0,70400,0,0
202,2023-11-14,397.1387276919995,9912.000000000002,10309.138727692001,71000,70800,71100,70600,0.0,70800,0,0
203,2023-11-15,397.1387276919995,10108.000000000002,10505.138727692001,71600,72200,72200,71500,0.0,72200,0,0
204,2023-11-16,397.1387276919995,10192.000000000002,10589.138727692001,72500,72800,73000,72300,0.0,72800,0,0
205,2023-11-17,397.1387276919995,10150.000000000002,10547.138727692001,72300,72500,73000,72300,0.0,72500,0,0
206,2023-11-20,397.1387276919995,10178.000000000002,10575.138727692001,72100,72700,73000,72100,0.0,72700,0,0
207,2023-11-21,397.1387276919995,10192.000000000002,10589.138727692001,73100,72800,73400,72700,0.0,72800,0,0
208,2023-11-22,397.1387276919995,10192.000000000002,10589.138727692001,72200,72800,73000,71900,0.0,72800,0,0
209,2023-11-23,397.1387276919995,10136.000000000002,10533.138727692001,73000,72400,73200,72200,0.0,72400,0,0
210,2023-11-24,397.1387276919995,10038.000000000002,10435.138727692001,72400,71700,72600,71700,0.0,71700,0,0
211,2023-11-27,397.1387276919995,9982.000000000002,10379.138727692001,71500,71300,72100,71100,0.0,71300,0,0
212,2023-11-28,397.1387276919995,10178.000000000002,10575.138727692001,71400,72700,72700,71300,0.0,72700,0,0
213,2023-11-29,397.1387276919995,10178.000000000002,10575.138727692001,72400,72700,72800,72200,0.0,72700,0,0
214,2023-11-30,397.1387276919995,10192.000000000002,10589.138727692001,72700,72800,72800,72200,0.0,72800,0,0
215,2023-12-01,397.1387276919995,10080.000000000002,10477.138727692001,72400,72000,72500,71700,0.0,72000,0,0
216,2023-12-04,397.1387276919995,10164.000000000002,10561.138727692001,72800,72600,72900,72400,0.0,72600,0,0
217,2023-12-05,397.1387276919995,9968.000000000002,10365.138727692001,72300,71200,72400,71200,0.0,71200,0,0
218,2023-12-06,397.1387276919995,10038.000000000002,10435.138727692001,71800,71700,72100,71600,0.0,71700,0,0
219,2023-12-07,10448.2436751,0.0,10448.2436751,71800,71500,71900,71100,-1.0,71500,0,0
220,2023-12-08,283.8736750999997,10164.000000000002,10447.873675100001,72100,72600,72800,71900,1.0,72600,0,0
221,2023-12-11,283.8736750999997,10220.000000000002,10503.873675100001,72800,73000,73000,72200,0.0,73000,0,0
222,2023-12-12,283.8736750999997,10290.000000000002,10573.873675100001,73300,73500,73500,73100,0.0,73500,0,0
223,2023-12-13,283.8736750999997,10192.000000000002,10475.873675100001,73300,72800,73500,72800,0.0,72800,0,0
224,2023-12-14,283.8736750999997,10234.000000000002,10517.873675100001,74100,73100,74300,72500,0.0,73100,0,0
225,2023-12-15,283.8736750999997,10262.000000000002,10545.873675100001,73800,73300,74000,73200,0.0,73300,0,0
226,2023-12-18,283.8736750999997,10206.000000000002,10489.873675100001,73300,72900,73400,72800,0.0,72900,0,0
227,2023-12-19,283.8736750999997,10276.000000000002,10559.873675100001,73000,73400,73400,72800,0.0,73400,0,0
228,2023-12-20,283.8736750999997,10472.000000000002,10755.873675100001,74200,74800,74900,73800,0.0,74800,0,0
229,2023-12-21,283.8736750999997,10500.000000000002,10783.873675100001,74600,75000,75000,74300,0.0,75000,0,0
230,2023-12-22,283.8736750999997,10626.000000000002,10909.873675100001,75800,75900,76300,75400,0.0,75900,0,0
231,2023-12-26,283.8736750999997,10724.000000000002,11007.873675100001,76100,76600,76700,75700,0.0,76600,0,0
232,2023-12-27,283.8736750999997,10920.000000000002,11203.873675100001,76700,78000,78000,76500,0.0,78000,0,0
233,2023-12-28,283.8736750999997,10990.000000000002,11273.873675100001,77700,78500,78500,77500,0.0,78500,0,0
234,2024-01-02,283.8736750999997,11144.000000000002,11427.873675100001,78200,79600,79800,78200,0.0,79600,0,0
235,2024-01-03,283.8736750999997,10780.000000000002,11063.873675100001,78500,77000,78800,77000,0.0,77000,0,0
236,2024-01-04,283.8736750999997,10724.000000000002,11007.873675100001,76100,76600,77300,76100,0.0,76600,0,0
237,2024-01-05,283.8736750999997,10724.000000000002,11007.873675100001,76700,76600,77100,76400,0.0,76600,0,0
238,2024-01-08,283.8736750999997,10710.000000000002,10993.873675100001,77000,76500,77500,76400,0.0,76500,0,0
239,2024-01-09,283.8736750999997,10458.000000000002,10741.873675100001,77400,74700,77700,74300,0.0,74700,0,0
240,2024-01-10,10782.886717100002,0.0,10782.886717100002,75000,73600,75200,73200,-1.0,73600,0,0
241,2024-01-11,10782.886717100002,0.0,10782.886717100002,72900,73200,73600,72700,0.0,73200,0,0
242,2024-01-12,10782.886717100002,0.0,10782.886717100002,73000,73100,74100,72800,0.0,73100,0,0
243,2024-01-15,10782.886717100002,0.0,10782.886717100002,73200,73900,74000,73200,0.0,73900,0,0
244,2024-01-16,10782.886717100002,0.0,10782.886717100002,73500,72600,73700,72500,0.0,72600,0,0
245,2024-01-17,10782.886717100002,0.0,10782.886717100002,73100,71000,73300,71000,0.0,71000,0,0
246,2024-01-18,10782.886717100002,0.0,10782.886717100002,71600,71700,72000,70700,0.0,71700,0,0
247,2024-01-19,10782.886717100002,0.0,10782.886717100002,73500,74700,74700,73000,0.0,74700,0,0
248,2024-01-22,10782.886717100002,0.0,10782.886717100002,75900,75100,76000,75000,0.0,75100,0,0
249,2024-01-23,10782.886717100002,0.0,10782.886717100002,75700,75200,75800,74300,0.0,75200,0,0
250,2024-01-24,10782.886717100002,0.0,10782.886717100002,75200,74000,75200,73500,0.0,74000,0,0
251,2024-01-25,10782.886717100002,0.0,10782.886717100002,74200,74100,74800,73700,0.0,74100,0,0
252,2024-01-26,10782.886717100002,0.0,10782.886717100002,73700,73400,74500,73300,0.0,73400,0,0
253,2024-01-29,10782.886717100002,0.0,10782.886717100002,73800,74400,75200,73500,0.0,74400,0,0
254,2024-01-30,10782.886717100002,0.0,10782.886717100002,75000,74300,75300,73700,0.0,74300,0,0
255,2024-01-31,10782.886717100002,0.0,10782.886717100002,73400,72700,74000,72500,0.0,72700,0,0
256,2024-02-01,10782.886717100002,0.0,10782.886717100002,73000,73600,74200,72900,0.0,73600,0,0
257,2024-02-02,254.5067171000028,10528.000000000002,10782.506717100005,74000,75200,75200,73700,1.0,75200,0,0
258,2024-02-05,254.5067171000028,10402.000000000002,10656.506717100005,74200,74300,74800,73500,0.0,74300,0,0
259,2024-02-06,254.5067171000028,10416.000000000002,10670.506717100005,74300,74400,74700,73300,0.0,74400,0,0
260,2024-02-07,254.5067171000028,10500.000000000002,10754.506717100005,74600,75000,75500,74300,0.0,75000,0,0
261,2024-02-08,254.5067171000028,10374.000000000002,10628.506717100005,75000,74100,75200,73600,0.0,74100,0,0
262,2024-02-13,254.5067171000028,10528.000000000002,10782.506717100005,74800,75200,75200,74400,0.0,75200,0,0
263,2024-02-14,254.5067171000028,10360.000000000002,10614.506717100005,73700,74000,74300,73700,0.0,74000,0,0
264,2024-02-15,10642.128635452003,0.0,10642.128635452003,74200,73000,74400,73000,-1.0,73000,0,0
265,2024-02-16,10642.128635452003,0.0,10642.128635452003,73300,72800,73400,72500,0.0,72800,0,0
266,2024-02-19,10642.128635452003,0.0,10642.128635452003,72800,73800,73900,72800,0.0,73800,0,0
267,2024-02-20,10642.128635452003,0.0,10642.128635452003,73700,73300,73700,72800,0.0,73300,0,0
268,2024-02-21,10642.128635452003,0.0,10642.128635452003,73400,73000,73700,72900,0.0,73000,0,0
269,2024-02-22,10642.128635452003,0.0,10642.128635452003,73800,73100,73900,72700,0.0,73100,0,0
270,2024-02-23,10642.128635452003,0.0,10642.128635452003,73600,72900,74200,72900,0.0,72900,0,0
271,2024-02-26,10642.128635452003,0.0,10642.128635452003,72300,72800,73200,72200,0.0,72800,0,0
272,2024-02-27,10642.128635452003,0.0,10642.128635452003,73100,72900,73400,72700,0.0,72900,0,0
273,2024-02-28,10642.128635452003,0.0,10642.128635452003,72900,73200,73900,72800,0.0,73200,0,0
274,2024-02-29,10642.128635452003,0.0,10642.128635452003,72600,73400,73400,72000,0.0,73400,0,0
275,2024-03-04,155.74863545200424,10486.000000000002,10641.748635452006,74300,74900,75000,74000,1.0,74900,0,0
276,2024-03-05,155.74863545200424,10318.000000000002,10473.748635452006,74600,73700,74800,73700,0.0,73700,0,0
277,2024-03-06,10403.375649244006,0.0,10403.375649244006,73200,72900,73500,72700,-1.0,72900,0,0
278,2024-03-07,10403.375649244006,0.0,10403.375649244006,73100,72200,73300,72200,0.0,72200,0,0
279,2024-03-08,10403.375649244006,0.0,10403.375649244006,72800,73300,73400,72600,0.0,73300,0,0
280,2024-03-11,10403.375649244006,0.0,10403.375649244006,72900,72400,73100,72300,0.0,72400,0,0
281,2024-03-12,10403.375649244006,0.0,10403.375649244006,72600,73300,73500,72100,0.0,73300,0,0
282,2024-03-13,28.995649244006927,10374.000000000002,10402.995649244009,73700,74100,74100,73500,1.0,74100,0,0
283,2024-03-14,28.995649244006927,10402.000000000002,10430.995649244009,74400,74300,74500,73600,0.0,74300,0,0
284,2024-03-15,10304.621643948009,0.0,10304.621643948009,73400,72300,73700,72300,-1.0,72300,0,0
285,2024-03-18,10304.621643948009,0.0,10304.621643948009,72600,72800,73000,72500,0.0,72800,0,0
286,2024-03-19,10304.621643948009,0.0,10304.621643948009,72300,72800,73000,71700,0.0,72800,0,0
287,2024-03-20,307.261643948008,9997.0,10304.261643948008,73700,76900,77200,73400,1.0,76900,0,0
288,2024-03-21,307.261643948008,10309.0,10616.261643948008,79200,79300,79300,77700,0.0,79300,0,0
289,2024-03-22,307.261643948008,10257.0,10564.261643948008,79600,78900,79900,77800,0.0,78900,0,0
290,2024-03-25,307.261643948008,10166.0,10473.261643948008,79600,78200,79800,77800,0.0,78200,0,0
291,2024-03-26,307.261643948008,10387.0,10694.261643948008,79700,79900,80100,79200,0.0,79900,0,0
292,2024-03-27,307.261643948008,10374.0,10681.261643948008,79200,79800,80000,79200,0.0,79800,0,0
293,2024-03-28,307.261643948008,10504.0,10811.261643948008,79400,80800,81000,79200,0.0,80800,0,0
294,2024-03-29,307.261643948008,10712.0,11019.261643948008,81200,82400,82500,80900,0.0,82400,0,0
295,2024-04-01,307.261643948008,10660.0,10967.261643948008,83200,82000,83300,82000,0.0,82000,0,0
296,2024-04-02,307.261643948008,11050.0,11357.261643948008,82900,85000,85000,82900,0.0,85000,0,0
297,2024-04-03,307.261643948008,10933.0,11240.261643948008,84300,84100,85000,83500,0.0,84100,0,0
298,2024-04-04,307.261643948008,11089.0,11396.261643948008,85200,85300,85500,84300,0.0,85300,0,0
299,2024-04-05,307.261643948008,10985.0,11292.261643948008,84500,84500,85000,83800,0.0,84500,0,0
300,2024-04-08,307.261643948008,10985.0,11292.261643948008,85200,84500,86000,84500,0.0,84500,0,0
301,2024-04-09,307.261643948008,10868.0,11175.261643948008,84500,83600,84900,83100,0.0,83600,0,0
302,2024-04-11,307.261643948008,10933.0,11240.261643948008,83200,84100,84700,82500,0.0,84100,0,0
303,2024-04-12,307.261643948008,10881.0,11188.261643948008,84700,83700,84900,83200,0.0,83700,0,0
304,2024-04-15,307.261643948008,10686.0,10993.261643948008,82900,82200,83200,81200,0.0,82200,0,0
305,2024-04-16,307.261643948008,10400.0,10707.261643948008,81200,80000,81300,79400,0.0,80000,0,0
306,2024-04-17,10796.990613512007,0.0,10796.990613512007,80700,78900,80800,78900,-1.0,78900,0,0
307,2024-04-18,10796.990613512007,0.0,10796.990613512007,78800,79600,80100,78300,0.0,79600,0,0
308,2024-04-19,10796.990613512007,0.0,10796.990613512007,78300,77600,78700,76300,0.0,77600,0,0
309,2024-04-22,10796.990613512007,0.0,10796.990613512007,77400,76100,77500,75100,0.0,76100,0,0
310,2024-04-23,10796.990613512007,0.0,10796.990613512007,76400,75500,76800,75500,0.0,75500,0,0
311,2024-04-24,10796.990613512007,0.0,10796.990613512007,77500,78600,78800,77200,0.0,78600,0,0
312,2024-04-25,10796.990613512007,0.0,10796.990613512007,77300,76300,77500,76300,0.0,76300,0,0
313,2024-04-26,10796.990613512007,0.0,10796.990613512007,77800,76700,77900,76500,0.0,76700,0,0
314,2024-04-29,10796.990613512007,0.0,10796.990613512007,77400,76700,77600,76200,0.0,76700,0,0
315,2024-04-30,10796.990613512007,0.0,10796.990613512007,77000,77500,78500,76600,0.0,77500,0,0
316,2024-05-02,10796.990613512007,0.0,10796.990613512007,77600,78000,78600,77300,0.0,78000,0,0
317,2024-05-03,10796.990613512007,0.0,10796.990613512007,79000,77600,79000,77500,0.0,77600,0,0
318,2024-05-07,10796.990613512007,0.0,10796.990613512007,79600,81300,81300,79400,0.0,81300,0,0
319,2024-05-08,227.61061351200806,10569.0,10796.610613512008,80800,81300,81400,80500,1.0,81300,0,0
320,2024-05-09,227.61061351200806,10361.0,10588.610613512008,81100,79700,81500,79700,0.0,79700,0,0
321,2024-05-10,227.61061351200806,10296.0,10523.610613512008,80400,79200,81100,78900,0.0,79200,0,0
322,2024-05-13,227.61061351200806,10192.0,10419.610613512008,79400,78400,79900,77600,0.0,78400,0,0
323,2024-05-14,227.61061351200806,10179.0,10406.610613512008,78600,78300,78800,77900,0.0,78300,0,0
324,2024-05-16,10653.231148816007,0.0,10653.231148816007,80200,78200,80300,78100,-1.0,78200,0,0
325,2024-05-17,10653.231148816007,0.0,10653.231148816007,78600,77400,78800,77200,0.0,77400,0,0
326,2024-05-20,10653.231148816007,0.0,10653.231148816007,78100,78900,79100,77900,0.0,78900,0,0
327,2024-05-21,10653.231148816007,0.0,10653.231148816007,78500,78400,79000,78200,0.0,78400,0,0
328,2024-05-22,10653.231148816007,0.0,10653.231148816007,78100,77700,78700,77300,0.0,77700,0,0
329,2024-05-23,10653.231148816007,0.0,10653.231148816007,77700,78300,79100,77100,0.0,78300,0,0
330,2024-05-24,10653.231148816007,0.0,10653.231148816007,76800,75900,77000,75700,0.0,75900,0,0
331,2024-05-27,10653.231148816007,0.0,10653.231148816007,75300,77200,78200,74000,0.0,77200,0,0
332,2024-05-28,10653.231148816007,0.0,10653.231148816007,76500,77600,78000,76200,0.0,77600,0,0
333,2024-05-29,10653.231148816007,0.0,10653.231148816007,77700,75200,78200,75200,0.0,75200,0,0
334,2024-05-30,10653.231148816007,0.0,10653.231148816007,74800,73500,75200,73500,0.0,73500,0,0
335,2024-05-31,10653.231148816007,0.0,10653.231148816007,74500,73500,74700,73500,0.0,73500,0,0
336,2024-06-03,10653.231148816007,0.0,10653.231148816007,74400,75700,76400,74200,0.0,75700,0,0
337,2024-06-04,10653.231148816007,0.0,10653.231148816007,74900,75300,76100,74900,0.0,75300,0,0
338,2024-06-05,10653.231148816007,0.0,10653.231148816007,78000,77400,78000,76800,0.0,77400,0,0
339,2024-06-07,10653.231148816007,0.0,10653.231148816007,78400,77300,78600,77100,0.0,77300,0,0
340,2024-06-10,10653.231148816007,0.0,10653.231148816007,76100,75700,76600,75600,0.0,75700,0,0
341,2024-06-11,10653.231148816007,0.0,10653.231148816007,75900,75200,76000,75100,0.0,75200,0,0
342,2024-06-12,10653.231148816007,0.0,10653.231148816007,75300,76500,77100,75200,0.0,76500,0,0
343,2024-06-13,434.8611488160059,10218.0,10652.861148816006,78400,78600,79000,77800,1.0,78600,0,0
344,2024-06-14,434.8611488160059,10348.0,10782.861148816006,79700,79600,80500,79000,0.0,79600,0,0
345,2024-06-17,434.8611488160059,10153.0,10587.861148816006,79200,78100,79500,78000,0.0,78100,0,0
346,2024-06-18,434.8611488160059,10374.0,10808.861148816006,78700,79800,80200,78600,0.0,79800,0,0
347,2024-06-19,434.8611488160059,10556.0,10990.861148816006,81100,81200,82500,80500,0.0,81200,0,0
348,2024-06-20,434.8611488160059,10608.0,11042.861148816006,81500,81600,82200,81200,0.0,81600,0,0
349,2024-06-21,434.8611488160059,10400.0,10834.861148816006,80700,80000,80800,80000,0.0,80000,0,0
350,2024-06-24,434.8611488160059,10478.0,10912.861148816006,79700,80600,80900,79500,0.0,80600,0,0
351,2024-06-25,434.8611488160059,10504.0,10938.861148816006,80600,80800,81800,80100,0.0,80800,0,0
352,2024-06-26,434.8611488160059,10569.0,11003.861148816006,80100,81300,81400,79900,0.0,81300,0,0
353,2024-06-27,434.8611488160059,10608.0,11042.861148816006,81300,81600,81600,80500,0.0,81600,0,0
354,2024-06-28,434.8611488160059,10595.0,11029.861148816006,81900,81500,81900,80800,0.0,81500,0,0
355,2024-07-01,434.8611488160059,10634.0,11068.861148816006,81500,81800,82100,81300,0.0,81800,0,0
356,2024-07-02,434.8611488160059,10634.0,11068.861148816006,82500,81800,82600,81500,0.0,81800,0,0
357,2024-07-03,434.8611488160059,10634.0,11068.861148816006,82300,81800,82300,81000,0.0,81800,0,0
358,2024-07-04,434.8611488160059,10998.0,11432.861148816006,82900,84600,84700,82400,0.0,84600,0,0
359,2024-07-05,434.8611488160059,11323.0,11757.861148816006,85600,87100,87100,85200,0.0,87100,0,0
360,2024-07-08,434.8611488160059,11362.0,11796.861148816006,87900,87400,88600,86900,0.0,87400,0,0
361,2024-07-09,434.8611488160059,11414.0,11848.861148816006,87800,87800,88200,86900,0.0,87800,0,0
362,2024-07-10,434.8611488160059,11414.0,11848.861148816006,87600,87800,88000,87100,0.0,87800,0,0
363,2024-07-11,434.8611488160059,11388.0,11822.861148816006,88500,87600,88800,86700,0.0,87600,0,0
364,2024-07-12,434.8611488160059,10972.0,11406.861148816006,85900,84400,86100,84100,0.0,84400,0,0
365,2024-07-15,434.8611488160059,11271.0,11705.861148816006,84700,86700,87300,84100,0.0,86700,0,0
366,2024-07-16,434.8611488160059,11401.0,11835.861148816006,86900,87700,88000,86700,0.0,87700,0,0
367,2024-07-17,434.8611488160059,11271.0,11705.861148816006,87100,86700,88000,86400,0.0,86700,0,0
368,2024-07-18,434.8611488160059,11297.0,11731.861148816006,83800,86900,86900,83800,0.0,86900,0,0
369,2024-07-19,434.8611488160059,10972.0,11406.861148816006,85600,84400,86100,84100,0.0,84400,0,0
370,2024-07-22,434.8611488160059,10790.0,11224.861148816006,84400,83000,84900,82600,0.0,83000,0,0
371,2024-07-23,11379.152358200005,0.0,11379.152358200005,84200,83900,84700,83400,-1.0,83900,0,0
372,2024-07-24,11379.152358200005,0.0,11379.152358200005,82900,82000,83300,81900,0.0,82000,0,0
373,2024-07-25,11379.152358200005,0.0,11379.152358200005,80400,80400,81000,80100,0.0,80400,0,0
374,2024-07-26,11379.152358200005,0.0,11379.152358200005,80700,80900,81300,80400,0.0,80900,0,0
375,2024-07-29,11379.152358200005,0.0,11379.152358200005,81600,81200,82000,81100,0.0,81200,0,0
376,2024-07-30,11379.152358200005,0.0,11379.152358200005,80400,81000,81000,80000,0.0,81000,0,0
377,2024-07-31,11379.152358200005,0.0,11379.152358200005,81200,83900,83900,80900,0.0,83900,0,0
378,2024-08-01,11379.152358200005,0.0,11379.152358200005,86000,83100,86100,83100,0.0,83100,0,0
379,2024-08-02,11379.152358200005,0.0,11379.152358200005,81000,79600,81400,79500,0.0,79600,0,0
380,2024-08-05,11379.152358200005,0.0,11379.152358200005,76700,71400,76900,70200,0.0,71400,0,0
381,2024-08-06,11379.152358200005,0.0,11379.152358200005,74900,72500,75300,72300,0.0,72500,0,0
382,2024-08-07,11379.152358200005,0.0,11379.152358200005,73000,74700,76000,72800,0.0,74700,0,0
383,2024-08-08,11379.152358200005,0.0,11379.152358200005,73200,73400,73900,72500,0.0,73400,0,0
384,2024-08-09,11379.152358200005,0.0,11379.152358200005,75700,74700,75800,74200,0.0,74700,0,0
385,2024-08-12,11379.152358200005,0.0,11379.152358200005,75200,75500,75900,74800,0.0,75500,0,0
386,2024-08-13,11379.152358200005,0.0,11379.152358200005,76500,76100,76600,75500,0.0,76100,0,0
387,2024-08-14,11379.152358200005,0.0,11379.152358200005,77400,77200,77800,77000,0.0,77200,0,0
388,2024-08-16,11379.152358200005,0.0,11379.152358200005,79400,80200,80200,78700,0.0,80200,0,0
389,2024-08-19,11379.152358200005,0.0,11379.152358200005,80100,78300,80100,78000,0.0,78300,0,0
390,2024-08-20,332.7523582000049,11046.000000000002,11378.752358200007,79500,78900,79800,78700,1.0,78900,0,0
391,2024-08-21,332.7523582000049,10962.000000000002,11294.752358200007,77900,78300,78600,77800,0.0,78300,0,0
392,2024-08-22,332.7523582000049,10962.000000000002,11294.752358200007,78700,78300,78900,77800,0.0,78300,0,0
393,2024-08-23,332.7523582000049,10878.000000000002,11210.752358200007,77700,77700,78400,77500,0.0,77700,0,0
394,2024-08-26,11266.354404336007,0.0,11266.354404336007,78100,76100,78200,76000,-1.0,76100,0,0
395,2024-08-27,11266.354404336007,0.0,11266.354404336007,75700,75800,76500,75600,0.0,75800,0,0
396,2024-08-28,11266.354404336007,0.0,11266.354404336007,75800,76400,76400,75400,0.0,76400,0,0
397,2024-08-29,11266.354404336007,0.0,11266.354404336007,73600,74000,74700,73500,0.0,74000,0,0
398,2024-08-30,11266.354404336007,0.0,11266.354404336007,74400,74300,75000,74100,0.0,74300,0,0
399,2024-09-02,11266.354404336007,0.0,11266.354404336007,74500,74400,74700,73500,0.0,74400,0,0
400,2024-09-03,11266.354404336007,0.0,11266.354404336007,74100,72500,74300,72500,0.0,72500,0,0
401,2024-09-04,11266.354404336007,0.0,11266.354404336007,69800,70000,71100,69800,0.0,70000,0,0
402,2024-09-05,11266.354404336007,0.0,11266.354404336007,70100,69000,71200,69000,0.0,69000,0,0
403,2024-09-06,11266.354404336007,0.0,11266.354404336007,69100,68900,69700,68000,0.0,68900,0,0
404,2024-09-09,11266.354404336007,0.0,11266.354404336007,66900,67500,68200,66600,0.0,67500,0,0
405,2024-09-10,11266.354404336007,0.0,11266.354404336007,67000,66200,67300,66000,0.0,66200,0,0
406,2024-09-11,11266.354404336007,0.0,11266.354404336007,65100,64900,65500,64200,0.0,64900,0,0
407,2024-09-12,11266.354404336007,0.0,11266.354404336007,66000,66300,66600,65200,0.0,66300,0,0
408,2024-09-13,11266.354404336007,0.0,11266.354404336007,65000,64400,65500,64300,0.0,64400,0,0
409,2024-09-19,11266.354404336007,0.0,11266.354404336007,64000,63100,64400,62200,0.0,63100,0,0
410,2024-09-20,11266.354404336007,0.0,11266.354404336007,63800,63000,64700,63000,0.0,63000,0,0
411,2024-09-23,11266.354404336007,0.0,11266.354404336007,62300,62600,63500,62200,0.0,62600,0,0
412,2024-09-24,11266.354404336007,0.0,11266.354404336007,62800,63200,63400,62400,0.0,63200,0,0
413,2024-09-25,11266.354404336007,0.0,11266.354404336007,63800,62200,64200,62200,0.0,62200,0,0
414,2024-09-26,11266.354404336007,0.0,11266.354404336007,63900,64700,64900,63700,0.0,64700,0,0
415,2024-09-27,11266.354404336007,0.0,11266.354404336007,64700,64200,65400,64200,0.0,64200,0,0
416,2024-09-30,11266.354404336007,0.0,11266.354404336007,64200,61500,64300,61500,0.0,61500,0,0
417,2024-10-02,11266.354404336007,0.0,11266.354404336007,60500,61300,61900,59900,0.0,61300,0,0
418,2024-10-04,11266.354404336007,0.0,11266.354404336007,61000,60600,61700,60500,0.0,60600,0,0
419,2024-10-07,11266.354404336007,0.0,11266.354404336007,60200,61000,61900,59500,0.0,61000,0,0
420,2024-10-08,11266.354404336007,0.0,11266.354404336007,60000,60300,61000,59900,0.0,60300,0,0
421,2024-10-10,11266.354404336007,0.0,11266.354404336007,60100,58900,60200,58900,0.0,58900,0,0
422,2024-10-11,11266.354404336007,0.0,11266.354404336007,59100,59300,60100,59000,0.0,59300,0,0
423,2024-10-14,11266.354404336007,0.0,11266.354404336007,59500,60800,61200,59400,0.0,60800,0,0
424,2024-10-15,11266.354404336007,0.0,11266.354404336007,61100,61000,61400,60100,0.0,61000,0,0
425,2024-10-16,11266.354404336007,0.0,11266.354404336007,59400,59500,60000,59200,0.0,59500,0,0
426,2024-10-17,11266.354404336007,0.0,11266.354404336007,59400,59700,60100,59100,0.0,59700,0,0
427,2024-10-18,11266.354404336007,0.0,11266.354404336007,59900,59200,60100,59100,0.0,59200,0,0
428,2024-10-21,11266.354404336007,0.0,11266.354404336007,59000,59000,59600,58500,0.0,59000,0,0
429,2024-10-22,11266.354404336007,0.0,11266.354404336007,58800,57700,58900,57700,0.0,57700,0,0
430,2024-10-23,11266.354404336007,0.0,11266.354404336007,57500,59100,60000,57100,0.0,59100,0,0
431,2024-10-24,11266.354404336007,0.0,11266.354404336007,58200,56600,58500,56600,0.0,56600,0,0
432,2024-10-25,11266.354404336007,0.0,11266.354404336007,56000,55900,56900,55800,0.0,55900,0,0
433,2024-10-28,11266.354404336007,0.0,11266.354404336007,55700,58100,58500,55700,0.0,58100,0,0
434,2024-10-29,11266.354404336007,0.0,11266.354404336007,58000,59600,59600,57300,0.0,59600,0,0
435,2024-10-30,11266.354404336007,0.0,11266.354404336007,59100,59100,59800,58600,0.0,59100,0,0
436,2024-10-31,11266.354404336007,0.0,11266.354404336007,58500,59200,61200,58300,0.0,59200,0,0
437,2024-11-01,11266.354404336007,0.0,11266.354404336007,59000,58300,59600,58100,0.0,58300,0,0
438,2024-11-04,11266.354404336007,0.0,11266.354404336007,58600,58700,59400,58400,0.0,58700,0,0
439,2024-11-05,11266.354404336007,0.0,11266.354404336007,57800,57600,58100,57200,0.0,57600,0,0
440,2024-11-06,11266.354404336007,0.0,11266.354404336007,57600,57300,58000,56300,0.0,57300,0,0
441,2024-11-07,11266.354404336007,0.0,11266.354404336007,56900,57500,58100,56800,0.0,57500,0,0
442,2024-11-08,11266.354404336007,0.0,11266.354404336007,58000,57000,58300,57000,0.0,57000,0,0
443,2024-11-11,11266.354404336007,0.0,11266.354404336007,56700,55000,56800,55000,0.0,55000,0,0
444,2024-11-12,11266.354404336007,0.0,11266.354404336007,54600,53000,54600,53000,0.0,53000,0,0
445,2024-11-13,11266.354404336007,0.0,11266.354404336007,52000,50600,53000,50500,0.0,50600,0,0
446,2024-11-14,11266.354404336007,0.0,11266.354404336007,50200,49900,51800,49900,0.0,49900,0,0
447,2024-11-15,11266.354404336007,0.0,11266.354404336007,50300,53500,54200,50300,0.0,53500,0,0
448,2024-11-18,11266.354404336007,0.0,11266.354404336007,57000,56700,57500,55900,0.0,56700,0,0
449,2024-11-19,11266.354404336007,0.0,11266.354404336007,56500,56300,57500,55900,0.0,56300,0,0
450,2024-11-20,11266.354404336007,0.0,11266.354404336007,56100,55300,56500,54800,0.0,55300,0,0
451,2024-11-21,11266.354404336007,0.0,11266.354404336007,54900,56400,56900,54700,0.0,56400,0,0
452,2024-11-22,11266.354404336007,0.0,11266.354404336007,56000,56000,56700,55900,0.0,56000,0,0
453,2024-11-25,264.9544043360074,11001.0,11265.954404336007,57400,57900,57900,56700,1.0,57900,0,0
454,2024-11-26,264.9544043360074,11077.0,11341.954404336007,57900,58300,58900,57500,0.0,58300,0,0
455,2024-11-27,264.9544043360074,10697.0,10961.954404336007,57700,56300,57800,56000,0.0,56300,0,0
456,2024-11-28,264.9544043360074,10545.0,10809.954404336007,56000,55500,56400,55200,0.0,55500,0,0
457,2024-11-29,10733.573374612008,0.0,10733.573374612008,55100,54200,55300,53800,-1.0,54200,0,0
458,2024-12-02,10733.573374612008,0.0,10733.573374612008,54300,53600,54400,53100,0.0,53600,0,0
459,2024-12-03,10733.573374612008,0.0,10733.573374612008,53100,53600,54400,53100,0.0,53600,0,0
460,2024-12-04,10733.573374612008,0.0,10733.573374612008,52000,53100,53400,52000,0.0,53100,0,0
461,2024-12-05,10733.573374612008,0.0,10733.573374612008,53200,53700,54400,53200,0.0,53700,0,0
462,2024-12-06,10733.573374612008,0.0,10733.573374612008,53900,54100,54400,52700,0.0,54100,0,0
463,2024-12-09,10733.573374612008,0.0,10733.573374612008,53500,53400,54600,53200,0.0,53400,0,0
464,2024-12-10,10733.573374612008,0.0,10733.573374612008,54500,54000,54500,53700,0.0,54000,0,0
465,2024-12-11,10733.573374612008,0.0,10733.573374612008,53600,54000,54200,53400,0.0,54000,0,0
466,2024-12-12,10733.573374612008,0.0,10733.573374612008,54000,55900,56500,53900,0.0,55900,0,0
467,2024-12-13,74.18337461200827,10659.0,10733.183374612008,55800,56100,56300,55500,1.0,56100,0,0
468,2024-12-16,74.18337461200827,10564.0,10638.183374612008,56300,55600,56600,55200,0.0,55600,0,0
469,2024-12-17,74.18337461200827,10298.0,10372.183374612008,54700,54200,55200,54000,0.0,54200,0,0
470,2024-12-18,74.18337461200827,10431.0,10505.183374612008,54100,54900,55400,54000,0.0,54900,0,0
471,2024-12-19,10238.813409272008,0.0,10238.813409272008,53500,53100,53800,53100,-1.0,53100,0,0
472,2024-12-20,10238.813409272008,0.0,10238.813409272008,52700,53000,53100,51900,0.0,53000,0,0
473,2024-12-23,10238.813409272008,0.0,10238.813409272008,53400,53500,54000,53300,0.0,53500,0,0
474,2024-12-24,10238.813409272008,0.0,10238.813409272008,53700,54400,54500,53600,0.0,54400,0,0
475,2024-12-26,10238.813409272008,0.0,10238.813409272008,54500,53600,54600,53500,0.0,53600,0,0
476,2024-12-27,10238.813409272008,0.0,10238.813409272008,53500,53700,54100,53200,0.0,53700,0,0
477,2024-12-30,10238.813409272008,0.0,10238.813409272008,53300,53200,54000,53100,0.0,53200,0,0
478,2025-01-02,10238.813409272008,0.0,10238.813409272008,52700,53400,53600,52300,0.0,53400,0,0
479,2025-01-03,10238.813409272008,0.0,10238.813409272008,52800,54400,55100,52800,0.0,54400,0,0
480,2025-01-06,176.44340927200756,10062.0,10238.443409272008,54400,55900,56200,54300,1.0,55900,0,0
481,2025-01-07,176.44340927200756,9972.0,10148.443409272008,56800,55400,57300,55400,0.0,55400,0,0
482,2025-01-08,176.44340927200756,10314.0,10490.443409272008,54800,57300,57500,54700,0.0,57300,0,0
483,2025-01-09,176.44340927200756,10098.0,10274.443409272008,57600,56100,57700,56100,0.0,56100,0,0
484,2025-01-10,176.44340927200756,9954.0,10130.443409272008,56100,55300,56500,55200,0.0,55300,0,0
485,2025-01-13,176.44340927200756,9738.0,9914.443409272008,54600,54100,55000,54100,0.0,54100,0,0
486,2025-01-14,176.44340927200756,9702.0,9878.443409272008,54200,53900,54600,53700,0.0,53900,0,0
487,2025-01-15,9914.088985024007,0.0,9914.088985024007,54100,53700,54700,53500,-1.0,53700,0,0
488,2025-01-16,9914.088985024007,0.0,9914.088985024007,54200,54300,55000,54100,0.0,54300,0,0
489,2025-01-17,9914.088985024007,0.0,9914.088985024007,53800,53700,54100,53200,0.0,53700,0,0
490,2025-01-20,9914.088985024007,0.0,9914.088985024007,53600,53400,53900,53300,0.0,53400,0,0
491,2025-01-21,9914.088985024007,0.0,9914.088985024007,53700,53500,54300,53300,0.0,53500,0,0
492,2025-01-22,9914.088985024007,0.0,9914.088985024007,53400,54300,54400,53100,0.0,54300,0,0
493,2025-01-23,9914.088985024007,0.0,9914.088985024007,53700,53700,54100,53500,0.0,53700,0,0
494,2025-01-24,9914.088985024007,0.0,9914.088985024007,53600,53700,53800,53200,0.0,53700,0,0
495,2025-01-31,9914.088985024007,0.0,9914.088985024007,52200,52400,53000,51700,0.0,52400,0,0
496,2025-02-03,9914.088985024007,0.0,9914.088985024007,51100,51000,51400,50800,0.0,51000,0,0
497,2025-02-04,9914.088985024007,0.0,9914.088985024007,51600,52700,53600,51500,0.0,52700,0,0
498,2025-02-05,9914.088985024007,0.0,9914.088985024007,53600,52900,53800,52800,0.0,52900,0,0
499,2025-02-06,9914.088985024007,0.0,9914.088985024007,53400,54000,54000,53200,0.0,54000,0,0
500,2025-02-07,9914.088985024007,0.0,9914.088985024007,53900,53700,54200,53600,0.0,53700,0,0
501,2025-02-10,461.7489850240072,9452.0,9913.748985024007,53000,55600,55900,52900,1.0,55600,0,0
502,2025-02-11,461.7489850240072,9469.0,9930.748985024007,55500,55700,56300,55000,0.0,55700,0,0
503,2025-02-12,461.7489850240072,9486.0,9947.748985024007,55100,55800,55900,54500,0.0,55800,0,0
504,2025-02-13,461.7489850240072,9486.0,9947.748985024007,56100,55800,56400,55600,0.0,55800,0,0
505,2025-02-14,461.7489850240072,9520.0,9981.748985024007,56000,56000,57300,56000,0.0,56000,0,0
506,2025-02-17,461.7489850240072,9520.0,9981.748985024007,56100,56000,56500,55700,0.0,56000,0,0
507,2025-02-18,461.7489850240072,9673.0,10134.748985024007,56200,56900,57200,55900,0.0,56900,0,0
508,2025-02-19,461.7489850240072,9979.0,10440.748985024007,57400,58700,58900,57300,0.0,58700,0,0
509,2025-02-20,461.7489850240072,9928.0,10389.748985024007,59100,58400,59100,58100,0.0,58400,0,0
510,2025-02-21,461.7489850240072,9894.0,10355.748985024007,58400,58200,58500,57100,0.0,58200,0,0
